corpus: | 10.0 | | 10.0 **10.0**223865 | 10.0 | | 10.0 **10.0**chunks | 10.0 | | 10.0 **10.0**from | 10.0 | | 10.0 **10.0**benchmarks/calib/blended-corpus.txt
GPU: | 10.0 | | 10.0 **10.0**gfx942 | 10.0 | | 10.0 **10.0**(205.8 | 10.0 | | 10.0 **10.0**GB | 10.0 | | 10.0 **10.0**VRAM, | 10.0 | | 10.0 **10.0**HIP | 10.0 | | 10.0 **10.0**7.2)
[rocblas] | 10.0 | | 10.0 **10.0**loaded | 10.0 | | 10.0 **10.0**for | 10.0 | | 10.0 **10.0**gfx942
 | 10.0 | | 10.0 **10.0** | 10.0 | | 10.0 **10.0**loading | 10.0 | | 10.0 **10.0**token_embd...
 | 10.0 | | 10.0 **10.0** | 10.0 | | 10.0 **10.0** | 10.0 | | 10.0 **10.0** | 10.0 | | 10.0 **10.0**(Q8_0 | 10.0 | | 10.0 **10.0**raw, | 10.0 | | 10.0 **10.0**540 | 10.0 | | 10.0 **10.0**MB)
 | 10.0 | | 10.0 **10.0** | 10.0 | | 10.0 **10.0**loading | 10.0 | | 10.0 **10.0**output_norm...
 | 10.0 | | 10.0 **10.0** | 10.0 | | 10.0 **10.0**loading | 10.0 | | 10.0 **10.0**output | 10.0 | | 10.0 **10.0**(separate | 10.0 | | 10.0 **10.0**lm_head, | 10.0 | | 10.0 **10.0**qt=13)...
 | 10.0 | | 10.0 **10.0** | 10.0 | | 10.0 **10.0**loading | 10.0 | | 10.0 **10.0**layer | 10.0 | | 10.0 **10.0**0/40 | 10.0 | | 10.0 **10.0**(LinearAttention | 10.0 | | 10.0 **10.0**+ | 10.0 | | 10.0 **10.0**MoE)...
 | 10.0 | | 10.0 **10.0** | 10.0 | | 10.0 **10.0**loading | 10.0 | | 10.0 **10.0**layer | 10.0 | | 10.0 **10.0**1/40 | 10.0 | | 10.0 **10.0**(LinearAttention | 10.0 | | 10.0 **10.0**+ | 10.0 | | 10.0 **10.0**MoE)...
 | 10.0 | | 10.0 **10.0** | 10.0 | | 10.0 **10.0**loading | 10.0 | | 10.0 **10.0**layer | 10.0 | | 10.0 **10.0**2/40 | 10.0 | | 10.0 **10.0**(LinearAttention | 10.0 | | 10.0 **10.0**+ | 10.0 | | 10.0 **10.0**MoE)...
 | 10.0 | | 10.0 **10.0** | 10.0 | | 10.0 **10.0**loading | 10.0 | | 10.0 **10.0**layer | 10.0 | | 10.0 **10.0**3/40 | 10.0 | | 10.0 **10.0**(FullAttention | 10.0 | | 10.0 **10.0**+ | 10.0 | | 10.0 **10.0**MoE)...
 | 10.0 | | 10.0 **10.0** | 10.0 | | 10.0 **10.0**loading | 10.0 | | 10.0 **10.0**layer | 10.0 | | 10.0 **10.0**4/40 | 10.0 | | 10.0 **10.0**(LinearAttention | 10.0 | | 10.0 **10.0**+ | 10.0 | | 10.0 **10.0**MoE)...
 | 10.0 | | 10.0 **10.0** | 10.0 | | 10.0 **10.0**loading | 10.0 | | 10.0 **10.0**layer | 10.0 | | 10.0 **10.0**5/40 | 10.0 | | 10.0 **10.0**(LinearAttention | 10.0 | | 10.0 **10.0**+ | 10.0 | | 10.0 **10.0**MoE)...
 | 10.0 | | 10.0 **10.0** | 10.0 | | 10.0 **10.0**loading | 10.0 | | 10.0 **10.0**layer | 10.0 | | 10.0 **10.0**6/40 | 10.0 | | 10.0 **10.0**(LinearAttention | 10.0 | | 10.0 **10.0**+ | 10.0 | | 10.0 **10.0**MoE)...
 | 10.0 | | 10.0 **10.0** | 10.0 | | 10.0 **10.0**loading | 10.0 | | 10.0 **10.0**layer | 10.0 | | 10.0 **10.0**7/40 | 10.0 | | 10.0 **10.0**(FullAttention | 10.0 | | 10.0 **10.0**+ | 10.0 | | 10.0 **10.0**MoE)...
 | 10.0 | | 10.0 **10.0** | 10.0 | | 10.0 **10.0**loading | 10.0 | | 10.0 **10.0**layer | 10.0 | | 10.0 **10.0**8/40 | 10.0 | | 10.0 **10.0**(LinearAttention | 10.0 | | 10.0 **10.0**+ | 10.0 | | 10.0 **10.0**MoE)...
 | 10.0 | | 10.0 **10.0** | 10.0 | | 10.0 **10.0**loading | 10.0 | | 10.0 **10.0**layer | 10.0 | | 10.0 **10.0**9/40 | 10.0 | | 10.0 **10.0**(LinearAttention | 10.0 | | 10.0 **10.0**+ | 10.0 | | 10.0 **10.0**MoE)...
 | 10.0 | | 10.0 **10.0** | 10.0 | | 10.0 **10.0**loading | 10.0 | | 10.0 **10.0**layer | 10.0 | | 10.0 **10.0**10/40 | 10.0 | | 10.0 **10.0**(LinearAttention | 10.0 | | 10.0 **10.0**+ | 10.0 | | 10.0 **10.0**MoE)...
 | 10.0 | | 10.0 **10.0** | 10.0 | | 10.0 **10.0**loading | 10.0 | | 10.0 **10.0**layer | 10.0 | | 10.0 **10.0**11/40 | 10.0 | | 10.0 **10.0**(FullAttention | 10.0 | | 10.0 **10.0**+ | 10.0 | | 10.0 **10.0**MoE)...
 | 10.0 | | 10.0 **10.0** | 10.0 | | 10.0 **10.0**loading | 10.0 | | 10.0 **10.0**layer | 10.0 | | 10.0 **10.0**12/40 | 10.0 | | 10.0 **10.0**(LinearAttention | 10.0 | | 10.0 **10.0**+ | 10.0 | | 10.0 **10.0**MoE)...
 | 10.0 | | 10.0 **10.0** | 10.0 | | 10.0 **10.0**loading | 10.0 | | 10.0 **10.0**layer | 10.0 | | 10.0 **10.0**13/40 | 10.0 | | 10.0 **10.0**(LinearAttention | 10.0 | | 10.0 **10.0**+ | 10.0 | | 10.0 **10.0**MoE)...
 | 10.0 | | 10.0 **10.0** | 10.0 | | 10.0 **10.0**loading | 10.0 | | 10.0 **10.0**layer | 10.0 | | 10.0 **10.0**14/40 | 10.0 | | 10.0 **10.0**(LinearAttention | 10.0 | | 10.0 **10.0**+ | 10.0 | | 10.0 **10.0**MoE)...
 | 10.0 | | 10.0 **10.0** | 10.0 | | 10.0 **10.0**loading | 10.0 | | 10.0 **10.0**layer | 10.0 | | 10.0 **10.0**15/40 | 10.0 | | 10.0 **10.0**(FullAttention | 10.0 | | 10.0 **10.0**+ | 10.0 | | 10.0 **10.0**MoE)...
 | 10.0 | | 10.0 **10.0** | 10.0 | | 10.0 **10.0**loading | 10.0 | | 10.0 **10.0**layer | 10.0 | | 10.0 **10.0**16/40 | 10.0 | | 10.0 **10.0**(LinearAttention | 10.0 | | 10.0 **10.0**+ | 10.0 | | 10.0 **10.0**MoE)...
 | 10.0 | | 10.0 **10.0** | 10.0 | | 10.0 **10.0**loading | 10.0 | | 10.0 **10.0**layer | 10.0 | | 10.0 **10.0**17/40 | 10.0 | | 10.0 **10.0**(LinearAttention | 10.0 | | 10.0 **10.0**+ | 10.0 | | 10.0 **10.0**MoE)...
 | 10.0 | | 10.0 **10.0** | 10.0 | | 10.0 **10.0**loading | 10.0 | | 10.0 **10.0**layer | 10.0 | | 10.0 **10.0**18/40 | 10.0 | | 10.0 **10.0**(LinearAttention | 10.0 | | 10.0 **10.0**+ | 10.0 | | 10.0 **10.0**MoE)...
 | 10.0 | | 10.0 **10.0** | 10.0 | | 10.0 **10.0**loading | 10.0 | | 10.0 **10.0**layer | 10.0 | | 10.0 **10.0**19/40 | 10.0 | | 10.0 **10.0**(FullAttention | 10.0 | | 10.0 **10.0**+ | 10.0 | | 10.0 **10.0**MoE)...
 | 10.0 | | 10.0 **10.0** | 10.0 | | 10.0 **10.0**loading | 10.0 | | 10.0 **10.0**layer | 10.0 | | 10.0 **10.0**20/40 | 10.0 | | 10.0 **10.0**(LinearAttention | 10.0 | | 10.0 **10.0**+ | 10.0 | | 10.0 **10.0**MoE)...
 | 10.0 | | 10.0 **10.0** | 10.0 | | 10.0 **10.0**loading | 10.0 | | 10.0 **10.0**layer | 10.0 | | 10.0 **10.0**21/40 | 10.0 | | 10.0 **10.0**(LinearAttention | 10.0 | | 10.0 **10.0**+ | 10.0 | | 10.0 **10.0**MoE)...
 | 10.0 | | 10.0 **10.0** | 10.0 | | 10.0 **10.0**loading | 10.0 | | 10.0 **10.0**layer | 10.0 | | 10.0 **10.0**22/40 | 10.0 | | 10.0 **10.0**(LinearAttention | 10.0 | | 10.0 **10.0**+ | 10.0 | | 10.0 **10.0**MoE)...
 | 10.0 | | 10.0 **10.0** | 10.0 | | 10.0 **10.0**loading | 10.0 | | 10.0 **10.0**layer | 10.0 | | 10.0 **10.0**23/40 | 10.0 | | 10.0 **10.0**(FullAttention | 10.0 | | 10.0 **10.0**+ | 10.0 | | 10.0 **10.0**MoE)...
 | 10.0 | | 10.0 **10.0** | 10.0 | | 10.0 **10.0**loading | 10.0 | | 10.0 **10.0**layer | 10.0 | | 10.0 **10.0**24/40 | 10.0 | | 10.0 **10.0**(LinearAttention | 10.0 | | 10.0 **10.0**+ | 10.0 | | 10.0 **10.0**MoE)...
 | 10.0 | | 10.0 **10.0** | 10.0 | | 10.0 **10.0**loading | 10.0 | | 10.0 **10.0**layer | 10.0 | | 10.0 **10.0**25/40 | 10.0 | | 10.0 **10.0**(LinearAttention | 10.0 | | 10.0 **10.0**+ | 10.0 | | 10.0 **10.0**MoE)...
 | 10.0 | | 10.0 **10.0** | 10.0 | | 10.0 **10.0**loading | 10.0 | | 10.0 **10.0**layer | 10.0 | | 10.0 **10.0**26/40 | 10.0 | | 10.0 **10.0**(LinearAttention | 10.0 | | 10.0 **10.0**+ | 10.0 | | 10.0 **10.0**MoE)...
 | 10.0 | | 10.0 **10.0** | 10.0 | | 10.0 **10.0**loading | 10.0 | | 10.0 **10.0**layer | 10.0 | | 10.0 **10.0**27/40 | 10.0 | | 10.0 **10.0**(FullAttention | 10.0 | | 10.0 **10.0**+ | 10.0 | | 10.0 **10.0**MoE)...
 | 10.0 | | 10.0 **10.0** | 10.0 | | 10.0 **10.0**loading | 10.0 | | 10.0 **10.0**layer | 10.0 | | 10.0 **10.0**28/40 | 10.0 | | 10.0 **10.0**(LinearAttention | 10.0 | | 10.0 **10.0**+ | 10.0 | | 10.0 **10.0**MoE)...
 | 10.0 | | 10.0 **10.0** | 10.0 | | 10.0 **10.0**loading | 10.0 | | 10.0 **10.0**layer | 10.0 | | 10.0 **10.0**29/40 | 10.0 | | 10.0 **10.0**(LinearAttention | 10.0 | | 10.0 **10.0**+ | 10.0 | | 10.0 **10.0**MoE)...
 | 10.0 | | 10.0 **10.0** | 10.0 | | 10.0 **10.0**loading | 10.0 | | 10.0 **10.0**layer | 10.0 | | 10.0 **10.0**30/40 | 10.0 | | 10.0 **10.0**(LinearAttention | 10.0 | | 10.0 **10.0**+ | 10.0 | | 10.0 **10.0**MoE)...
 | 10.0 | | 10.0 **10.0** | 10.0 | | 10.0 **10.0**loading | 10.0 | | 10.0 **10.0**layer | 10.0 | | 10.0 **10.0**31/40 | 10.0 | | 10.0 **10.0**(FullAttention | 10.0 | | 10.0 **10.0**+ | 10.0 | | 10.0 **10.0**MoE)...
 | 10.0 | | 10.0 **10.0** | 10.0 | | 10.0 **10.0**loading | 10.0 | | 10.0 **10.0**layer | 10.0 | | 10.0 **10.0**32/40 | 10.0 | | 10.0 **10.0**(LinearAttention | 10.0 | | 10.0 **10.0**+ | 10.0 | | 10.0 **10.0**MoE)...
 | 10.0 | | 10.0 **10.0** | 10.0 | | 10.0 **10.0**loading | 10.0 | | 10.0 **10.0**layer | 10.0 | | 10.0 **10.0**33/40 | 10.0 | | 10.0 **10.0**(LinearAttention | 10.0 | | 10.0 **10.0**+ | 10.0 | | 10.0 **10.0**MoE)...
 | 10.0 | | 10.0 **10.0** | 10.0 | | 10.0 **10.0**loading | 10.0 | | 10.0 **10.0**layer | 10.0 | | 10.0 **10.0**34/40 | 10.0 | | 10.0 **10.0**(LinearAttention | 10.0 | | 10.0 **10.0**+ | 10.0 | | 10.0 **10.0**MoE)...
 | 10.0 | | 10.0 **10.0** | 10.0 | | 10.0 **10.0**loading | 10.0 | | 10.0 **10.0**layer | 10.0 | | 10.0 **10.0**35/40 | 10.0 | | 10.0 **10.0**(FullAttention | 10.0 | | 10.0 **10.0**+ | 10.0 | | 10.0 **10.0**MoE)...
 | 10.0 | | 10.0 **10.0** | 10.0 | | 10.0 **10.0**loading | 10.0 | | 10.0 **10.0**layer | 10.0 | | 10.0 **10.0**36/40 | 10.0 | | 10.0 **10.0**(LinearAttention | 10.0 | | 10.0 **10.0**+ | 10.0 | | 10.0 **10.0**MoE)...
 | 10.0 | | 10.0 **10.0** | 10.0 | | 10.0 **10.0**loading | 10.0 | | 10.0 **10.0**layer | 10.0 | | 10.0 **10.0**37/40 | 10.0 | | 10.0 **10.0**(LinearAttention | 10.0 | | 10.0 **10.0**+ | 10.0 | | 10.0 **10.0**MoE)...
 | 10.0 | | 10.0 **10.0** | 10.0 | | 10.0 **10.0**loading | 10.0 | | 10.0 **10.0**layer | 10.0 | | 10.0 **10.0**38/40 | 10.0 | | 10.0 **10.0**(LinearAttention | 10.0 | | 10.0 **10.0**+ | 10.0 | | 10.0 **10.0**MoE)...
 | 10.0 | | 10.0 **10.0** | 10.0 | | 10.0 **10.0**loading | 10.0 | | 10.0 **10.0**layer | 10.0 | | 10.0 **10.0**39/40 | 10.0 | | 10.0 **10.0**(FullAttention | 10.0 | | 10.0 **10.0**+ | 10.0 | | 10.0 **10.0**MoE)...
calibration: | 10.0 | | 10.0 **10.0**223865 | 10.0 | | 10.0 **10.0**prompts, | 10.0 | | 10.0 **10.0**10 | 10.0 | | 10.0 **10.0**FA | 10.0 | | 10.0 **10.0**layers | 10.0 | | 10.0 **10.0**× | 10.0 | | 10.0 **10.0**16 | 10.0 | | 10.0 **10.0**heads | 10.0 | | 10.0 **10.0**× | 10.0 | | 10.0 **10.0**128 | 10.0 | | 10.0 **10.0**bands
calibration | 10.0 | | 10.0 **10.0**path: | 10.0 | | 10.0 **10.0**GPU | 10.0 | | 10.0 **10.0**(kernel | 10.0 | | 10.0 **10.0**triattn_accumulate_f32) | 10.0 | | 10.0 **10.0**[opt-in]
[CALIB_PROFILE] | 10.0 | | 10.0 **10.0**PRETOK | 10.0 | | 10.0 **10.0**total_ms=62706.0 | 10.0 | | 10.0 **10.0**n_chunks=3638 | 10.0 | | 10.0 **10.0**covered_tokens=1000308
[CALIB_PROFILE] | 10.0 | | 10.0 **10.0**chunk_idx,n_tokens,memset_ms,forward_ms,total_ms,cumulative_tokens
[CALIB_PROFILE] | 10.0 | | 10.0 **10.0**0,508,0.710,366.470,367.180,508
[CALIB_PROFILE] | 10.0 | | 10.0 **10.0**1,508,0.588,334.851,335.440,1016
[CALIB_PROFILE] | 10.0 | | 10.0 **10.0**2,508,0.514,336.620,337.134,1524
[CALIB_PROFILE] | 10.0 | | 10.0 **10.0**3,508,0.502,334.085,334.588,2032
[CALIB_PROFILE] | 10.0 | | 10.0 **10.0**4,508,0.462,335.503,335.965,2540
[CALIB_PROFILE] | 10.0 | | 10.0 **10.0**5,508,0.441,336.025,336.465,3048
[CALIB_PROFILE] | 10.0 | | 10.0 **10.0**6,508,0.445,335.373,335.818,3556
[CALIB_PROFILE] | 10.0 | | 10.0 **10.0**7,168,0.436,121.852,122.288,3724
[CALIB_PROFILE] | 10.0 | | 10.0 **10.0**8,20,0.423,50.285,50.708,3744
[CALIB_PROFILE] | 10.0 | | 10.0 **10.0**9,49,0.422,63.655,64.077,3793
[CALIB_PROFILE] | 10.0 | | 10.0 **10.0**10,40,0.408,59.471,59.878,3833
[CALIB_PROFILE] | 10.0 | | 10.0 **10.0**11,508,0.410,335.186,335.596,4341
[CALIB_PROFILE] | 10.0 | | 10.0 **10.0**12,508,0.406,336.531,336.937,4849
[CALIB_PROFILE] | 10.0 | | 10.0 **10.0**13,430,0.407,292.683,293.090,5279
[CALIB_PROFILE] | 10.0 | | 10.0 **10.0**14,17,0.402,48.946,49.348,5296
[CALIB_PROFILE] | 10.0 | | 10.0 **10.0**15,48,0.410,63.177,63.587,5344
[CALIB_PROFILE] | 10.0 | | 10.0 **10.0**16,59,0.403,68.366,68.769,5403
[CALIB_PROFILE] | 10.0 | | 10.0 **10.0**17,34,0.412,56.783,57.195,5437
[CALIB_PROFILE] | 10.0 | | 10.0 **10.0**18,20,0.402,50.270,50.672,5457
[CALIB_PROFILE] | 10.0 | | 10.0 **10.0**19,15,0.405,47.968,48.373,5472
[CALIB_PROFILE] | 10.0 | | 10.0 **10.0**20,41,0.401,59.932,60.333,5513
[CALIB_PROFILE] | 10.0 | | 10.0 **10.0**21,16,0.407,48.430,48.837,5529
[CALIB_PROFILE] | 10.0 | | 10.0 **10.0**22,36,0.405,57.590,57.995,5565
[CALIB_PROFILE] | 10.0 | | 10.0 **10.0**23,22,0.406,51.085,51.491,5587
[CALIB_PROFILE] | 10.0 | | 10.0 **10.0**24,21,0.399,50.645,51.044,5608
[CALIB_PROFILE] | 10.0 | | 10.0 **10.0**25,508,0.400,334.735,335.136,6116
[CALIB_PROFILE] | 10.0 | | 10.0 **10.0**26,508,0.403,335.968,336.372,6624
[CALIB_PROFILE] | 10.0 | | 10.0 **10.0**27,508,0.409,337.356,337.765,7132
[CALIB_PROFILE] | 10.0 | | 10.0 **10.0**28,508,0.445,334.447,334.892,7640
[CALIB_PROFILE] | 10.0 | | 10.0 **10.0**29,508,0.417,337.108,337.525,8148
[CALIB_PROFILE] | 10.0 | | 10.0 **10.0**30,508,0.447,337.367,337.814,8656
[CALIB_PROFILE] | 10.0 | | 10.0 **10.0**31,508,0.409,335.733,336.142,9164
[CALIB_PROFILE] | 10.0 | | 10.0 **10.0**32,22,0.401,51.080,51.481,9186
[CALIB_PROFILE] | 10.0 | | 10.0 **10.0**33,69,0.408,72.773,73.181,9255
[CALIB_PROFILE] | 10.0 | | 10.0 **10.0**34,358,0.406,255.157,255.563,9613
[CALIB_PROFILE] | 10.0 | | 10.0 **10.0**35,114,0.403,94.493,94.897,9727
[CALIB_PROFILE] | 10.0 | | 10.0 **10.0**36,48,0.406,63.302,63.708,9775
[CALIB_PROFILE] | 10.0 | | 10.0 **10.0**37,72,0.402,74.188,74.589,9847
[CALIB_PROFILE] | 10.0 | | 10.0 **10.0**38,85,0.410,80.294,80.704,9932
[CALIB_PROFILE] | 10.0 | | 10.0 **10.0**39,11,0.437,46.185,46.622,9943
[CALIB_PROFILE] | 10.0 | | 10.0 **10.0**40,508,0.414,336.212,336.627,10451
[CALIB_PROFILE] | 10.0 | | 10.0 **10.0**41,508,0.418,335.957,336.375,10959
[CALIB_PROFILE] | 10.0 | | 10.0 **10.0**42,508,0.407,337.577,337.984,11467
[CALIB_PROFILE] | 10.0 | | 10.0 **10.0**43,508,0.401,334.769,335.170,11975
[CALIB_PROFILE] | 10.0 | | 10.0 **10.0**44,508,0.404,336.708,337.113,12483
[CALIB_PROFILE] | 10.0 | | 10.0 **10.0**45,508,0.442,337.335,337.777,12991
[CALIB_PROFILE] | 10.0 | | 10.0 **10.0**46,508,0.408,336.054,336.463,13499
[CALIB_PROFILE] | 10.0 | | 10.0 **10.0**47,31,0.408,55.359,55.767,13530
[CALIB_PROFILE] | 10.0 | | 10.0 **10.0**48,508,0.406,337.134,337.540,14038
[CALIB_PROFILE] | 10.0 | | 10.0 **10.0**49,508,0.408,337.185,337.593,14546
[CALIB_PROFILE] | 10.0 | | 10.0 **10.0**50,508,0.407,338.684,339.091,15054
[CALIB_PROFILE] | 10.0 | | 10.0 **10.0**51,508,0.406,337.883,338.290,15562
[CALIB_PROFILE] | 10.0 | | 10.0 **10.0**52,508,0.411,337.671,338.082,16070
[CALIB_PROFILE] | 10.0 | | 10.0 **10.0**53,508,0.404,338.287,338.691,16578
[CALIB_PROFILE] | 10.0 | | 10.0 **10.0**54,508,0.410,338.474,338.884,17086
[CALIB_PROFILE] | 10.0 | | 10.0 **10.0**55,508,0.449,339.409,339.859,17594
[CALIB_PROFILE] | 10.0 | | 10.0 **10.0**56,508,0.406,337.230,337.636,18102
[CALIB_PROFILE] | 10.0 | | 10.0 **10.0**57,508,0.399,338.381,338.781,18610
[CALIB_PROFILE] | 10.0 | | 10.0 **10.0**58,508,0.402,336.964,337.365,19118
[CALIB_PROFILE] | 10.0 | | 10.0 **10.0**59,508,0.404,337.499,337.902,19626
[CALIB_PROFILE] | 10.0 | | 10.0 **10.0**60,508,0.404,338.477,338.882,20134
[CALIB_PROFILE] | 10.0 | | 10.0 **10.0**61,508,0.403,337.214,337.617,20642
[CALIB_PROFILE] | 10.0 | | 10.0 **10.0**62,508,0.411,339.792,340.204,21150
[CALIB_PROFILE] | 10.0 | | 10.0 **10.0**63,508,0.401,337.916,338.318,21658
[CALIB_PROFILE] | 10.0 | | 10.0 **10.0**64,508,0.400,338.532,338.932,22166
[CALIB_PROFILE] | 10.0 | | 10.0 **10.0**65,508,0.402,336.286,336.689,22674
[CALIB_PROFILE] | 10.0 | | 10.0 **10.0**66,508,0.404,338.669,339.073,23182
[CALIB_PROFILE] | 10.0 | | 10.0 **10.0**67,508,0.409,338.035,338.444,23690
[CALIB_PROFILE] | 10.0 | | 10.0 **10.0**68,508,0.409,337.310,337.720,24198
[CALIB_PROFILE] | 10.0 | | 10.0 **10.0**69,481,0.403,322.893,323.296,24679
[CALIB_PROFILE] | 10.0 | | 10.0 **10.0**70,508,0.406,338.040,338.447,25187
[CALIB_PROFILE] | 10.0 | | 10.0 **10.0**71,508,0.412,340.071,340.484,25695
[CALIB_PROFILE] | 10.0 | | 10.0 **10.0**72,508,0.406,338.871,339.278,26203
[CALIB_PROFILE] | 10.0 | | 10.0 **10.0**73,508,0.409,337.934,338.343,26711
[CALIB_PROFILE] | 10.0 | | 10.0 **10.0**74,508,0.408,338.635,339.043,27219
[CALIB_PROFILE] | 10.0 | | 10.0 **10.0**75,298,0.405,227.982,228.387,27517
[CALIB_PROFILE] | 10.0 | | 10.0 **10.0**76,508,0.406,338.312,338.719,28025
[CALIB_PROFILE] | 10.0 | | 10.0 **10.0**77,11,0.405,46.230,46.635,28036
[CALIB_PROFILE] | 10.0 | | 10.0 **10.0**78,30,0.399,54.789,55.189,28066
[CALIB_PROFILE] | 10.0 | | 10.0 **10.0**79,83,0.402,79.736,80.138,28149
[CALIB_PROFILE] | 10.0 | | 10.0 **10.0**80,1,0.400,6.771,7.171,28150
[CALIB_PROFILE] | 10.0 | | 10.0 **10.0**81,13,0.423,47.115,47.538,28163
[CALIB_PROFILE] | 10.0 | | 10.0 **10.0**82,3,0.418,10.237,10.656,28166
[CALIB_PROFILE] | 10.0 | | 10.0 **10.0**83,54,0.412,66.017,66.430,28220
[CALIB_PROFILE] | 10.0 | | 10.0 **10.0**84,60,0.405,68.850,69.255,28280
[CALIB_PROFILE] | 10.0 | | 10.0 **10.0**85,1,0.404,4.486,4.890,28281
[CALIB_PROFILE] | 10.0 | | 10.0 **10.0**86,3,0.413,9.441,9.854,28284
[CALIB_PROFILE] | 10.0 | | 10.0 **10.0**87,4,0.397,43.061,43.459,28288
[CALIB_PROFILE] | 10.0 | | 10.0 **10.0**88,177,0.404,127.048,127.453,28465
[CALIB_PROFILE] | 10.0 | | 10.0 **10.0**89,3,0.396,9.441,9.838,28468
[CALIB_PROFILE] | 10.0 | | 10.0 **10.0**90,159,0.404,118.029,118.433,28627
[CALIB_PROFILE] | 10.0 | | 10.0 **10.0**91,3,0.404,9.430,9.835,28630
[CALIB_PROFILE] | 10.0 | | 10.0 **10.0**92,372,0.405,263.895,264.300,29002
[CALIB_PROFILE] | 10.0 | | 10.0 **10.0**93,1,0.408,4.484,4.892,29003
[CALIB_PROFILE] | 10.0 | | 10.0 **10.0**94,5,0.420,43.489,43.910,29008
[CALIB_PROFILE] | 10.0 | | 10.0 **10.0**95,11,0.405,46.200,46.605,29019
[CALIB_PROFILE] | 10.0 | | 10.0 **10.0**96,50,0.402,64.147,64.549,29069
[CALIB_PROFILE] | 10.0 | | 10.0 **10.0**97,47,0.406,62.781,63.187,29116
[CALIB_PROFILE] | 10.0 | | 10.0 **10.0**98,9,0.404,45.209,45.614,29125
[CALIB_PROFILE] | 10.0 | | 10.0 **10.0**99,12,0.403,46.567,46.970,29137
[CALIB_PROFILE] | 10.0 | | 10.0 **10.0**100,14,0.406,47.498,47.904,29151
[CALIB_PROFILE] | 10.0 | | 10.0 **10.0**101,24,0.408,51.988,52.397,29175
[CALIB_PROFILE] | 10.0 | | 10.0 **10.0**102,44,0.414,61.354,61.768,29219
[CALIB_PROFILE] | 10.0 | | 10.0 **10.0**103,9,0.413,45.258,45.671,29228
[CALIB_PROFILE] | 10.0 | | 10.0 **10.0**104,56,0.410,67.005,67.415,29284
[CALIB_PROFILE] | 10.0 | | 10.0 **10.0**105,7,0.409,44.352,44.761,29291
[CALIB_PROFILE] | 10.0 | | 10.0 **10.0**106,60,0.411,68.807,69.218,29351
[CALIB_PROFILE] | 10.0 | | 10.0 **10.0**107,7,0.401,44.304,44.705,29358
[CALIB_PROFILE] | 10.0 | | 10.0 **10.0**108,40,0.415,59.544,59.959,29398
[CALIB_PROFILE] | 10.0 | | 10.0 **10.0**109,1,0.404,4.462,4.867,29399
[CALIB_PROFILE] | 10.0 | | 10.0 **10.0**110,4,0.413,43.027,43.440,29403
[CALIB_PROFILE] | 10.0 | | 10.0 **10.0**111,54,0.400,65.972,66.372,29457
[CALIB_PROFILE] | 10.0 | | 10.0 **10.0**112,69,0.399,72.967,73.365,29526
[CALIB_PROFILE] | 10.0 | | 10.0 **10.0**113,56,0.408,66.933,67.342,29582
[CALIB_PROFILE] | 10.0 | | 10.0 **10.0**114,86,0.408,80.493,80.901,29668
[CALIB_PROFILE] | 10.0 | | 10.0 **10.0**115,1,0.403,4.456,4.860,29669
[CALIB_PROFILE] | 10.0 | | 10.0 **10.0**116,3,0.412,9.431,9.844,29672
[CALIB_PROFILE] | 10.0 | | 10.0 **10.0**117,49,0.413,63.758,64.171,29721
[CALIB_PROFILE] | 10.0 | | 10.0 **10.0**118,3,0.407,9.400,9.807,29724
[CALIB_PROFILE] | 10.0 | | 10.0 **10.0**119,26,0.416,53.050,53.466,29750
[CALIB_PROFILE] | 10.0 | | 10.0 **10.0**120,28,0.405,53.836,54.241,29778
[CALIB_PROFILE] | 10.0 | | 10.0 **10.0**121,17,0.406,48.864,49.270,29795
[CALIB_PROFILE] | 10.0 | | 10.0 **10.0**122,60,0.418,68.781,69.199,29855
[CALIB_PROFILE] | 10.0 | | 10.0 **10.0**123,17,0.403,48.898,49.301,29872
[CALIB_PROFILE] | 10.0 | | 10.0 **10.0**124,64,0.399,70.582,70.982,29936
[CALIB_PROFILE] | 10.0 | | 10.0 **10.0**125,1,0.401,4.445,4.846,29937
[CALIB_PROFILE] | 10.0 | | 10.0 **10.0**126,3,0.416,9.439,9.856,29940
[CALIB_PROFILE] | 10.0 | | 10.0 **10.0**127,9,0.435,45.254,45.689,29949
[CALIB_PROFILE] | 10.0 | | 10.0 **10.0**128,102,0.408,88.500,88.909,30051
[CALIB_PROFILE] | 10.0 | | 10.0 **10.0**129,1,0.404,4.448,4.852,30052
[CALIB_PROFILE] | 10.0 | | 10.0 **10.0**130,3,0.413,9.429,9.842,30055
[CALIB_PROFILE] | 10.0 | | 10.0 **10.0**131,50,0.405,64.210,64.615,30105
[CALIB_PROFILE] | 10.0 | | 10.0 **10.0**132,42,0.402,60.443,60.846,30147
[CALIB_PROFILE] | 10.0 | | 10.0 **10.0**133,55,0.404,66.428,66.832,30202
[CALIB_PROFILE] | 10.0 | | 10.0 **10.0**134,1,0.408,4.451,4.860,30203
[CALIB_PROFILE] | 10.0 | | 10.0 **10.0**135,3,0.415,9.417,9.832,30206
[CALIB_PROFILE] | 10.0 | | 10.0 **10.0**136,68,0.406,72.607,73.014,30274
[CALIB_PROFILE] | 10.0 | | 10.0 **10.0**137,64,0.401,70.687,71.088,30338
[CALIB_PROFILE] | 10.0 | | 10.0 **10.0**138,71,0.406,73.967,74.374,30409
[CALIB_PROFILE] | 10.0 | | 10.0 **10.0**139,1,0.400,4.496,4.896,30410
[CALIB_PROFILE] | 10.0 | | 10.0 **10.0**140,5,0.413,43.494,43.907,30415
[CALIB_PROFILE] | 10.0 | | 10.0 **10.0**141,82,0.412,79.004,79.417,30497
[CALIB_PROFILE] | 10.0 | | 10.0 **10.0**142,1,0.405,4.508,4.914,30498
[CALIB_PROFILE] | 10.0 | | 10.0 **10.0**143,3,0.429,9.425,9.854,30501
[CALIB_PROFILE] | 10.0 | | 10.0 **10.0**144,38,0.411,58.653,59.064,30539
[CALIB_PROFILE] | 10.0 | | 10.0 **10.0**145,1,0.405,4.438,4.843,30540
[CALIB_PROFILE] | 10.0 | | 10.0 **10.0**146,9,0.411,45.250,45.661,30549
[CALIB_PROFILE] | 10.0 | | 10.0 **10.0**147,508,0.413,336.886,337.299,31057
[CALIB_PROFILE] | 10.0 | | 10.0 **10.0**148,508,0.402,337.436,337.839,31565
[CALIB_PROFILE] | 10.0 | | 10.0 **10.0**149,508,0.406,339.176,339.582,32073
[CALIB_PROFILE] | 10.0 | | 10.0 **10.0**150,508,0.408,336.456,336.864,32581
[CALIB_PROFILE] | 10.0 | | 10.0 **10.0**151,508,0.403,338.771,339.174,33089
[CALIB_PROFILE] | 10.0 | | 10.0 **10.0**152,508,0.419,338.018,338.438,33597
[CALIB_PROFILE] | 10.0 | | 10.0 **10.0**153,508,0.407,338.644,339.051,34105
[CALIB_PROFILE] | 10.0 | | 10.0 **10.0**154,220,0.408,150.859,151.267,34325
[CALIB_PROFILE] | 10.0 | | 10.0 **10.0**155,508,0.408,336.860,337.269,34833
[CALIB_PROFILE] | 10.0 | | 10.0 **10.0**156,508,0.409,339.880,340.290,35341
[CALIB_PROFILE] | 10.0 | | 10.0 **10.0**157,508,0.408,338.066,338.474,35849
[CALIB_PROFILE] | 10.0 | | 10.0 **10.0**158,508,0.405,338.882,339.287,36357
[CALIB_PROFILE] | 10.0 | | 10.0 **10.0**159,493,0.410,327.841,328.251,36850
[CALIB_PROFILE] | 10.0 | | 10.0 **10.0**160,508,0.408,339.433,339.841,37358
[CALIB_PROFILE] | 10.0 | | 10.0 **10.0**161,508,0.409,338.382,338.791,37866
[CALIB_PROFILE] | 10.0 | | 10.0 **10.0**162,186,0.452,132.292,132.744,38052
[CALIB_PROFILE] | 10.0 | | 10.0 **10.0**163,508,0.399,339.934,340.333,38560
[CALIB_PROFILE] | 10.0 | | 10.0 **10.0**164,508,0.408,339.335,339.743,39068
[CALIB_PROFILE] | 10.0 | | 10.0 **10.0**165,508,0.400,339.497,339.898,39576
[CALIB_PROFILE] | 10.0 | | 10.0 **10.0**166,508,0.401,338.073,338.475,40084
[CALIB_PROFILE] | 10.0 | | 10.0 **10.0**167,41,0.411,60.091,60.502,40125
[CALIB_PROFILE] | 10.0 | | 10.0 **10.0**168,30,0.400,54.909,55.309,40155
[CALIB_PROFILE] | 10.0 | | 10.0 **10.0**169,68,0.409,72.516,72.925,40223
[CALIB_PROFILE] | 10.0 | | 10.0 **10.0**170,56,0.404,67.105,67.509,40279
[CALIB_PROFILE] | 10.0 | | 10.0 **10.0**171,55,0.400,66.490,66.890,40334
[CALIB_PROFILE] | 10.0 | | 10.0 **10.0**172,508,0.405,338.008,338.413,40842
[CALIB_PROFILE] | 10.0 | | 10.0 **10.0**173,508,0.405,338.113,338.519,41350
[CALIB_PROFILE] | 10.0 | | 10.0 **10.0**174,508,0.436,338.555,338.991,41858
[CALIB_PROFILE] | 10.0 | | 10.0 **10.0**175,508,0.409,336.371,336.780,42366
[CALIB_PROFILE] | 10.0 | | 10.0 **10.0**176,10,0.405,45.810,46.215,42376
[CALIB_PROFILE] | 10.0 | | 10.0 **10.0**177,144,0.398,110.823,111.222,42520
[CALIB_PROFILE] | 10.0 | | 10.0 **10.0**178,93,0.414,84.481,84.895,42613
[CALIB_PROFILE] | 10.0 | | 10.0 **10.0**179,102,0.403,88.639,89.043,42715
[CALIB_PROFILE] | 10.0 | | 10.0 **10.0**180,47,0.408,62.810,63.218,42762
[CALIB_PROFILE] | 10.0 | | 10.0 **10.0**181,29,0.409,54.387,54.796,42791
[CALIB_PROFILE] | 10.0 | | 10.0 **10.0**182,508,0.403,337.440,337.843,43299
[CALIB_PROFILE] | 10.0 | | 10.0 **10.0**183,508,0.414,337.858,338.273,43807
[CALIB_PROFILE] | 10.0 | | 10.0 **10.0**184,508,0.404,339.812,340.217,44315
[CALIB_PROFILE] | 10.0 | | 10.0 **10.0**185,508,0.406,336.935,337.341,44823
[CALIB_PROFILE] | 10.0 | | 10.0 **10.0**186,508,0.404,338.470,338.875,45331
[CALIB_PROFILE] | 10.0 | | 10.0 **10.0**187,508,0.400,339.392,339.793,45839
[CALIB_PROFILE] | 10.0 | | 10.0 **10.0**188,508,0.408,338.205,338.614,46347
[CALIB_PROFILE] | 10.0 | | 10.0 **10.0**189,33,0.403,56.400,56.803,46380
[CALIB_PROFILE] | 10.0 | | 10.0 **10.0**190,329,0.404,242.481,242.885,46709
[CALIB_PROFILE] | 10.0 | | 10.0 **10.0**191,508,0.402,338.009,338.411,47217
[CALIB_PROFILE] | 10.0 | | 10.0 **10.0**192,508,0.444,338.746,339.190,47725
[CALIB_PROFILE] | 10.0 | | 10.0 **10.0**193,508,0.405,338.206,338.611,48233
[CALIB_PROFILE] | 10.0 | | 10.0 **10.0**194,508,0.402,338.185,338.587,48741
[CALIB_PROFILE] | 10.0 | | 10.0 **10.0**195,508,0.411,338.550,338.961,49249
[CALIB_PROFILE] | 10.0 | | 10.0 **10.0**196,508,0.401,338.114,338.515,49757
[CALIB_PROFILE] | 10.0 | | 10.0 **10.0**197,508,0.407,338.396,338.804,50265
[CALIB_PROFILE] | 10.0 | | 10.0 **10.0**198,508,0.401,338.415,338.816,50773
[CALIB_PROFILE] | 10.0 | | 10.0 **10.0**199,508,0.400,338.124,338.524,51281
[CALIB_PROFILE] | 10.0 | | 10.0 **10.0**200,508,0.406,340.640,341.046,51789
[CALIB_PROFILE] | 10.0 | | 10.0 **10.0**201,508,0.409,339.448,339.857,52297
[CALIB_PROFILE] | 10.0 | | 10.0 **10.0**202,508,0.406,339.292,339.698,52805
[CALIB_PROFILE] | 10.0 | | 10.0 **10.0**203,508,0.406,337.146,337.552,53313
[CALIB_PROFILE] | 10.0 | | 10.0 **10.0**204,508,0.443,339.773,340.216,53821
[CALIB_PROFILE] | 10.0 | | 10.0 **10.0**205,508,0.402,337.787,338.190,54329
[CALIB_PROFILE] | 10.0 | | 10.0 **10.0**206,508,0.408,339.470,339.879,54837
[CALIB_PROFILE] | 10.0 | | 10.0 **10.0**207,508,0.403,337.494,337.897,55345
[CALIB_PROFILE] | 10.0 | | 10.0 **10.0**208,508,0.444,338.472,338.917,55853
[CALIB_PROFILE] | 10.0 | | 10.0 **10.0**209,481,0.403,324.740,325.144,56334
[CALIB_PROFILE] | 10.0 | | 10.0 **10.0**210,508,0.402,337.997,338.399,56842
[CALIB_PROFILE] | 10.0 | | 10.0 **10.0**211,508,0.410,339.871,340.282,57350
[CALIB_PROFILE] | 10.0 | | 10.0 **10.0**212,508,0.402,339.578,339.980,57858
[CALIB_PROFILE] | 10.0 | | 10.0 **10.0**213,508,0.397,339.165,339.562,58366
[CALIB_PROFILE] | 10.0 | | 10.0 **10.0**214,508,0.408,338.941,339.350,58874
[CALIB_PROFILE] | 10.0 | | 10.0 **10.0**215,298,0.403,228.464,228.867,59172
[CALIB_PROFILE] | 10.0 | | 10.0 **10.0**216,508,0.400,339.181,339.581,59680
[CALIB_PROFILE] | 10.0 | | 10.0 **10.0**217,508,0.407,339.207,339.614,60188
[CALIB_PROFILE] | 10.0 | | 10.0 **10.0**218,508,0.403,339.356,339.759,60696
[CALIB_PROFILE] | 10.0 | | 10.0 **10.0**219,508,0.410,339.701,340.111,61204
[CALIB_PROFILE] | 10.0 | | 10.0 **10.0**220,508,0.404,338.941,339.345,61712
[CALIB_PROFILE] | 10.0 | | 10.0 **10.0**221,508,0.421,340.070,340.492,62220
[CALIB_PROFILE] | 10.0 | | 10.0 **10.0**222,508,0.401,338.646,339.047,62728
[CALIB_PROFILE] | 10.0 | | 10.0 **10.0**223,508,0.400,338.230,338.630,63236
[CALIB_PROFILE] | 10.0 | | 10.0 **10.0**224,95,0.416,85.533,85.950,63331
[CALIB_PROFILE] | 10.0 | | 10.0 **10.0**225,508,0.409,338.249,338.658,63839
[CALIB_PROFILE] | 10.0 | | 10.0 **10.0**226,44,0.409,61.437,61.846,63883
[CALIB_PROFILE] | 10.0 | | 10.0 **10.0**227,1,0.405,4.455,4.861,63884
[CALIB_PROFILE] | 10.0 | | 10.0 **10.0**228,21,0.418,50.761,51.180,63905
[CALIB_PROFILE] | 10.0 | | 10.0 **10.0**229,1,0.409,4.457,4.867,63906
[CALIB_PROFILE] | 10.0 | | 10.0 **10.0**230,115,0.416,95.442,95.858,64021
[CALIB_PROFILE] | 10.0 | | 10.0 **10.0**231,1,0.413,4.459,4.873,64022
[CALIB_PROFILE] | 10.0 | | 10.0 **10.0**232,5,0.428,43.508,43.937,64027
[CALIB_PROFILE] | 10.0 | | 10.0 **10.0**233,144,0.409,110.241,110.650,64171
[CALIB_PROFILE] | 10.0 | | 10.0 **10.0**234,54,0.417,66.094,66.512,64225
[CALIB_PROFILE] | 10.0 | | 10.0 **10.0**235,1,0.407,4.462,4.869,64226
[CALIB_PROFILE] | 10.0 | | 10.0 **10.0**236,3,0.415,9.453,9.868,64229
[CALIB_PROFILE] | 10.0 | | 10.0 **10.0**237,426,0.416,292.058,292.475,64655
[CALIB_PROFILE] | 10.0 | | 10.0 **10.0**238,1,0.413,4.558,4.972,64656
[CALIB_PROFILE] | 10.0 | | 10.0 **10.0**239,7,0.419,44.440,44.859,64663
[CALIB_PROFILE] | 10.0 | | 10.0 **10.0**240,24,0.400,52.082,52.483,64687
[CALIB_PROFILE] | 10.0 | | 10.0 **10.0**241,8,0.407,44.800,45.208,64695
[CALIB_PROFILE] | 10.0 | | 10.0 **10.0**242,24,0.407,51.951,52.357,64719
[CALIB_PROFILE] | 10.0 | | 10.0 **10.0**243,48,0.401,63.184,63.586,64767
[CALIB_PROFILE] | 10.0 | | 10.0 **10.0**244,27,0.408,53.475,53.883,64794
[CALIB_PROFILE] | 10.0 | | 10.0 **10.0**245,26,0.408,52.968,53.376,64820
[CALIB_PROFILE] | 10.0 | | 10.0 **10.0**246,58,0.400,67.920,68.321,64878
[CALIB_PROFILE] | 10.0 | | 10.0 **10.0**247,57,0.409,67.425,67.834,64935
[CALIB_PROFILE] | 10.0 | | 10.0 **10.0**248,101,0.401,88.219,88.621,65036
[CALIB_PROFILE] | 10.0 | | 10.0 **10.0**249,56,0.409,66.989,67.399,65092
[CALIB_PROFILE] | 10.0 | | 10.0 **10.0**250,25,0.408,52.497,52.906,65117
[CALIB_PROFILE] | 10.0 | | 10.0 **10.0**251,89,0.405,82.325,82.730,65206
[CALIB_PROFILE] | 10.0 | | 10.0 **10.0**252,1,0.403,4.457,4.860,65207
[CALIB_PROFILE] | 10.0 | | 10.0 **10.0**253,3,0.422,9.463,9.885,65210
[CALIB_PROFILE] | 10.0 | | 10.0 **10.0**254,33,0.412,56.408,56.820,65243
[CALIB_PROFILE] | 10.0 | | 10.0 **10.0**255,35,0.407,57.198,57.605,65278
[CALIB_PROFILE] | 10.0 | | 10.0 **10.0**256,17,0.410,48.933,49.343,65295
[CALIB_PROFILE] | 10.0 | | 10.0 **10.0**257,11,0.409,46.226,46.634,65306
[CALIB_PROFILE] | 10.0 | | 10.0 **10.0**258,55,0.402,66.447,66.849,65361
[CALIB_PROFILE] | 10.0 | | 10.0 **10.0**259,17,0.403,48.905,49.308,65378
[CALIB_PROFILE] | 10.0 | | 10.0 **10.0**260,125,0.404,100.231,100.636,65503
[CALIB_PROFILE] | 10.0 | | 10.0 **10.0**261,1,0.407,4.461,4.868,65504
[CALIB_PROFILE] | 10.0 | | 10.0 **10.0**262,9,0.413,45.308,45.721,65513
[CALIB_PROFILE] | 10.0 | | 10.0 **10.0**263,49,0.414,63.598,64.013,65562
[CALIB_PROFILE] | 10.0 | | 10.0 **10.0**264,105,0.404,90.096,90.501,65667
[CALIB_PROFILE] | 10.0 | | 10.0 **10.0**265,1,0.407,4.462,4.869,65668
[CALIB_PROFILE] | 10.0 | | 10.0 **10.0**266,7,0.412,44.385,44.796,65675
[CALIB_PROFILE] | 10.0 | | 10.0 **10.0**267,102,0.399,88.752,89.151,65777
[CALIB_PROFILE] | 10.0 | | 10.0 **10.0**268,88,0.402,81.979,82.381,65865
[CALIB_PROFILE] | 10.0 | | 10.0 **10.0**269,1,0.411,4.509,4.920,65866
[CALIB_PROFILE] | 10.0 | | 10.0 **10.0**270,71,0.413,73.964,74.377,65937
[CALIB_PROFILE] | 10.0 | | 10.0 **10.0**271,1,0.402,4.438,4.840,65938
[CALIB_PROFILE] | 10.0 | | 10.0 **10.0**272,44,0.419,61.389,61.809,65982
[CALIB_PROFILE] | 10.0 | | 10.0 **10.0**273,508,0.407,337.828,338.234,66490
[CALIB_PROFILE] | 10.0 | | 10.0 **10.0**274,508,0.420,338.563,338.984,66998
[CALIB_PROFILE] | 10.0 | | 10.0 **10.0**275,508,0.446,339.605,340.051,67506
[CALIB_PROFILE] | 10.0 | | 10.0 **10.0**276,508,0.403,337.421,337.824,68014
[CALIB_PROFILE] | 10.0 | | 10.0 **10.0**277,508,0.402,338.065,338.467,68522
[CALIB_PROFILE] | 10.0 | | 10.0 **10.0**278,508,0.402,339.396,339.798,69030
[CALIB_PROFILE] | 10.0 | | 10.0 **10.0**279,508,0.443,338.346,338.789,69538
[CALIB_PROFILE] | 10.0 | | 10.0 **10.0**280,232,0.409,157.474,157.884,69770
[CALIB_PROFILE] | 10.0 | | 10.0 **10.0**281,508,0.409,338.907,339.316,70278
[CALIB_PROFILE] | 10.0 | | 10.0 **10.0**282,24,0.407,52.164,52.571,70302
[CALIB_PROFILE] | 10.0 | | 10.0 **10.0**283,40,0.407,59.530,59.937,70342
[CALIB_PROFILE] | 10.0 | | 10.0 **10.0**284,508,0.412,337.959,338.371,70850
[CALIB_PROFILE] | 10.0 | | 10.0 **10.0**285,508,0.410,338.353,338.763,71358
[CALIB_PROFILE] | 10.0 | | 10.0 **10.0**286,94,0.407,84.841,85.248,71452
[CALIB_PROFILE] | 10.0 | | 10.0 **10.0**287,508,0.408,338.092,338.499,71960
[CALIB_PROFILE] | 10.0 | | 10.0 **10.0**288,508,0.407,337.418,337.826,72468
[CALIB_PROFILE] | 10.0 | | 10.0 **10.0**289,135,0.412,105.520,105.933,72603
[CALIB_PROFILE] | 10.0 | | 10.0 **10.0**290,111,0.409,93.449,93.858,72714
[CALIB_PROFILE] | 10.0 | | 10.0 **10.0**291,10,0.405,45.841,46.246,72724
[CALIB_PROFILE] | 10.0 | | 10.0 **10.0**292,58,0.409,67.891,68.301,72782
[CALIB_PROFILE] | 10.0 | | 10.0 **10.0**293,46,0.403,62.338,62.741,72828
[CALIB_PROFILE] | 10.0 | | 10.0 **10.0**294,508,0.411,336.009,336.420,73336
[CALIB_PROFILE] | 10.0 | | 10.0 **10.0**295,508,0.409,337.279,337.688,73844
[CALIB_PROFILE] | 10.0 | | 10.0 **10.0**296,437,0.405,297.619,298.025,74281
[CALIB_PROFILE] | 10.0 | | 10.0 **10.0**297,42,0.410,60.634,61.044,74323
[CALIB_PROFILE] | 10.0 | | 10.0 **10.0**298,38,0.403,58.631,59.034,74361
[CALIB_PROFILE] | 10.0 | | 10.0 **10.0**299,39,0.401,59.078,59.480,74400
[CALIB_PROFILE] | 10.0 | | 10.0 **10.0**300,20,0.409,50.296,50.706,74420
[CALIB_PROFILE] | 10.0 | | 10.0 **10.0**301,69,0.398,72.993,73.392,74489
[CALIB_PROFILE] | 10.0 | | 10.0 **10.0**302,508,0.422,337.313,337.735,74997
[CALIB_PROFILE] | 10.0 | | 10.0 **10.0**303,98,0.399,87.091,87.491,75095
[CALIB_PROFILE] | 10.0 | | 10.0 **10.0**304,4,0.401,43.063,43.464,75099
[CALIB_PROFILE] | 10.0 | | 10.0 **10.0**305,59,0.403,68.362,68.765,75158
[CALIB_PROFILE] | 10.0 | | 10.0 **10.0**306,89,0.403,82.312,82.715,75247
[CALIB_PROFILE] | 10.0 | | 10.0 **10.0**307,146,0.408,111.448,111.857,75393
[CALIB_PROFILE] | 10.0 | | 10.0 **10.0**308,45,0.414,61.927,62.340,75438
[CALIB_PROFILE] | 10.0 | | 10.0 **10.0**309,53,0.402,65.546,65.949,75491
[CALIB_PROFILE] | 10.0 | | 10.0 **10.0**310,508,0.403,336.862,337.265,75999
[CALIB_PROFILE] | 10.0 | | 10.0 **10.0**311,508,0.405,338.330,338.735,76507
[CALIB_PROFILE] | 10.0 | | 10.0 **10.0**312,508,0.407,338.736,339.143,77015
[CALIB_PROFILE] | 10.0 | | 10.0 **10.0**313,508,0.402,337.234,337.636,77523
[CALIB_PROFILE] | 10.0 | | 10.0 **10.0**314,508,0.404,338.723,339.127,78031
[CALIB_PROFILE] | 10.0 | | 10.0 **10.0**315,508,0.434,338.771,339.206,78539
[CALIB_PROFILE] | 10.0 | | 10.0 **10.0**316,508,0.401,338.034,338.436,79047
[CALIB_PROFILE] | 10.0 | | 10.0 **10.0**317,42,0.404,60.561,60.965,79089
[CALIB_PROFILE] | 10.0 | | 10.0 **10.0**318,29,0.404,54.326,54.730,79118
[CALIB_PROFILE] | 10.0 | | 10.0 **10.0**319,508,0.405,336.933,337.338,79626
[CALIB_PROFILE] | 10.0 | | 10.0 **10.0**320,108,0.400,91.617,92.018,79734
[CALIB_PROFILE] | 10.0 | | 10.0 **10.0**321,21,0.403,50.763,51.166,79755
[CALIB_PROFILE] | 10.0 | | 10.0 **10.0**322,508,0.399,336.549,336.949,80263
[CALIB_PROFILE] | 10.0 | | 10.0 **10.0**323,249,0.402,166.465,166.867,80512
[CALIB_PROFILE] | 10.0 | | 10.0 **10.0**324,508,0.402,336.910,337.313,81020
[CALIB_PROFILE] | 10.0 | | 10.0 **10.0**325,31,0.401,55.273,55.675,81051
[CALIB_PROFILE] | 10.0 | | 10.0 **10.0**326,508,0.401,337.912,338.313,81559
[CALIB_PROFILE] | 10.0 | | 10.0 **10.0**327,508,0.404,337.137,337.541,82067
[CALIB_PROFILE] | 10.0 | | 10.0 **10.0**328,174,0.402,125.864,126.266,82241
[CALIB_PROFILE] | 10.0 | | 10.0 **10.0**329,508,0.403,338.177,338.580,82749
[CALIB_PROFILE] | 10.0 | | 10.0 **10.0**330,285,0.412,221.884,222.297,83034
[CALIB_PROFILE] | 10.0 | | 10.0 **10.0**331,34,0.403,56.779,57.182,83068
[CALIB_PROFILE] | 10.0 | | 10.0 **10.0**332,42,0.400,60.460,60.860,83110
[CALIB_PROFILE] | 10.0 | | 10.0 **10.0**333,508,0.401,336.585,336.987,83618
[CALIB_PROFILE] | 10.0 | | 10.0 **10.0**334,167,0.399,122.020,122.419,83785
[CALIB_PROFILE] | 10.0 | | 10.0 **10.0**335,10,0.413,45.809,46.222,83795
[CALIB_PROFILE] | 10.0 | | 10.0 **10.0**336,1,0.400,4.448,4.849,83796
[CALIB_PROFILE] | 10.0 | | 10.0 **10.0**337,139,0.415,107.366,107.781,83935
[CALIB_PROFILE] | 10.0 | | 10.0 **10.0**338,1,0.406,4.481,4.888,83936
[CALIB_PROFILE] | 10.0 | | 10.0 **10.0**339,125,0.412,100.463,100.876,84061
[CALIB_PROFILE] | 10.0 | | 10.0 **10.0**340,1,0.404,4.484,4.888,84062
[CALIB_PROFILE] | 10.0 | | 10.0 **10.0**341,8,0.407,44.898,45.306,84070
[CALIB_PROFILE] | 10.0 | | 10.0 **10.0**342,19,0.403,49.789,50.193,84089
[CALIB_PROFILE] | 10.0 | | 10.0 **10.0**343,12,0.403,46.631,47.035,84101
[CALIB_PROFILE] | 10.0 | | 10.0 **10.0**344,22,0.406,51.163,51.570,84123
[CALIB_PROFILE] | 10.0 | | 10.0 **10.0**345,24,0.415,52.103,52.519,84147
[CALIB_PROFILE] | 10.0 | | 10.0 **10.0**346,11,0.404,46.192,46.596,84158
[CALIB_PROFILE] | 10.0 | | 10.0 **10.0**347,508,0.407,336.129,336.536,84666
[CALIB_PROFILE] | 10.0 | | 10.0 **10.0**348,508,0.403,336.805,337.209,85174
[CALIB_PROFILE] | 10.0 | | 10.0 **10.0**349,508,0.402,338.523,338.925,85682
[CALIB_PROFILE] | 10.0 | | 10.0 **10.0**350,508,0.404,336.827,337.232,86190
[CALIB_PROFILE] | 10.0 | | 10.0 **10.0**351,508,0.406,338.115,338.521,86698
[CALIB_PROFILE] | 10.0 | | 10.0 **10.0**352,508,0.403,338.818,339.221,87206
[CALIB_PROFILE] | 10.0 | | 10.0 **10.0**353,508,0.406,337.901,338.308,87714
[CALIB_PROFILE] | 10.0 | | 10.0 **10.0**354,55,0.409,66.476,66.885,87769
[CALIB_PROFILE] | 10.0 | | 10.0 **10.0**355,508,0.413,337.347,337.760,88277
[CALIB_PROFILE] | 10.0 | | 10.0 **10.0**356,35,0.402,57.273,57.675,88312
[CALIB_PROFILE] | 10.0 | | 10.0 **10.0**357,508,0.398,338.088,338.486,88820
[CALIB_PROFILE] | 10.0 | | 10.0 **10.0**358,20,0.406,50.300,50.707,88840
[CALIB_PROFILE] | 10.0 | | 10.0 **10.0**359,508,0.438,336.279,336.717,89348
[CALIB_PROFILE] | 10.0 | | 10.0 **10.0**360,54,0.412,66.119,66.532,89402
[CALIB_PROFILE] | 10.0 | | 10.0 **10.0**361,508,0.418,337.703,338.121,89910
[CALIB_PROFILE] | 10.0 | | 10.0 **10.0**362,23,0.422,51.537,51.959,89933
[CALIB_PROFILE] | 10.0 | | 10.0 **10.0**363,508,0.410,337.572,337.982,90441
[CALIB_PROFILE] | 10.0 | | 10.0 **10.0**364,508,0.409,338.362,338.771,90949
[CALIB_PROFILE] | 10.0 | | 10.0 **10.0**365,508,0.413,338.004,338.417,91457
[CALIB_PROFILE] | 10.0 | | 10.0 **10.0**366,508,0.404,337.799,338.203,91965
[CALIB_PROFILE] | 10.0 | | 10.0 **10.0**367,21,0.409,50.798,51.207,91986
[CALIB_PROFILE] | 10.0 | | 10.0 **10.0**368,25,0.408,52.520,52.929,92011
[CALIB_PROFILE] | 10.0 | | 10.0 **10.0**369,508,0.409,337.429,337.838,92519
[CALIB_PROFILE] | 10.0 | | 10.0 **10.0**370,319,0.406,237.705,238.111,92838
[CALIB_PROFILE] | 10.0 | | 10.0 **10.0**371,508,0.419,337.787,338.206,93346
[CALIB_PROFILE] | 10.0 | | 10.0 **10.0**372,508,0.421,337.576,337.997,93854
[CALIB_PROFILE] | 10.0 | | 10.0 **10.0**373,67,0.414,72.150,72.564,93921
[CALIB_PROFILE] | 10.0 | | 10.0 **10.0**374,22,0.414,51.176,51.591,93943
[CALIB_PROFILE] | 10.0 | | 10.0 **10.0**375,19,0.402,49.817,50.219,93962
[CALIB_PROFILE] | 10.0 | | 10.0 **10.0**376,261,0.399,209.711,210.111,94223
[CALIB_PROFILE] | 10.0 | | 10.0 **10.0**377,6,0.408,43.908,44.316,94229
[CALIB_PROFILE] | 10.0 | | 10.0 **10.0**378,41,0.407,59.990,60.398,94270
[CALIB_PROFILE] | 10.0 | | 10.0 **10.0**379,59,0.399,68.305,68.704,94329
[CALIB_PROFILE] | 10.0 | | 10.0 **10.0**380,40,0.400,59.522,59.922,94369
[CALIB_PROFILE] | 10.0 | | 10.0 **10.0**381,38,0.402,58.527,58.930,94407
[CALIB_PROFILE] | 10.0 | | 10.0 **10.0**382,41,0.407,59.904,60.311,94448
[CALIB_PROFILE] | 10.0 | | 10.0 **10.0**383,43,0.400,60.945,61.346,94491
[CALIB_PROFILE] | 10.0 | | 10.0 **10.0**384,79,0.402,77.642,78.044,94570
[CALIB_PROFILE] | 10.0 | | 10.0 **10.0**385,36,0.405,57.630,58.035,94606
[CALIB_PROFILE] | 10.0 | | 10.0 **10.0**386,45,0.403,61.698,62.101,94651
[CALIB_PROFILE] | 10.0 | | 10.0 **10.0**387,68,0.406,72.451,72.857,94719
[CALIB_PROFILE] | 10.0 | | 10.0 **10.0**388,5,0.407,43.489,43.896,94724
[CALIB_PROFILE] | 10.0 | | 10.0 **10.0**389,14,0.400,47.561,47.961,94738
[CALIB_PROFILE] | 10.0 | | 10.0 **10.0**390,12,0.402,46.592,46.994,94750
[CALIB_PROFILE] | 10.0 | | 10.0 **10.0**391,19,0.397,49.767,50.164,94769
[CALIB_PROFILE] | 10.0 | | 10.0 **10.0**392,23,0.406,51.585,51.992,94792
[CALIB_PROFILE] | 10.0 | | 10.0 **10.0**393,13,0.406,47.060,47.466,94805
[CALIB_PROFILE] | 10.0 | | 10.0 **10.0**394,65,0.402,71.109,71.512,94870
[CALIB_PROFILE] | 10.0 | | 10.0 **10.0**395,24,0.406,52.082,52.488,94894
[CALIB_PROFILE] | 10.0 | | 10.0 **10.0**396,508,0.400,336.467,336.867,95402
[CALIB_PROFILE] | 10.0 | | 10.0 **10.0**397,508,0.403,337.187,337.590,95910
[CALIB_PROFILE] | 10.0 | | 10.0 **10.0**398,508,0.404,338.011,338.416,96418
[CALIB_PROFILE] | 10.0 | | 10.0 **10.0**399,508,0.406,335.724,336.130,96926
[CALIB_PROFILE] | 10.0 | | 10.0 **10.0**400,508,0.403,337.531,337.934,97434
[CALIB_PROFILE] | 10.0 | | 10.0 **10.0**401,508,0.443,338.479,338.922,97942
[CALIB_PROFILE] | 10.0 | | 10.0 **10.0**402,508,0.401,337.251,337.652,98450
[CALIB_PROFILE] | 10.0 | | 10.0 **10.0**403,309,0.406,232.229,232.636,98759
[CALIB_PROFILE] | 10.0 | | 10.0 **10.0**404,32,0.401,55.629,56.030,98791
[CALIB_PROFILE] | 10.0 | | 10.0 **10.0**405,40,0.405,59.538,59.943,98831
[CALIB_PROFILE] | 10.0 | | 10.0 **10.0**406,31,0.401,55.270,55.672,98862
[CALIB_PROFILE] | 10.0 | | 10.0 **10.0**407,27,0.399,53.444,53.843,98889
[CALIB_PROFILE] | 10.0 | | 10.0 **10.0**408,43,0.405,60.869,61.275,98932
[CALIB_PROFILE] | 10.0 | | 10.0 **10.0**409,508,0.402,335.981,336.383,99440
[CALIB_PROFILE] | 10.0 | | 10.0 **10.0**410,74,0.447,75.206,75.654,99514
[CALIB_PROFILE] | 10.0 | | 10.0 **10.0**411,192,0.401,135.248,135.650,99706
[CALIB_PROFILE] | 10.0 | | 10.0 **10.0**412,508,0.400,337.657,338.058,100214
[CALIB_PROFILE] | 10.0 | | 10.0 **10.0**413,508,0.402,336.896,337.298,100722
[CALIB_PROFILE] | 10.0 | | 10.0 **10.0**414,508,0.401,338.648,339.049,101230
[CALIB_PROFILE] | 10.0 | | 10.0 **10.0**415,110,0.406,92.886,93.292,101340
[CALIB_PROFILE] | 10.0 | | 10.0 **10.0**416,508,0.405,338.347,338.753,101848
[CALIB_PROFILE] | 10.0 | | 10.0 **10.0**417,508,0.408,338.670,339.078,102356
[CALIB_PROFILE] | 10.0 | | 10.0 **10.0**418,43,0.418,61.033,61.452,102399
[CALIB_PROFILE] | 10.0 | | 10.0 **10.0**419,38,0.399,58.457,58.856,102437
[CALIB_PROFILE] | 10.0 | | 10.0 **10.0**420,35,0.401,57.188,57.589,102472
[CALIB_PROFILE] | 10.0 | | 10.0 **10.0**421,508,0.407,338.226,338.633,102980
[CALIB_PROFILE] | 10.0 | | 10.0 **10.0**422,508,0.438,336.413,336.851,103488
[CALIB_PROFILE] | 10.0 | | 10.0 **10.0**423,508,0.406,337.446,337.852,103996
[CALIB_PROFILE] | 10.0 | | 10.0 **10.0**424,508,0.405,337.099,337.504,104504
[CALIB_PROFILE] | 10.0 | | 10.0 **10.0**425,508,0.408,338.348,338.756,105012
[CALIB_PROFILE] | 10.0 | | 10.0 **10.0**426,508,0.402,335.944,336.346,105520
[CALIB_PROFILE] | 10.0 | | 10.0 **10.0**427,508,0.407,337.055,337.463,106028
[CALIB_PROFILE] | 10.0 | | 10.0 **10.0**428,508,0.405,337.282,337.687,106536
[CALIB_PROFILE] | 10.0 | | 10.0 **10.0**429,4,0.402,42.964,43.367,106540
[CALIB_PROFILE] | 10.0 | | 10.0 **10.0**430,97,0.399,86.323,86.723,106637
[CALIB_PROFILE] | 10.0 | | 10.0 **10.0**431,91,0.398,83.303,83.701,106728
[CALIB_PROFILE] | 10.0 | | 10.0 **10.0**432,89,0.431,82.344,82.775,106817
[CALIB_PROFILE] | 10.0 | | 10.0 **10.0**433,37,0.403,58.085,58.489,106854
[CALIB_PROFILE] | 10.0 | | 10.0 **10.0**434,22,0.400,51.142,51.542,106876
[CALIB_PROFILE] | 10.0 | | 10.0 **10.0**435,508,0.403,336.508,336.911,107384
[CALIB_PROFILE] | 10.0 | | 10.0 **10.0**436,508,0.405,336.556,336.962,107892
[CALIB_PROFILE] | 10.0 | | 10.0 **10.0**437,508,0.406,338.315,338.721,108400
[CALIB_PROFILE] | 10.0 | | 10.0 **10.0**438,508,0.445,335.878,336.324,108908
[CALIB_PROFILE] | 10.0 | | 10.0 **10.0**439,508,0.410,337.668,338.078,109416
[CALIB_PROFILE] | 10.0 | | 10.0 **10.0**440,508,0.415,338.069,338.484,109924
[CALIB_PROFILE] | 10.0 | | 10.0 **10.0**441,508,0.399,337.591,337.990,110432
[CALIB_PROFILE] | 10.0 | | 10.0 **10.0**442,19,0.403,49.865,50.269,110451
[CALIB_PROFILE] | 10.0 | | 10.0 **10.0**443,94,0.408,84.805,85.213,110545
[CALIB_PROFILE] | 10.0 | | 10.0 **10.0**444,508,0.434,336.928,337.362,111053
[CALIB_PROFILE] | 10.0 | | 10.0 **10.0**445,508,0.411,335.527,335.938,111561
[CALIB_PROFILE] | 10.0 | | 10.0 **10.0**446,17,0.407,48.882,49.289,111578
[CALIB_PROFILE] | 10.0 | | 10.0 **10.0**447,508,0.404,336.228,336.633,112086
[CALIB_PROFILE] | 10.0 | | 10.0 **10.0**448,391,0.435,273.219,273.655,112477
[CALIB_PROFILE] | 10.0 | | 10.0 **10.0**449,508,0.409,335.237,335.646,112985
[CALIB_PROFILE] | 10.0 | | 10.0 **10.0**450,508,0.402,337.430,337.832,113493
[CALIB_PROFILE] | 10.0 | | 10.0 **10.0**451,508,0.403,337.477,337.880,114001
[CALIB_PROFILE] | 10.0 | | 10.0 **10.0**452,198,0.403,138.509,138.912,114199
[CALIB_PROFILE] | 10.0 | | 10.0 **10.0**453,508,0.402,337.803,338.205,114707
[CALIB_PROFILE] | 10.0 | | 10.0 **10.0**454,508,0.403,337.020,337.423,115215
[CALIB_PROFILE] | 10.0 | | 10.0 **10.0**455,508,0.411,336.802,337.213,115723
[CALIB_PROFILE] | 10.0 | | 10.0 **10.0**456,30,0.408,54.836,55.245,115753
[CALIB_PROFILE] | 10.0 | | 10.0 **10.0**457,508,0.406,337.097,337.503,116261
[CALIB_PROFILE] | 10.0 | | 10.0 **10.0**458,37,0.409,58.302,58.712,116298
[CALIB_PROFILE] | 10.0 | | 10.0 **10.0**459,508,0.399,337.841,338.241,116806
[CALIB_PROFILE] | 10.0 | | 10.0 **10.0**460,55,0.408,66.521,66.929,116861
[CALIB_PROFILE] | 10.0 | | 10.0 **10.0**461,508,0.409,337.119,337.528,117369
[CALIB_PROFILE] | 10.0 | | 10.0 **10.0**462,84,0.401,80.495,80.897,117453
[CALIB_PROFILE] | 10.0 | | 10.0 **10.0**463,19,0.402,49.865,50.268,117472
[CALIB_PROFILE] | 10.0 | | 10.0 **10.0**464,4,0.401,42.952,43.354,117476
[CALIB_PROFILE] | 10.0 | | 10.0 **10.0**465,6,0.410,43.890,44.300,117482
[CALIB_PROFILE] | 10.0 | | 10.0 **10.0**466,61,0.401,69.158,69.559,117543
[CALIB_PROFILE] | 10.0 | | 10.0 **10.0**467,81,0.405,78.675,79.080,117624
[CALIB_PROFILE] | 10.0 | | 10.0 **10.0**468,80,0.404,78.258,78.662,117704
[CALIB_PROFILE] | 10.0 | | 10.0 **10.0**469,57,0.400,67.375,67.776,117761
[CALIB_PROFILE] | 10.0 | | 10.0 **10.0**470,81,0.402,78.611,79.013,117842
[CALIB_PROFILE] | 10.0 | | 10.0 **10.0**471,6,0.402,43.916,44.318,117848
[CALIB_PROFILE] | 10.0 | | 10.0 **10.0**472,37,0.411,58.091,58.502,117885
[CALIB_PROFILE] | 10.0 | | 10.0 **10.0**473,44,0.400,61.321,61.721,117929
[CALIB_PROFILE] | 10.0 | | 10.0 **10.0**474,41,0.409,60.022,60.431,117970
[CALIB_PROFILE] | 10.0 | | 10.0 **10.0**475,31,0.400,55.295,55.695,118001
[CALIB_PROFILE] | 10.0 | | 10.0 **10.0**476,4,0.406,42.983,43.389,118005
[CALIB_PROFILE] | 10.0 | | 10.0 **10.0**477,18,0.411,49.430,49.841,118023
[CALIB_PROFILE] | 10.0 | | 10.0 **10.0**478,47,0.402,62.713,63.115,118070
[CALIB_PROFILE] | 10.0 | | 10.0 **10.0**479,508,0.400,335.623,336.023,118578
[CALIB_PROFILE] | 10.0 | | 10.0 **10.0**480,508,0.403,337.051,337.454,119086
[CALIB_PROFILE] | 10.0 | | 10.0 **10.0**481,508,0.405,338.094,338.500,119594
[CALIB_PROFILE] | 10.0 | | 10.0 **10.0**482,508,0.406,335.968,336.374,120102
[CALIB_PROFILE] | 10.0 | | 10.0 **10.0**483,508,0.444,337.486,337.930,120610
[CALIB_PROFILE] | 10.0 | | 10.0 **10.0**484,508,0.406,338.530,338.937,121118
[CALIB_PROFILE] | 10.0 | | 10.0 **10.0**485,508,0.407,337.308,337.715,121626
[CALIB_PROFILE] | 10.0 | | 10.0 **10.0**486,43,0.442,60.845,61.287,121669
[CALIB_PROFILE] | 10.0 | | 10.0 **10.0**487,203,0.407,141.690,142.097,121872
[CALIB_PROFILE] | 10.0 | | 10.0 **10.0**488,508,0.402,337.813,338.215,122380
[CALIB_PROFILE] | 10.0 | | 10.0 **10.0**489,508,0.400,337.191,337.590,122888
[CALIB_PROFILE] | 10.0 | | 10.0 **10.0**490,508,0.407,336.513,336.920,123396
[CALIB_PROFILE] | 10.0 | | 10.0 **10.0**491,448,0.411,302.779,303.191,123844
[CALIB_PROFILE] | 10.0 | | 10.0 **10.0**492,13,0.408,47.190,47.599,123857
[CALIB_PROFILE] | 10.0 | | 10.0 **10.0**493,370,0.399,262.599,262.999,124227
[CALIB_PROFILE] | 10.0 | | 10.0 **10.0**494,508,0.403,337.251,337.654,124735
[CALIB_PROFILE] | 10.0 | | 10.0 **10.0**495,508,0.404,338.657,339.061,125243
[CALIB_PROFILE] | 10.0 | | 10.0 **10.0**496,32,0.406,55.729,56.136,125275
[CALIB_PROFILE] | 10.0 | | 10.0 **10.0**497,508,0.402,336.509,336.912,125783
[CALIB_PROFILE] | 10.0 | | 10.0 **10.0**498,62,0.402,69.835,70.237,125845
[CALIB_PROFILE] | 10.0 | | 10.0 **10.0**499,38,0.406,58.580,58.986,125883
[CALIB_PROFILE] | 10.0 | | 10.0 **10.0**500,508,0.406,337.150,337.556,126391
[CALIB_PROFILE] | 10.0 | | 10.0 **10.0**501,508,0.414,336.904,337.318,126899
[CALIB_PROFILE] | 10.0 | | 10.0 **10.0**502,375,0.407,264.579,264.986,127274
[CALIB_PROFILE] | 10.0 | | 10.0 **10.0**503,508,0.406,337.112,337.518,127782
[CALIB_PROFILE] | 10.0 | | 10.0 **10.0**504,508,0.402,337.543,337.945,128290
[CALIB_PROFILE] | 10.0 | | 10.0 **10.0**505,508,0.403,337.509,337.911,128798
[CALIB_PROFILE] | 10.0 | | 10.0 **10.0**506,508,0.403,337.194,337.598,129306
[CALIB_PROFILE] | 10.0 | | 10.0 **10.0**507,508,0.410,336.373,336.783,129814
[CALIB_PROFILE] | 10.0 | | 10.0 **10.0**508,508,0.401,338.564,338.965,130322
[CALIB_PROFILE] | 10.0 | | 10.0 **10.0**509,508,0.406,338.126,338.532,130830
[CALIB_PROFILE] | 10.0 | | 10.0 **10.0**510,508,0.403,338.872,339.275,131338
[CALIB_PROFILE] | 10.0 | | 10.0 **10.0**511,508,0.404,339.125,339.529,131846
[CALIB_PROFILE] | 10.0 | | 10.0 **10.0**512,508,0.406,337.261,337.667,132354
[CALIB_PROFILE] | 10.0 | | 10.0 **10.0**513,100,0.401,87.937,88.338,132454
[CALIB_PROFILE] | 10.0 | | 10.0 **10.0**514,3,0.406,9.460,9.867,132457
[CALIB_PROFILE] | 10.0 | | 10.0 **10.0**515,186,0.405,131.870,132.275,132643
[CALIB_PROFILE] | 10.0 | | 10.0 **10.0**516,3,0.398,9.518,9.917,132646
[CALIB_PROFILE] | 10.0 | | 10.0 **10.0**517,63,0.402,70.251,70.654,132709
[CALIB_PROFILE] | 10.0 | | 10.0 **10.0**518,109,0.402,92.162,92.564,132818
[CALIB_PROFILE] | 10.0 | | 10.0 **10.0**519,64,0.400,70.681,71.082,132882
[CALIB_PROFILE] | 10.0 | | 10.0 **10.0**520,62,0.400,69.646,70.046,132944
[CALIB_PROFILE] | 10.0 | | 10.0 **10.0**521,3,0.405,9.409,9.814,132947
[CALIB_PROFILE] | 10.0 | | 10.0 **10.0**522,18,0.399,49.329,49.728,132965
[CALIB_PROFILE] | 10.0 | | 10.0 **10.0**523,37,0.403,58.108,58.512,133002
[CALIB_PROFILE] | 10.0 | | 10.0 **10.0**524,2,0.402,7.464,7.866,133004
[CALIB_PROFILE] | 10.0 | | 10.0 **10.0**525,72,0.401,74.286,74.686,133076
[CALIB_PROFILE] | 10.0 | | 10.0 **10.0**526,33,0.405,56.346,56.752,133109
[CALIB_PROFILE] | 10.0 | | 10.0 **10.0**527,508,0.404,336.751,337.156,133617
[CALIB_PROFILE] | 10.0 | | 10.0 **10.0**528,508,0.404,337.067,337.472,134125
[CALIB_PROFILE] | 10.0 | | 10.0 **10.0**529,508,0.403,338.676,339.080,134633
[CALIB_PROFILE] | 10.0 | | 10.0 **10.0**530,508,0.403,335.907,336.310,135141
[CALIB_PROFILE] | 10.0 | | 10.0 **10.0**531,508,0.406,337.829,338.236,135649
[CALIB_PROFILE] | 10.0 | | 10.0 **10.0**532,508,0.405,338.468,338.874,136157
[CALIB_PROFILE] | 10.0 | | 10.0 **10.0**533,508,0.400,336.956,337.356,136665
[CALIB_PROFILE] | 10.0 | | 10.0 **10.0**534,61,0.438,69.158,69.597,136726
[CALIB_PROFILE] | 10.0 | | 10.0 **10.0**535,34,0.403,56.937,57.340,136760
[CALIB_PROFILE] | 10.0 | | 10.0 **10.0**536,508,0.396,336.858,337.254,137268
[CALIB_PROFILE] | 10.0 | | 10.0 **10.0**537,508,0.410,339.280,339.690,137776
[CALIB_PROFILE] | 10.0 | | 10.0 **10.0**538,508,0.407,337.578,337.985,138284
[CALIB_PROFILE] | 10.0 | | 10.0 **10.0**539,382,0.423,268.933,269.357,138666
[CALIB_PROFILE] | 10.0 | | 10.0 **10.0**540,508,0.410,337.654,338.064,139174
[CALIB_PROFILE] | 10.0 | | 10.0 **10.0**541,508,0.407,336.122,336.529,139682
[CALIB_PROFILE] | 10.0 | | 10.0 **10.0**542,230,0.406,156.597,157.003,139912
[CALIB_PROFILE] | 10.0 | | 10.0 **10.0**543,22,0.419,51.218,51.638,139934
[CALIB_PROFILE] | 10.0 | | 10.0 **10.0**544,508,0.412,336.262,336.674,140442
[CALIB_PROFILE] | 10.0 | | 10.0 **10.0**545,18,0.406,49.459,49.865,140460
[CALIB_PROFILE] | 10.0 | | 10.0 **10.0**546,508,0.403,337.784,338.187,140968
[CALIB_PROFILE] | 10.0 | | 10.0 **10.0**547,25,0.423,52.539,52.962,140993
[CALIB_PROFILE] | 10.0 | | 10.0 **10.0**548,508,0.405,337.303,337.707,141501
[CALIB_PROFILE] | 10.0 | | 10.0 **10.0**549,15,0.403,48.025,48.429,141516
[CALIB_PROFILE] | 10.0 | | 10.0 **10.0**550,25,0.415,52.490,52.905,141541
[CALIB_PROFILE] | 10.0 | | 10.0 **10.0**551,508,0.406,335.181,335.588,142049
[CALIB_PROFILE] | 10.0 | | 10.0 **10.0**552,508,0.400,337.497,337.897,142557
[CALIB_PROFILE] | 10.0 | | 10.0 **10.0**553,508,0.400,337.388,337.788,143065
[CALIB_PROFILE] | 10.0 | | 10.0 **10.0**554,508,0.402,338.110,338.512,143573
[CALIB_PROFILE] | 10.0 | | 10.0 **10.0**555,508,0.408,337.519,337.927,144081
[CALIB_PROFILE] | 10.0 | | 10.0 **10.0**556,508,0.406,337.666,338.073,144589
[CALIB_PROFILE] | 10.0 | | 10.0 **10.0**557,508,0.410,338.890,339.300,145097
[CALIB_PROFILE] | 10.0 | | 10.0 **10.0**558,508,0.438,338.702,339.141,145605
[CALIB_PROFILE] | 10.0 | | 10.0 **10.0**559,508,0.402,337.047,337.449,146113
[CALIB_PROFILE] | 10.0 | | 10.0 **10.0**560,68,0.405,72.583,72.988,146181
[CALIB_PROFILE] | 10.0 | | 10.0 **10.0**561,508,0.414,336.601,337.015,146689
[CALIB_PROFILE] | 10.0 | | 10.0 **10.0**562,508,0.406,337.248,337.653,147197
[CALIB_PROFILE] | 10.0 | | 10.0 **10.0**563,508,0.402,337.303,337.705,147705
[CALIB_PROFILE] | 10.0 | | 10.0 **10.0**564,508,0.402,337.194,337.596,148213
[CALIB_PROFILE] | 10.0 | | 10.0 **10.0**565,508,0.405,337.622,338.027,148721
[CALIB_PROFILE] | 10.0 | | 10.0 **10.0**566,508,0.414,338.415,338.829,149229
[CALIB_PROFILE] | 10.0 | | 10.0 **10.0**567,508,0.406,337.238,337.645,149737
[CALIB_PROFILE] | 10.0 | | 10.0 **10.0**568,508,0.400,338.535,338.936,150245
[CALIB_PROFILE] | 10.0 | | 10.0 **10.0**569,508,0.402,336.952,337.355,150753
[CALIB_PROFILE] | 10.0 | | 10.0 **10.0**570,243,0.406,162.860,163.266,150996
[CALIB_PROFILE] | 10.0 | | 10.0 **10.0**571,28,0.403,54.009,54.412,151024
[CALIB_PROFILE] | 10.0 | | 10.0 **10.0**572,1,0.397,4.439,4.836,151025
[CALIB_PROFILE] | 10.0 | | 10.0 **10.0**573,7,0.412,44.355,44.767,151032
[CALIB_PROFILE] | 10.0 | | 10.0 **10.0**574,294,0.403,224.926,225.329,151326
[CALIB_PROFILE] | 10.0 | | 10.0 **10.0**575,1,0.400,4.468,4.868,151327
[CALIB_PROFILE] | 10.0 | | 10.0 **10.0**576,6,0.412,43.871,44.284,151333
[CALIB_PROFILE] | 10.0 | | 10.0 **10.0**577,89,0.408,82.292,82.700,151422
[CALIB_PROFILE] | 10.0 | | 10.0 **10.0**578,46,0.402,62.260,62.662,151468
[CALIB_PROFILE] | 10.0 | | 10.0 **10.0**579,36,0.395,57.663,58.059,151504
[CALIB_PROFILE] | 10.0 | | 10.0 **10.0**580,1,0.399,4.434,4.833,151505
[CALIB_PROFILE] | 10.0 | | 10.0 **10.0**581,7,0.410,44.348,44.758,151512
[CALIB_PROFILE] | 10.0 | | 10.0 **10.0**582,35,0.434,57.210,57.645,151547
[CALIB_PROFILE] | 10.0 | | 10.0 **10.0**583,37,0.400,58.119,58.520,151584
[CALIB_PROFILE] | 10.0 | | 10.0 **10.0**584,1,0.419,4.453,4.871,151585
[CALIB_PROFILE] | 10.0 | | 10.0 **10.0**585,7,0.410,44.372,44.783,151592
[CALIB_PROFILE] | 10.0 | | 10.0 **10.0**586,45,0.406,61.784,62.190,151637
[CALIB_PROFILE] | 10.0 | | 10.0 **10.0**587,109,0.408,92.041,92.449,151746
[CALIB_PROFILE] | 10.0 | | 10.0 **10.0**588,45,0.398,61.852,62.250,151791
[CALIB_PROFILE] | 10.0 | | 10.0 **10.0**589,51,0.404,64.591,64.995,151842
[CALIB_PROFILE] | 10.0 | | 10.0 **10.0**590,1,0.417,4.445,4.862,151843
[CALIB_PROFILE] | 10.0 | | 10.0 **10.0**591,8,0.405,44.821,45.227,151851
[CALIB_PROFILE] | 10.0 | | 10.0 **10.0**592,74,0.404,75.155,75.560,151925
[CALIB_PROFILE] | 10.0 | | 10.0 **10.0**593,1,0.398,4.471,4.870,151926
[CALIB_PROFILE] | 10.0 | | 10.0 **10.0**594,5,0.414,43.466,43.880,151931
[CALIB_PROFILE] | 10.0 | | 10.0 **10.0**595,22,0.400,51.120,51.519,151953
[CALIB_PROFILE] | 10.0 | | 10.0 **10.0**596,38,0.403,58.470,58.873,151991
[CALIB_PROFILE] | 10.0 | | 10.0 **10.0**597,41,0.403,59.965,60.368,152032
[CALIB_PROFILE] | 10.0 | | 10.0 **10.0**598,35,0.401,57.227,57.629,152067
[CALIB_PROFILE] | 10.0 | | 10.0 **10.0**599,508,0.403,335.739,336.142,152575
[CALIB_PROFILE] | 10.0 | | 10.0 **10.0**600,508,0.407,336.987,337.394,153083
[CALIB_PROFILE] | 10.0 | | 10.0 **10.0**601,508,0.403,337.728,338.131,153591
[CALIB_PROFILE] | 10.0 | | 10.0 **10.0**602,508,0.403,335.911,336.315,154099
[CALIB_PROFILE] | 10.0 | | 10.0 **10.0**603,508,0.409,337.409,337.817,154607
[CALIB_PROFILE] | 10.0 | | 10.0 **10.0**604,508,0.433,338.782,339.215,155115
[CALIB_PROFILE] | 10.0 | | 10.0 **10.0**605,508,0.417,336.425,336.843,155623
[CALIB_PROFILE] | 10.0 | | 10.0 **10.0**606,255,0.409,169.629,170.038,155878
[CALIB_PROFILE] | 10.0 | | 10.0 **10.0**607,508,0.406,337.319,337.726,156386
[CALIB_PROFILE] | 10.0 | | 10.0 **10.0**608,508,0.402,338.762,339.164,156894
[CALIB_PROFILE] | 10.0 | | 10.0 **10.0**609,508,0.405,336.549,336.954,157402
[CALIB_PROFILE] | 10.0 | | 10.0 **10.0**610,508,0.422,337.721,338.144,157910
[CALIB_PROFILE] | 10.0 | | 10.0 **10.0**611,508,0.405,337.335,337.741,158418
[CALIB_PROFILE] | 10.0 | | 10.0 **10.0**612,508,0.440,336.774,337.214,158926
[CALIB_PROFILE] | 10.0 | | 10.0 **10.0**613,508,0.407,339.086,339.493,159434
[CALIB_PROFILE] | 10.0 | | 10.0 **10.0**614,508,0.405,338.503,338.909,159942
[CALIB_PROFILE] | 10.0 | | 10.0 **10.0**615,508,0.406,336.779,337.186,160450
[CALIB_PROFILE] | 10.0 | | 10.0 **10.0**616,100,0.405,87.826,88.232,160550
[CALIB_PROFILE] | 10.0 | | 10.0 **10.0**617,508,0.400,337.966,338.367,161058
[CALIB_PROFILE] | 10.0 | | 10.0 **10.0**618,422,0.414,289.500,289.914,161480
[CALIB_PROFILE] | 10.0 | | 10.0 **10.0**619,508,0.407,336.428,336.835,161988
[CALIB_PROFILE] | 10.0 | | 10.0 **10.0**620,100,0.406,87.736,88.142,162088
[CALIB_PROFILE] | 10.0 | | 10.0 **10.0**621,508,0.408,338.107,338.515,162596
[CALIB_PROFILE] | 10.0 | | 10.0 **10.0**622,508,0.400,337.030,337.429,163104
[CALIB_PROFILE] | 10.0 | | 10.0 **10.0**623,508,0.408,337.257,337.666,163612
[CALIB_PROFILE] | 10.0 | | 10.0 **10.0**624,100,0.407,87.721,88.129,163712
[CALIB_PROFILE] | 10.0 | | 10.0 **10.0**625,508,0.405,337.284,337.689,164220
[CALIB_PROFILE] | 10.0 | | 10.0 **10.0**626,27,0.401,53.530,53.931,164247
[CALIB_PROFILE] | 10.0 | | 10.0 **10.0**627,4,0.403,42.949,43.352,164251
[CALIB_PROFILE] | 10.0 | | 10.0 **10.0**628,134,0.409,104.789,105.197,164385
[CALIB_PROFILE] | 10.0 | | 10.0 **10.0**629,5,0.408,43.512,43.920,164390
[CALIB_PROFILE] | 10.0 | | 10.0 **10.0**630,66,0.405,71.534,71.939,164456
[CALIB_PROFILE] | 10.0 | | 10.0 **10.0**631,26,0.403,52.964,53.367,164482
[CALIB_PROFILE] | 10.0 | | 10.0 **10.0**632,62,0.398,69.703,70.102,164544
[CALIB_PROFILE] | 10.0 | | 10.0 **10.0**633,26,0.397,52.971,53.368,164570
[CALIB_PROFILE] | 10.0 | | 10.0 **10.0**634,33,0.403,56.338,56.741,164603
[CALIB_PROFILE] | 10.0 | | 10.0 **10.0**635,508,0.399,336.045,336.444,165111
[CALIB_PROFILE] | 10.0 | | 10.0 **10.0**636,508,0.406,336.598,337.004,165619
[CALIB_PROFILE] | 10.0 | | 10.0 **10.0**637,508,0.421,337.964,338.385,166127
[CALIB_PROFILE] | 10.0 | | 10.0 **10.0**638,508,0.400,335.633,336.034,166635
[CALIB_PROFILE] | 10.0 | | 10.0 **10.0**639,508,0.402,337.127,337.529,167143
[CALIB_PROFILE] | 10.0 | | 10.0 **10.0**640,508,0.408,338.101,338.509,167651
[CALIB_PROFILE] | 10.0 | | 10.0 **10.0**641,508,0.401,337.398,337.799,168159
[CALIB_PROFILE] | 10.0 | | 10.0 **10.0**642,508,0.400,339.584,339.985,168667
[CALIB_PROFILE] | 10.0 | | 10.0 **10.0**643,508,0.404,338.137,338.542,169175
[CALIB_PROFILE] | 10.0 | | 10.0 **10.0**644,508,0.405,339.483,339.888,169683
[CALIB_PROFILE] | 10.0 | | 10.0 **10.0**645,508,0.408,337.388,337.796,170191
[CALIB_PROFILE] | 10.0 | | 10.0 **10.0**646,508,0.408,338.357,338.765,170699
[CALIB_PROFILE] | 10.0 | | 10.0 **10.0**647,508,0.407,338.196,338.604,171207
[CALIB_PROFILE] | 10.0 | | 10.0 **10.0**648,508,0.402,338.104,338.506,171715
[CALIB_PROFILE] | 10.0 | | 10.0 **10.0**649,508,0.402,339.049,339.451,172223
[CALIB_PROFILE] | 10.0 | | 10.0 **10.0**650,33,0.402,56.460,56.862,172256
[CALIB_PROFILE] | 10.0 | | 10.0 **10.0**651,508,0.406,336.055,336.462,172764
[CALIB_PROFILE] | 10.0 | | 10.0 **10.0**652,508,0.402,338.534,338.936,173272
[CALIB_PROFILE] | 10.0 | | 10.0 **10.0**653,508,0.400,338.445,338.845,173780
[CALIB_PROFILE] | 10.0 | | 10.0 **10.0**654,222,0.405,151.200,151.605,174002
[CALIB_PROFILE] | 10.0 | | 10.0 **10.0**655,508,0.410,337.093,337.503,174510
[CALIB_PROFILE] | 10.0 | | 10.0 **10.0**656,508,0.405,337.298,337.703,175018
[CALIB_PROFILE] | 10.0 | | 10.0 **10.0**657,508,0.404,338.663,339.067,175526
[CALIB_PROFILE] | 10.0 | | 10.0 **10.0**658,508,0.400,335.936,336.336,176034
[CALIB_PROFILE] | 10.0 | | 10.0 **10.0**659,508,0.403,337.438,337.842,176542
[CALIB_PROFILE] | 10.0 | | 10.0 **10.0**660,508,0.400,337.989,338.389,177050
[CALIB_PROFILE] | 10.0 | | 10.0 **10.0**661,508,0.409,337.357,337.766,177558
[CALIB_PROFILE] | 10.0 | | 10.0 **10.0**662,32,0.412,55.680,56.092,177590
[CALIB_PROFILE] | 10.0 | | 10.0 **10.0**663,62,0.416,69.671,70.088,177652
[CALIB_PROFILE] | 10.0 | | 10.0 **10.0**664,508,0.407,336.509,336.917,178160
[CALIB_PROFILE] | 10.0 | | 10.0 **10.0**665,77,0.410,76.715,77.125,178237
[CALIB_PROFILE] | 10.0 | | 10.0 **10.0**666,508,0.408,337.836,338.244,178745
[CALIB_PROFILE] | 10.0 | | 10.0 **10.0**667,508,0.403,338.273,338.676,179253
[CALIB_PROFILE] | 10.0 | | 10.0 **10.0**668,2,0.406,7.556,7.962,179255
[CALIB_PROFILE] | 10.0 | | 10.0 **10.0**669,33,0.407,56.315,56.722,179288
[CALIB_PROFILE] | 10.0 | | 10.0 **10.0**670,74,0.398,75.227,75.626,179362
[CALIB_PROFILE] | 10.0 | | 10.0 **10.0**671,59,0.399,68.283,68.682,179421
[CALIB_PROFILE] | 10.0 | | 10.0 **10.0**672,79,0.416,77.606,78.022,179500
[CALIB_PROFILE] | 10.0 | | 10.0 **10.0**673,86,0.406,81.148,81.554,179586
[CALIB_PROFILE] | 10.0 | | 10.0 **10.0**674,17,0.401,48.887,49.289,179603
[CALIB_PROFILE] | 10.0 | | 10.0 **10.0**675,17,0.403,48.857,49.260,179620
[CALIB_PROFILE] | 10.0 | | 10.0 **10.0**676,19,0.400,49.813,50.214,179639
[CALIB_PROFILE] | 10.0 | | 10.0 **10.0**677,508,0.397,335.831,336.228,180147
[CALIB_PROFILE] | 10.0 | | 10.0 **10.0**678,508,0.406,337.574,337.980,180655
[CALIB_PROFILE] | 10.0 | | 10.0 **10.0**679,508,0.406,338.281,338.687,181163
[CALIB_PROFILE] | 10.0 | | 10.0 **10.0**680,508,0.409,335.652,336.061,181671
[CALIB_PROFILE] | 10.0 | | 10.0 **10.0**681,508,0.408,337.622,338.029,182179
[CALIB_PROFILE] | 10.0 | | 10.0 **10.0**682,508,0.409,338.917,339.327,182687
[CALIB_PROFILE] | 10.0 | | 10.0 **10.0**683,508,0.415,337.227,337.642,183195
[CALIB_PROFILE] | 10.0 | | 10.0 **10.0**684,508,0.406,337.606,338.013,183703
[CALIB_PROFILE] | 10.0 | | 10.0 **10.0**685,33,0.405,56.322,56.727,183736
[CALIB_PROFILE] | 10.0 | | 10.0 **10.0**686,508,0.406,337.898,338.304,184244
[CALIB_PROFILE] | 10.0 | | 10.0 **10.0**687,508,0.403,338.054,338.457,184752
[CALIB_PROFILE] | 10.0 | | 10.0 **10.0**688,508,0.398,337.475,337.874,185260
[CALIB_PROFILE] | 10.0 | | 10.0 **10.0**689,508,0.448,337.145,337.595,185768
[CALIB_PROFILE] | 10.0 | | 10.0 **10.0**690,7,0.403,44.401,44.803,185775
[CALIB_PROFILE] | 10.0 | | 10.0 **10.0**691,508,0.398,336.649,337.047,186283
[CALIB_PROFILE] | 10.0 | | 10.0 **10.0**692,508,0.404,337.300,337.704,186791
[CALIB_PROFILE] | 10.0 | | 10.0 **10.0**693,508,0.403,337.342,337.746,187299
[CALIB_PROFILE] | 10.0 | | 10.0 **10.0**694,508,0.405,337.514,337.919,187807
[CALIB_PROFILE] | 10.0 | | 10.0 **10.0**695,4,0.404,43.070,43.474,187811
[CALIB_PROFILE] | 10.0 | | 10.0 **10.0**696,44,0.401,61.305,61.706,187855
[CALIB_PROFILE] | 10.0 | | 10.0 **10.0**697,28,0.400,53.910,54.310,187883
[CALIB_PROFILE] | 10.0 | | 10.0 **10.0**698,29,0.400,54.338,54.738,187912
[CALIB_PROFILE] | 10.0 | | 10.0 **10.0**699,21,0.399,50.698,51.097,187933
[CALIB_PROFILE] | 10.0 | | 10.0 **10.0**700,53,0.399,65.446,65.845,187986
[CALIB_PROFILE] | 10.0 | | 10.0 **10.0**701,45,0.400,61.805,62.205,188031
[CALIB_PROFILE] | 10.0 | | 10.0 **10.0**702,37,0.400,58.097,58.498,188068
[CALIB_PROFILE] | 10.0 | | 10.0 **10.0**703,508,0.404,335.042,335.447,188576
[CALIB_PROFILE] | 10.0 | | 10.0 **10.0**704,508,0.412,335.578,335.991,189084
[CALIB_PROFILE] | 10.0 | | 10.0 **10.0**705,22,0.410,51.239,51.649,189106
[CALIB_PROFILE] | 10.0 | | 10.0 **10.0**706,27,0.398,53.426,53.824,189133
[CALIB_PROFILE] | 10.0 | | 10.0 **10.0**707,9,0.402,45.181,45.584,189142
[CALIB_PROFILE] | 10.0 | | 10.0 **10.0**708,232,0.407,157.242,157.649,189374
[CALIB_PROFILE] | 10.0 | | 10.0 **10.0**709,508,0.402,336.792,337.194,189882
[CALIB_PROFILE] | 10.0 | | 10.0 **10.0**710,79,0.405,77.677,78.082,189961
[CALIB_PROFILE] | 10.0 | | 10.0 **10.0**711,64,0.404,70.600,71.004,190025
[CALIB_PROFILE] | 10.0 | | 10.0 **10.0**712,50,0.400,64.221,64.622,190075
[CALIB_PROFILE] | 10.0 | | 10.0 **10.0**713,400,0.398,276.928,277.327,190475
[CALIB_PROFILE] | 10.0 | | 10.0 **10.0**714,22,0.401,51.221,51.622,190497
[CALIB_PROFILE] | 10.0 | | 10.0 **10.0**715,91,0.403,83.143,83.546,190588
[CALIB_PROFILE] | 10.0 | | 10.0 **10.0**716,3,0.404,9.512,9.917,190591
[CALIB_PROFILE] | 10.0 | | 10.0 **10.0**717,94,0.407,84.776,85.183,190685
[CALIB_PROFILE] | 10.0 | | 10.0 **10.0**718,68,0.412,72.578,72.990,190753
[CALIB_PROFILE] | 10.0 | | 10.0 **10.0**719,94,0.406,84.763,85.169,190847
[CALIB_PROFILE] | 10.0 | | 10.0 **10.0**720,24,0.398,52.052,52.450,190871
[CALIB_PROFILE] | 10.0 | | 10.0 **10.0**721,508,0.400,335.530,335.930,191379
[CALIB_PROFILE] | 10.0 | | 10.0 **10.0**722,508,0.403,336.438,336.842,191887
[CALIB_PROFILE] | 10.0 | | 10.0 **10.0**723,508,0.399,338.708,339.107,192395
[CALIB_PROFILE] | 10.0 | | 10.0 **10.0**724,508,0.445,336.167,336.612,192903
[CALIB_PROFILE] | 10.0 | | 10.0 **10.0**725,508,0.402,337.401,337.803,193411
[CALIB_PROFILE] | 10.0 | | 10.0 **10.0**726,508,0.423,337.799,338.222,193919
[CALIB_PROFILE] | 10.0 | | 10.0 **10.0**727,508,0.405,336.925,337.330,194427
[CALIB_PROFILE] | 10.0 | | 10.0 **10.0**728,30,0.409,54.836,55.246,194457
[CALIB_PROFILE] | 10.0 | | 10.0 **10.0**729,55,0.415,66.454,66.870,194512
[CALIB_PROFILE] | 10.0 | | 10.0 **10.0**730,28,0.408,53.831,54.239,194540
[CALIB_PROFILE] | 10.0 | | 10.0 **10.0**731,508,0.405,336.417,336.823,195048
[CALIB_PROFILE] | 10.0 | | 10.0 **10.0**732,508,0.455,335.123,335.578,195556
[CALIB_PROFILE] | 10.0 | | 10.0 **10.0**733,484,0.404,323.394,323.798,196040
[CALIB_PROFILE] | 10.0 | | 10.0 **10.0**734,508,0.404,334.999,335.404,196548
[CALIB_PROFILE] | 10.0 | | 10.0 **10.0**735,508,0.407,335.709,336.116,197056
[CALIB_PROFILE] | 10.0 | | 10.0 **10.0**736,508,0.410,337.357,337.767,197564
[CALIB_PROFILE] | 10.0 | | 10.0 **10.0**737,36,0.404,57.522,57.926,197600
[CALIB_PROFILE] | 10.0 | | 10.0 **10.0**738,508,0.406,337.474,337.880,198108
[CALIB_PROFILE] | 10.0 | | 10.0 **10.0**739,508,0.403,336.279,336.682,198616
[CALIB_PROFILE] | 10.0 | | 10.0 **10.0**740,508,0.405,337.423,337.828,199124
[CALIB_PROFILE] | 10.0 | | 10.0 **10.0**741,321,0.415,237.884,238.299,199445
[CALIB_PROFILE] | 10.0 | | 10.0 **10.0**742,20,0.405,50.288,50.694,199465
[CALIB_PROFILE] | 10.0 | | 10.0 **10.0**743,4,0.407,42.979,43.386,199469
[CALIB_PROFILE] | 10.0 | | 10.0 **10.0**744,74,0.401,75.200,75.601,199543
[CALIB_PROFILE] | 10.0 | | 10.0 **10.0**745,3,0.406,9.391,9.798,199546
[CALIB_PROFILE] | 10.0 | | 10.0 **10.0**746,135,0.409,105.234,105.643,199681
[CALIB_PROFILE] | 10.0 | | 10.0 **10.0**747,3,0.407,9.430,9.837,199684
[CALIB_PROFILE] | 10.0 | | 10.0 **10.0**748,70,0.401,73.405,73.806,199754
[CALIB_PROFILE] | 10.0 | | 10.0 **10.0**749,9,0.402,45.235,45.637,199763
[CALIB_PROFILE] | 10.0 | | 10.0 **10.0**750,13,0.407,47.028,47.436,199776
[CALIB_PROFILE] | 10.0 | | 10.0 **10.0**751,98,0.400,86.570,86.971,199874
[CALIB_PROFILE] | 10.0 | | 10.0 **10.0**752,56,0.401,66.917,67.318,199930
[CALIB_PROFILE] | 10.0 | | 10.0 **10.0**753,16,0.417,48.427,48.844,199946
[CALIB_PROFILE] | 10.0 | | 10.0 **10.0**754,508,0.401,335.593,335.995,200454
[CALIB_PROFILE] | 10.0 | | 10.0 **10.0**755,508,0.405,336.660,337.065,200962
[CALIB_PROFILE] | 10.0 | | 10.0 **10.0**756,508,0.401,337.975,338.377,201470
[CALIB_PROFILE] | 10.0 | | 10.0 **10.0**757,508,0.412,335.308,335.720,201978
[CALIB_PROFILE] | 10.0 | | 10.0 **10.0**758,508,0.414,337.574,337.988,202486
[CALIB_PROFILE] | 10.0 | | 10.0 **10.0**759,508,0.408,338.576,338.984,202994
[CALIB_PROFILE] | 10.0 | | 10.0 **10.0**760,508,0.453,337.238,337.691,203502
[CALIB_PROFILE] | 10.0 | | 10.0 **10.0**761,508,0.399,337.617,338.017,204010
[CALIB_PROFILE] | 10.0 | | 10.0 **10.0**762,508,0.403,338.023,338.426,204518
[CALIB_PROFILE] | 10.0 | | 10.0 **10.0**763,40,0.445,59.552,59.997,204558
[CALIB_PROFILE] | 10.0 | | 10.0 **10.0**764,40,0.406,59.499,59.905,204598
[CALIB_PROFILE] | 10.0 | | 10.0 **10.0**765,46,0.405,62.248,62.653,204644
[CALIB_PROFILE] | 10.0 | | 10.0 **10.0**766,1,0.398,4.446,4.844,204645
[CALIB_PROFILE] | 10.0 | | 10.0 **10.0**767,63,0.412,70.136,70.548,204708
[CALIB_PROFILE] | 10.0 | | 10.0 **10.0**768,16,0.407,48.462,48.869,204724
[CALIB_PROFILE] | 10.0 | | 10.0 **10.0**769,508,0.405,335.036,335.441,205232
[CALIB_PROFILE] | 10.0 | | 10.0 **10.0**770,508,0.403,336.260,336.663,205740
[CALIB_PROFILE] | 10.0 | | 10.0 **10.0**771,508,0.407,337.867,338.274,206248
[CALIB_PROFILE] | 10.0 | | 10.0 **10.0**772,508,0.403,334.856,335.259,206756
[CALIB_PROFILE] | 10.0 | | 10.0 **10.0**773,508,0.404,336.939,337.343,207264
[CALIB_PROFILE] | 10.0 | | 10.0 **10.0**774,508,0.414,337.266,337.681,207772
[CALIB_PROFILE] | 10.0 | | 10.0 **10.0**775,508,0.405,336.470,336.875,208280
[CALIB_PROFILE] | 10.0 | | 10.0 **10.0**776,508,0.400,338.481,338.882,208788
[CALIB_PROFILE] | 10.0 | | 10.0 **10.0**777,508,0.403,340.072,340.476,209296
[CALIB_PROFILE] | 10.0 | | 10.0 **10.0**778,508,0.406,338.160,338.566,209804
[CALIB_PROFILE] | 10.0 | | 10.0 **10.0**779,508,0.435,337.567,338.003,210312
[CALIB_PROFILE] | 10.0 | | 10.0 **10.0**780,508,0.406,338.398,338.805,210820
[CALIB_PROFILE] | 10.0 | | 10.0 **10.0**781,508,0.402,337.452,337.854,211328
[CALIB_PROFILE] | 10.0 | | 10.0 **10.0**782,508,0.402,337.057,337.460,211836
[CALIB_PROFILE] | 10.0 | | 10.0 **10.0**783,508,0.406,337.586,337.992,212344
[CALIB_PROFILE] | 10.0 | | 10.0 **10.0**784,508,0.427,334.977,335.404,212852
[CALIB_PROFILE] | 10.0 | | 10.0 **10.0**785,508,0.401,334.502,334.903,213360
[CALIB_PROFILE] | 10.0 | | 10.0 **10.0**786,508,0.410,334.903,335.313,213868
[CALIB_PROFILE] | 10.0 | | 10.0 **10.0**787,62,0.400,69.748,70.149,213930
[CALIB_PROFILE] | 10.0 | | 10.0 **10.0**788,352,0.400,253.016,253.415,214282
[CALIB_PROFILE] | 10.0 | | 10.0 **10.0**789,508,0.403,336.944,337.348,214790
[CALIB_PROFILE] | 10.0 | | 10.0 **10.0**790,508,0.407,337.152,337.559,215298
[CALIB_PROFILE] | 10.0 | | 10.0 **10.0**791,41,0.413,60.063,60.476,215339
[CALIB_PROFILE] | 10.0 | | 10.0 **10.0**792,62,0.402,69.646,70.048,215401
[CALIB_PROFILE] | 10.0 | | 10.0 **10.0**793,508,0.402,334.800,335.202,215909
[CALIB_PROFILE] | 10.0 | | 10.0 **10.0**794,508,0.404,334.963,335.368,216417
[CALIB_PROFILE] | 10.0 | | 10.0 **10.0**795,508,0.405,336.823,337.229,216925
[CALIB_PROFILE] | 10.0 | | 10.0 **10.0**796,58,0.402,67.757,68.159,216983
[CALIB_PROFILE] | 10.0 | | 10.0 **10.0**797,54,0.399,65.887,66.287,217037
[CALIB_PROFILE] | 10.0 | | 10.0 **10.0**798,110,0.408,92.610,93.018,217147
[CALIB_PROFILE] | 10.0 | | 10.0 **10.0**799,52,0.410,65.082,65.493,217199
[CALIB_PROFILE] | 10.0 | | 10.0 **10.0**800,508,0.401,335.323,335.724,217707
[CALIB_PROFILE] | 10.0 | | 10.0 **10.0**801,508,0.399,336.095,336.494,218215
[CALIB_PROFILE] | 10.0 | | 10.0 **10.0**802,508,0.412,336.868,337.280,218723
[CALIB_PROFILE] | 10.0 | | 10.0 **10.0**803,508,0.409,334.853,335.262,219231
[CALIB_PROFILE] | 10.0 | | 10.0 **10.0**804,508,0.405,337.852,338.257,219739
[CALIB_PROFILE] | 10.0 | | 10.0 **10.0**805,508,0.399,337.139,337.538,220247
[CALIB_PROFILE] | 10.0 | | 10.0 **10.0**806,508,0.401,336.971,337.373,220755
[CALIB_PROFILE] | 10.0 | | 10.0 **10.0**807,508,0.399,336.181,336.580,221263
[CALIB_PROFILE] | 10.0 | | 10.0 **10.0**808,508,0.403,337.241,337.644,221771
[CALIB_PROFILE] | 10.0 | | 10.0 **10.0**809,4,0.416,42.967,43.383,221775
[CALIB_PROFILE] | 10.0 | | 10.0 **10.0**810,186,0.401,131.773,132.174,221961
[CALIB_PROFILE] | 10.0 | | 10.0 **10.0**811,49,0.403,63.807,64.210,222010
[CALIB_PROFILE] | 10.0 | | 10.0 **10.0**812,508,0.406,336.916,337.322,222518
[CALIB_PROFILE] | 10.0 | | 10.0 **10.0**813,99,0.410,87.186,87.597,222617
[CALIB_PROFILE] | 10.0 | | 10.0 **10.0**814,508,0.402,335.509,335.911,223125
[CALIB_PROFILE] | 10.0 | | 10.0 **10.0**815,508,0.401,336.322,336.724,223633
[CALIB_PROFILE] | 10.0 | | 10.0 **10.0**816,508,0.401,337.548,337.949,224141
[CALIB_PROFILE] | 10.0 | | 10.0 **10.0**817,508,0.402,334.750,335.153,224649
[CALIB_PROFILE] | 10.0 | | 10.0 **10.0**818,508,0.401,337.098,337.500,225157
[CALIB_PROFILE] | 10.0 | | 10.0 **10.0**819,508,0.428,337.407,337.835,225665
[CALIB_PROFILE] | 10.0 | | 10.0 **10.0**820,508,0.411,336.445,336.856,226173
[CALIB_PROFILE] | 10.0 | | 10.0 **10.0**821,54,0.402,66.015,66.417,226227
[CALIB_PROFILE] | 10.0 | | 10.0 **10.0**822,508,0.409,335.779,336.189,226735
[CALIB_PROFILE] | 10.0 | | 10.0 **10.0**823,251,0.400,167.288,167.688,226986
[CALIB_PROFILE] | 10.0 | | 10.0 **10.0**824,508,0.413,335.810,336.223,227494
[CALIB_PROFILE] | 10.0 | | 10.0 **10.0**825,48,0.400,63.198,63.599,227542
[CALIB_PROFILE] | 10.0 | | 10.0 **10.0**826,508,0.406,337.019,337.426,228050
[CALIB_PROFILE] | 10.0 | | 10.0 **10.0**827,508,0.411,335.533,335.944,228558
[CALIB_PROFILE] | 10.0 | | 10.0 **10.0**828,302,0.404,228.857,229.261,228860
[CALIB_PROFILE] | 10.0 | | 10.0 **10.0**829,508,0.402,335.350,335.752,229368
[CALIB_PROFILE] | 10.0 | | 10.0 **10.0**830,508,0.401,335.660,336.061,229876
[CALIB_PROFILE] | 10.0 | | 10.0 **10.0**831,508,0.401,338.523,338.923,230384
[CALIB_PROFILE] | 10.0 | | 10.0 **10.0**832,508,0.400,338.478,338.878,230892
[CALIB_PROFILE] | 10.0 | | 10.0 **10.0**833,248,0.409,165.180,165.589,231140
[CALIB_PROFILE] | 10.0 | | 10.0 **10.0**834,24,0.410,52.061,52.471,231164
[CALIB_PROFILE] | 10.0 | | 10.0 **10.0**835,508,0.403,334.618,335.021,231672
[CALIB_PROFILE] | 10.0 | | 10.0 **10.0**836,508,0.400,335.898,336.298,232180
[CALIB_PROFILE] | 10.0 | | 10.0 **10.0**837,337,0.409,245.577,245.986,232517
[CALIB_PROFILE] | 10.0 | | 10.0 **10.0**838,23,0.406,51.624,52.030,232540
[CALIB_PROFILE] | 10.0 | | 10.0 **10.0**839,4,0.404,42.935,43.340,232544
[CALIB_PROFILE] | 10.0 | | 10.0 **10.0**840,63,0.403,69.977,70.380,232607
[CALIB_PROFILE] | 10.0 | | 10.0 **10.0**841,4,0.400,42.981,43.381,232611
[CALIB_PROFILE] | 10.0 | | 10.0 **10.0**842,176,0.405,126.250,126.656,232787
[CALIB_PROFILE] | 10.0 | | 10.0 **10.0**843,4,0.401,43.072,43.474,232791
[CALIB_PROFILE] | 10.0 | | 10.0 **10.0**844,76,0.405,76.147,76.552,232867
[CALIB_PROFILE] | 10.0 | | 10.0 **10.0**845,508,0.400,335.035,335.435,233375
[CALIB_PROFILE] | 10.0 | | 10.0 **10.0**846,508,0.403,336.079,336.482,233883
[CALIB_PROFILE] | 10.0 | | 10.0 **10.0**847,508,0.404,337.147,337.552,234391
[CALIB_PROFILE] | 10.0 | | 10.0 **10.0**848,508,0.414,335.042,335.456,234899
[CALIB_PROFILE] | 10.0 | | 10.0 **10.0**849,508,0.403,337.149,337.552,235407
[CALIB_PROFILE] | 10.0 | | 10.0 **10.0**850,508,0.404,336.814,337.218,235915
[CALIB_PROFILE] | 10.0 | | 10.0 **10.0**851,508,0.403,336.156,336.560,236423
[CALIB_PROFILE] | 10.0 | | 10.0 **10.0**852,38,0.442,58.415,58.857,236461
[CALIB_PROFILE] | 10.0 | | 10.0 **10.0**853,17,0.441,48.755,49.196,236478
[CALIB_PROFILE] | 10.0 | | 10.0 **10.0**854,28,0.419,53.832,54.251,236506
[CALIB_PROFILE] | 10.0 | | 10.0 **10.0**855,51,0.416,64.504,64.920,236557
[CALIB_PROFILE] | 10.0 | | 10.0 **10.0**856,25,0.408,52.457,52.865,236582
[CALIB_PROFILE] | 10.0 | | 10.0 **10.0**857,34,0.409,56.701,57.110,236616
[CALIB_PROFILE] | 10.0 | | 10.0 **10.0**858,28,0.408,53.806,54.214,236644
[CALIB_PROFILE] | 10.0 | | 10.0 **10.0**859,508,0.407,334.773,335.181,237152
[CALIB_PROFILE] | 10.0 | | 10.0 **10.0**860,11,0.415,46.043,46.459,237163
[CALIB_PROFILE] | 10.0 | | 10.0 **10.0**861,6,0.406,43.791,44.197,237169
[CALIB_PROFILE] | 10.0 | | 10.0 **10.0**862,50,0.406,64.090,64.497,237219
[CALIB_PROFILE] | 10.0 | | 10.0 **10.0**863,108,0.413,91.508,91.921,237327
[CALIB_PROFILE] | 10.0 | | 10.0 **10.0**864,54,0.410,66.010,66.419,237381
[CALIB_PROFILE] | 10.0 | | 10.0 **10.0**865,38,0.408,58.437,58.845,237419
[CALIB_PROFILE] | 10.0 | | 10.0 **10.0**866,64,0.408,70.441,70.849,237483
[CALIB_PROFILE] | 10.0 | | 10.0 **10.0**867,46,0.411,62.216,62.628,237529
[CALIB_PROFILE] | 10.0 | | 10.0 **10.0**868,66,0.403,71.530,71.934,237595
[CALIB_PROFILE] | 10.0 | | 10.0 **10.0**869,32,0.416,55.672,56.088,237627
[CALIB_PROFILE] | 10.0 | | 10.0 **10.0**870,6,0.408,43.845,44.253,237633
[CALIB_PROFILE] | 10.0 | | 10.0 **10.0**871,219,0.410,149.170,149.580,237852
[CALIB_PROFILE] | 10.0 | | 10.0 **10.0**872,4,0.407,42.963,43.370,237856
[CALIB_PROFILE] | 10.0 | | 10.0 **10.0**873,105,0.413,89.869,90.282,237961
[CALIB_PROFILE] | 10.0 | | 10.0 **10.0**874,52,0.406,64.931,65.337,238013
[CALIB_PROFILE] | 10.0 | | 10.0 **10.0**875,30,0.406,54.704,55.111,238043
[CALIB_PROFILE] | 10.0 | | 10.0 **10.0**876,508,0.411,335.502,335.913,238551
[CALIB_PROFILE] | 10.0 | | 10.0 **10.0**877,508,0.420,335.480,335.900,239059
[CALIB_PROFILE] | 10.0 | | 10.0 **10.0**878,508,0.406,336.772,337.179,239567
[CALIB_PROFILE] | 10.0 | | 10.0 **10.0**879,508,0.413,335.043,335.457,240075
[CALIB_PROFILE] | 10.0 | | 10.0 **10.0**880,508,0.407,336.590,336.998,240583
[CALIB_PROFILE] | 10.0 | | 10.0 **10.0**881,508,0.422,337.104,337.526,241091
[CALIB_PROFILE] | 10.0 | | 10.0 **10.0**882,508,0.423,336.142,336.565,241599
[CALIB_PROFILE] | 10.0 | | 10.0 **10.0**883,9,0.425,45.239,45.665,241608
[CALIB_PROFILE] | 10.0 | | 10.0 **10.0**884,36,0.418,57.555,57.973,241644
[CALIB_PROFILE] | 10.0 | | 10.0 **10.0**885,508,0.416,337.346,337.762,242152
[CALIB_PROFILE] | 10.0 | | 10.0 **10.0**886,508,0.427,336.839,337.266,242660
[CALIB_PROFILE] | 10.0 | | 10.0 **10.0**887,43,0.408,60.846,61.254,242703
[CALIB_PROFILE] | 10.0 | | 10.0 **10.0**888,508,0.413,334.837,335.251,243211
[CALIB_PROFILE] | 10.0 | | 10.0 **10.0**889,508,0.415,334.964,335.380,243719
[CALIB_PROFILE] | 10.0 | | 10.0 **10.0**890,279,0.412,217.588,218.000,243998
[CALIB_PROFILE] | 10.0 | | 10.0 **10.0**891,465,0.413,310.953,311.366,244463
[CALIB_PROFILE] | 10.0 | | 10.0 **10.0**892,21,0.421,50.827,51.248,244484
[CALIB_PROFILE] | 10.0 | | 10.0 **10.0**893,17,0.421,48.852,49.273,244501
[CALIB_PROFILE] | 10.0 | | 10.0 **10.0**894,8,0.412,44.803,45.216,244509
[CALIB_PROFILE] | 10.0 | | 10.0 **10.0**895,152,0.409,113.851,114.260,244661
[CALIB_PROFILE] | 10.0 | | 10.0 **10.0**896,44,0.412,61.292,61.705,244705
[CALIB_PROFILE] | 10.0 | | 10.0 **10.0**897,1,0.412,4.450,4.862,244706
[CALIB_PROFILE] | 10.0 | | 10.0 **10.0**898,15,0.419,47.997,48.416,244721
[CALIB_PROFILE] | 10.0 | | 10.0 **10.0**899,13,0.410,47.075,47.485,244734
[CALIB_PROFILE] | 10.0 | | 10.0 **10.0**900,121,0.405,98.154,98.560,244855
[CALIB_PROFILE] | 10.0 | | 10.0 **10.0**901,102,0.414,88.487,88.902,244957
[CALIB_PROFILE] | 10.0 | | 10.0 **10.0**902,61,0.419,69.138,69.557,245018
[CALIB_PROFILE] | 10.0 | | 10.0 **10.0**903,41,0.408,60.012,60.421,245059
[CALIB_PROFILE] | 10.0 | | 10.0 **10.0**904,1,0.416,4.441,4.857,245060
[CALIB_PROFILE] | 10.0 | | 10.0 **10.0**905,36,0.418,57.663,58.081,245096
[CALIB_PROFILE] | 10.0 | | 10.0 **10.0**906,508,0.410,335.093,335.503,245604
[CALIB_PROFILE] | 10.0 | | 10.0 **10.0**907,508,0.409,335.909,336.319,246112
[CALIB_PROFILE] | 10.0 | | 10.0 **10.0**908,508,0.410,336.968,337.379,246620
[CALIB_PROFILE] | 10.0 | | 10.0 **10.0**909,508,0.424,334.562,334.986,247128
[CALIB_PROFILE] | 10.0 | | 10.0 **10.0**910,508,0.427,336.623,337.051,247636
[CALIB_PROFILE] | 10.0 | | 10.0 **10.0**911,508,0.422,337.691,338.114,248144
[CALIB_PROFILE] | 10.0 | | 10.0 **10.0**912,508,0.411,335.918,336.329,248652
[CALIB_PROFILE] | 10.0 | | 10.0 **10.0**913,50,0.418,64.283,64.702,248702
[CALIB_PROFILE] | 10.0 | | 10.0 **10.0**914,59,0.414,68.296,68.711,248761
[CALIB_PROFILE] | 10.0 | | 10.0 **10.0**915,508,0.414,334.434,334.848,249269
[CALIB_PROFILE] | 10.0 | | 10.0 **10.0**916,18,0.410,49.370,49.780,249287
[CALIB_PROFILE] | 10.0 | | 10.0 **10.0**917,47,0.412,62.777,63.189,249334
[CALIB_PROFILE] | 10.0 | | 10.0 **10.0**918,493,0.415,326.525,326.940,249827
[CALIB_PROFILE] | 10.0 | | 10.0 **10.0**919,508,0.421,337.568,337.989,250335
[CALIB_PROFILE] | 10.0 | | 10.0 **10.0**920,508,0.418,337.229,337.647,250843
[CALIB_PROFILE] | 10.0 | | 10.0 **10.0**921,508,0.411,336.615,337.027,251351
[CALIB_PROFILE] | 10.0 | | 10.0 **10.0**922,508,0.415,338.160,338.575,251859
[CALIB_PROFILE] | 10.0 | | 10.0 **10.0**923,508,0.410,337.363,337.773,252367
[CALIB_PROFILE] | 10.0 | | 10.0 **10.0**924,508,0.420,338.264,338.684,252875
[CALIB_PROFILE] | 10.0 | | 10.0 **10.0**925,508,0.459,337.180,337.639,253383
[CALIB_PROFILE] | 10.0 | | 10.0 **10.0**926,508,0.415,337.408,337.823,253891
[CALIB_PROFILE] | 10.0 | | 10.0 **10.0**927,508,0.406,336.484,336.891,254399
[CALIB_PROFILE] | 10.0 | | 10.0 **10.0**928,508,0.420,336.346,336.767,254907
[CALIB_PROFILE] | 10.0 | | 10.0 **10.0**929,508,0.423,336.549,336.973,255415
[CALIB_PROFILE] | 10.0 | | 10.0 **10.0**930,508,0.428,336.044,336.472,255923
[CALIB_PROFILE] | 10.0 | | 10.0 **10.0**931,508,0.418,335.426,335.844,256431
[CALIB_PROFILE] | 10.0 | | 10.0 **10.0**932,508,0.415,335.077,335.493,256939
[CALIB_PROFILE] | 10.0 | | 10.0 **10.0**933,508,0.413,337.550,337.964,257447
[CALIB_PROFILE] | 10.0 | | 10.0 **10.0**934,508,0.462,335.982,336.444,257955
[CALIB_PROFILE] | 10.0 | | 10.0 **10.0**935,508,0.410,337.424,337.834,258463
[CALIB_PROFILE] | 10.0 | | 10.0 **10.0**936,508,0.419,334.783,335.202,258971
[CALIB_PROFILE] | 10.0 | | 10.0 **10.0**937,508,0.421,335.971,336.393,259479
[CALIB_PROFILE] | 10.0 | | 10.0 **10.0**938,109,0.413,92.214,92.627,259588
[CALIB_PROFILE] | 10.0 | | 10.0 **10.0**939,4,0.412,43.022,43.434,259592
[CALIB_PROFILE] | 10.0 | | 10.0 **10.0**940,69,0.418,72.819,73.237,259661
[CALIB_PROFILE] | 10.0 | | 10.0 **10.0**941,61,0.417,69.146,69.563,259722
[CALIB_PROFILE] | 10.0 | | 10.0 **10.0**942,3,0.414,9.440,9.854,259725
[CALIB_PROFILE] | 10.0 | | 10.0 **10.0**943,46,0.410,62.376,62.786,259771
[CALIB_PROFILE] | 10.0 | | 10.0 **10.0**944,9,0.408,45.201,45.610,259780
[CALIB_PROFILE] | 10.0 | | 10.0 **10.0**945,126,0.420,100.354,100.775,259906
[CALIB_PROFILE] | 10.0 | | 10.0 **10.0**946,27,0.413,53.444,53.857,259933
[CALIB_PROFILE] | 10.0 | | 10.0 **10.0**947,508,0.409,335.533,335.942,260441
[CALIB_PROFILE] | 10.0 | | 10.0 **10.0**948,508,0.415,335.702,336.117,260949
[CALIB_PROFILE] | 10.0 | | 10.0 **10.0**949,508,0.414,337.369,337.783,261457
[CALIB_PROFILE] | 10.0 | | 10.0 **10.0**950,508,0.417,334.262,334.679,261965
[CALIB_PROFILE] | 10.0 | | 10.0 **10.0**951,508,0.418,336.903,337.321,262473
[CALIB_PROFILE] | 10.0 | | 10.0 **10.0**952,508,0.415,336.887,337.303,262981
[CALIB_PROFILE] | 10.0 | | 10.0 **10.0**953,508,0.421,336.640,337.061,263489
[CALIB_PROFILE] | 10.0 | | 10.0 **10.0**954,508,0.418,335.864,336.282,263997
[CALIB_PROFILE] | 10.0 | | 10.0 **10.0**955,18,0.414,49.315,49.729,264015
[CALIB_PROFILE] | 10.0 | | 10.0 **10.0**956,508,0.416,335.860,336.277,264523
[CALIB_PROFILE] | 10.0 | | 10.0 **10.0**957,328,0.421,240.882,241.303,264851
[CALIB_PROFILE] | 10.0 | | 10.0 **10.0**958,508,0.409,335.828,336.238,265359
[CALIB_PROFILE] | 10.0 | | 10.0 **10.0**959,33,0.424,56.438,56.862,265392
[CALIB_PROFILE] | 10.0 | | 10.0 **10.0**960,43,0.420,60.937,61.357,265435
[CALIB_PROFILE] | 10.0 | | 10.0 **10.0**961,508,0.409,335.028,335.437,265943
[CALIB_PROFILE] | 10.0 | | 10.0 **10.0**962,453,0.418,305.085,305.503,266396
[CALIB_PROFILE] | 10.0 | | 10.0 **10.0**963,508,0.413,336.423,336.836,266904
[CALIB_PROFILE] | 10.0 | | 10.0 **10.0**964,508,0.419,335.916,336.336,267412
[CALIB_PROFILE] | 10.0 | | 10.0 **10.0**965,508,0.418,335.719,336.137,267920
[CALIB_PROFILE] | 10.0 | | 10.0 **10.0**966,508,0.431,337.273,337.704,268428
[CALIB_PROFILE] | 10.0 | | 10.0 **10.0**967,508,0.411,337.618,338.030,268936
[CALIB_PROFILE] | 10.0 | | 10.0 **10.0**968,508,0.418,335.049,335.467,269444
[CALIB_PROFILE] | 10.0 | | 10.0 **10.0**969,508,0.419,336.599,337.018,269952
[CALIB_PROFILE] | 10.0 | | 10.0 **10.0**970,508,0.425,337.094,337.519,270460
[CALIB_PROFILE] | 10.0 | | 10.0 **10.0**971,508,0.413,336.312,336.725,270968
[CALIB_PROFILE] | 10.0 | | 10.0 **10.0**972,71,0.420,73.941,74.362,271039
[CALIB_PROFILE] | 10.0 | | 10.0 **10.0**973,51,0.413,64.502,64.915,271090
[CALIB_PROFILE] | 10.0 | | 10.0 **10.0**974,70,0.408,73.372,73.781,271160
[CALIB_PROFILE] | 10.0 | | 10.0 **10.0**975,508,0.412,336.063,336.476,271668
[CALIB_PROFILE] | 10.0 | | 10.0 **10.0**976,508,0.422,337.276,337.698,272176
[CALIB_PROFILE] | 10.0 | | 10.0 **10.0**977,508,0.410,336.796,337.206,272684
[CALIB_PROFILE] | 10.0 | | 10.0 **10.0**978,120,0.413,97.790,98.204,272804
[CALIB_PROFILE] | 10.0 | | 10.0 **10.0**979,74,0.419,75.389,75.808,272878
[CALIB_PROFILE] | 10.0 | | 10.0 **10.0**980,79,0.422,77.665,78.087,272957
[CALIB_PROFILE] | 10.0 | | 10.0 **10.0**981,44,0.416,61.382,61.798,273001
[CALIB_PROFILE] | 10.0 | | 10.0 **10.0**982,508,0.410,336.156,336.566,273509
[CALIB_PROFILE] | 10.0 | | 10.0 **10.0**983,508,0.407,336.728,337.136,274017
[CALIB_PROFILE] | 10.0 | | 10.0 **10.0**984,34,0.415,56.756,57.171,274051
[CALIB_PROFILE] | 10.0 | | 10.0 **10.0**985,508,0.419,335.538,335.957,274559
[CALIB_PROFILE] | 10.0 | | 10.0 **10.0**986,508,0.419,337.179,337.598,275067
[CALIB_PROFILE] | 10.0 | | 10.0 **10.0**987,508,0.411,336.082,336.494,275575
[CALIB_PROFILE] | 10.0 | | 10.0 **10.0**988,508,0.414,337.343,337.757,276083
[CALIB_PROFILE] | 10.0 | | 10.0 **10.0**989,508,0.415,334.604,335.020,276591
[CALIB_PROFILE] | 10.0 | | 10.0 **10.0**990,48,0.408,63.293,63.702,276639
[CALIB_PROFILE] | 10.0 | | 10.0 **10.0**991,508,0.424,336.341,336.766,277147
[CALIB_PROFILE] | 10.0 | | 10.0 **10.0**992,508,0.424,336.356,336.780,277655
[CALIB_PROFILE] | 10.0 | | 10.0 **10.0**993,508,0.432,336.515,336.947,278163
[CALIB_PROFILE] | 10.0 | | 10.0 **10.0**994,16,0.419,48.426,48.846,278179
[CALIB_PROFILE] | 10.0 | | 10.0 **10.0**995,508,0.427,336.577,337.005,278687
[CALIB_PROFILE] | 10.0 | | 10.0 **10.0**996,508,0.447,336.487,336.935,279195
[CALIB_PROFILE] | 10.0 | | 10.0 **10.0**997,508,0.419,337.551,337.971,279703
[CALIB_PROFILE] | 10.0 | | 10.0 **10.0**998,508,0.411,334.518,334.930,280211
[CALIB_PROFILE] | 10.0 | | 10.0 **10.0**999,508,0.411,336.985,337.397,280719
[CALIB_PROFILE] | 10.0 | | 10.0 **10.0**1000,508,0.423,336.211,336.635,281227
[CALIB_PROFILE] | 10.0 | | 10.0 **10.0**1001,508,0.412,337.184,337.597,281735
[CALIB_PROFILE] | 10.0 | | 10.0 **10.0**1002,53,0.418,65.563,65.981,281788
[CALIB_PROFILE] | 10.0 | | 10.0 **10.0**1003,69,0.413,72.969,73.382,281857
[CALIB_PROFILE] | 10.0 | | 10.0 **10.0**1004,508,0.445,335.439,335.885,282365
[CALIB_PROFILE] | 10.0 | | 10.0 **10.0**1005,40,0.472,59.556,60.029,282405
[CALIB_PROFILE] | 10.0 | | 10.0 **10.0**1006,508,0.414,335.454,335.868,282913
[CALIB_PROFILE] | 10.0 | | 10.0 **10.0**1007,14,0.415,47.560,47.975,282927
[CALIB_PROFILE] | 10.0 | | 10.0 **10.0**1008,508,0.409,335.144,335.554,283435
[CALIB_PROFILE] | 10.0 | | 10.0 **10.0**1009,334,0.427,243.534,243.961,283769
[CALIB_PROFILE] | 10.0 | | 10.0 **10.0**1010,508,0.418,335.293,335.711,284277
[CALIB_PROFILE] | 10.0 | | 10.0 **10.0**1011,508,0.422,335.168,335.591,284785
[CALIB_PROFILE] | 10.0 | | 10.0 **10.0**1012,508,0.416,336.412,336.828,285293
[CALIB_PROFILE] | 10.0 | | 10.0 **10.0**1013,508,0.410,335.006,335.416,285801
[CALIB_PROFILE] | 10.0 | | 10.0 **10.0**1014,111,0.409,93.077,93.487,285912
[CALIB_PROFILE] | 10.0 | | 10.0 **10.0**1015,508,0.409,334.154,334.564,286420
[CALIB_PROFILE] | 10.0 | | 10.0 **10.0**1016,391,0.424,272.404,272.829,286811
[CALIB_PROFILE] | 10.0 | | 10.0 **10.0**1017,508,0.417,335.627,336.044,287319
[CALIB_PROFILE] | 10.0 | | 10.0 **10.0**1018,508,0.418,336.699,337.117,287827
[CALIB_PROFILE] | 10.0 | | 10.0 **10.0**1019,508,0.415,337.423,337.839,288335
[CALIB_PROFILE] | 10.0 | | 10.0 **10.0**1020,508,0.414,335.091,335.506,288843
[CALIB_PROFILE] | 10.0 | | 10.0 **10.0**1021,508,0.411,336.551,336.963,289351
[CALIB_PROFILE] | 10.0 | | 10.0 **10.0**1022,508,0.411,336.716,337.127,289859
[CALIB_PROFILE] | 10.0 | | 10.0 **10.0**1023,508,0.414,335.848,336.262,290367
[CALIB_PROFILE] | 10.0 | | 10.0 **10.0**1024,508,0.409,338.012,338.422,290875
[CALIB_PROFILE] | 10.0 | | 10.0 **10.0**1025,508,0.420,337.301,337.721,291383
[CALIB_PROFILE] | 10.0 | | 10.0 **10.0**1026,508,0.419,337.317,337.737,291891
[CALIB_PROFILE] | 10.0 | | 10.0 **10.0**1027,508,0.455,336.347,336.802,292399
[CALIB_PROFILE] | 10.0 | | 10.0 **10.0**1028,508,0.415,337.614,338.029,292907
[CALIB_PROFILE] | 10.0 | | 10.0 **10.0**1029,508,0.410,335.611,336.022,293415
[CALIB_PROFILE] | 10.0 | | 10.0 **10.0**1030,508,0.432,336.595,337.028,293923
[CALIB_PROFILE] | 10.0 | | 10.0 **10.0**1031,404,0.408,280.802,281.210,294327
[CALIB_PROFILE] | 10.0 | | 10.0 **10.0**1032,43,0.421,60.961,61.382,294370
[CALIB_PROFILE] | 10.0 | | 10.0 **10.0**1033,22,0.409,51.099,51.508,294392
[CALIB_PROFILE] | 10.0 | | 10.0 **10.0**1034,508,0.418,335.342,335.760,294900
[CALIB_PROFILE] | 10.0 | | 10.0 **10.0**1035,508,0.422,337.315,337.737,295408
[CALIB_PROFILE] | 10.0 | | 10.0 **10.0**1036,508,0.415,336.194,336.609,295916
[CALIB_PROFILE] | 10.0 | | 10.0 **10.0**1037,274,0.416,215.881,216.298,296190
[CALIB_PROFILE] | 10.0 | | 10.0 **10.0**1038,349,0.409,251.288,251.697,296539
[CALIB_PROFILE] | 10.0 | | 10.0 **10.0**1039,45,0.415,61.829,62.244,296584
[CALIB_PROFILE] | 10.0 | | 10.0 **10.0**1040,17,0.410,48.946,49.356,296601
[CALIB_PROFILE] | 10.0 | | 10.0 **10.0**1041,70,0.405,73.351,73.756,296671
[CALIB_PROFILE] | 10.0 | | 10.0 **10.0**1042,104,0.408,89.482,89.891,296775
[CALIB_PROFILE] | 10.0 | | 10.0 **10.0**1043,1,0.405,4.478,4.883,296776
[CALIB_PROFILE] | 10.0 | | 10.0 **10.0**1044,19,0.418,49.855,50.273,296795
[CALIB_PROFILE] | 10.0 | | 10.0 **10.0**1045,87,0.405,81.091,81.496,296882
[CALIB_PROFILE] | 10.0 | | 10.0 **10.0**1046,43,0.411,60.938,61.350,296925
[CALIB_PROFILE] | 10.0 | | 10.0 **10.0**1047,508,0.408,336.185,336.593,297433
[CALIB_PROFILE] | 10.0 | | 10.0 **10.0**1048,508,0.412,336.278,336.690,297941
[CALIB_PROFILE] | 10.0 | | 10.0 **10.0**1049,508,0.410,337.563,337.974,298449
[CALIB_PROFILE] | 10.0 | | 10.0 **10.0**1050,508,0.411,335.889,336.301,298957
[CALIB_PROFILE] | 10.0 | | 10.0 **10.0**1051,508,0.420,336.984,337.405,299465
[CALIB_PROFILE] | 10.0 | | 10.0 **10.0**1052,508,0.413,336.968,337.381,299973
[CALIB_PROFILE] | 10.0 | | 10.0 **10.0**1053,508,0.422,336.455,336.877,300481
[CALIB_PROFILE] | 10.0 | | 10.0 **10.0**1054,35,0.423,57.362,57.785,300516
[CALIB_PROFILE] | 10.0 | | 10.0 **10.0**1055,16,0.411,48.424,48.836,300532
[CALIB_PROFILE] | 10.0 | | 10.0 **10.0**1056,508,0.406,335.614,336.021,301040
[CALIB_PROFILE] | 10.0 | | 10.0 **10.0**1057,508,0.424,335.935,336.359,301548
[CALIB_PROFILE] | 10.0 | | 10.0 **10.0**1058,508,0.416,336.938,337.355,302056
[CALIB_PROFILE] | 10.0 | | 10.0 **10.0**1059,508,0.411,335.064,335.475,302564
[CALIB_PROFILE] | 10.0 | | 10.0 **10.0**1060,508,0.421,337.177,337.598,303072
[CALIB_PROFILE] | 10.0 | | 10.0 **10.0**1061,508,0.410,337.702,338.112,303580
[CALIB_PROFILE] | 10.0 | | 10.0 **10.0**1062,508,0.449,336.302,336.751,304088
[CALIB_PROFILE] | 10.0 | | 10.0 **10.0**1063,54,0.413,66.006,66.419,304142
[CALIB_PROFILE] | 10.0 | | 10.0 **10.0**1064,41,0.409,59.907,60.316,304183
[CALIB_PROFILE] | 10.0 | | 10.0 **10.0**1065,508,0.411,335.760,336.172,304691
[CALIB_PROFILE] | 10.0 | | 10.0 **10.0**1066,13,0.407,47.087,47.494,304704
[CALIB_PROFILE] | 10.0 | | 10.0 **10.0**1067,508,0.408,335.146,335.554,305212
[CALIB_PROFILE] | 10.0 | | 10.0 **10.0**1068,508,0.408,334.535,334.943,305720
[CALIB_PROFILE] | 10.0 | | 10.0 **10.0**1069,508,0.408,335.107,335.515,306228
[CALIB_PROFILE] | 10.0 | | 10.0 **10.0**1070,252,0.413,167.348,167.762,306480
[CALIB_PROFILE] | 10.0 | | 10.0 **10.0**1071,508,0.406,335.809,336.215,306988
[CALIB_PROFILE] | 10.0 | | 10.0 **10.0**1072,47,0.413,62.657,63.070,307035
[CALIB_PROFILE] | 10.0 | | 10.0 **10.0**1073,33,0.416,56.260,56.676,307068
[CALIB_PROFILE] | 10.0 | | 10.0 **10.0**1074,508,0.404,334.581,334.985,307576
[CALIB_PROFILE] | 10.0 | | 10.0 **10.0**1075,74,0.412,75.229,75.641,307650
[CALIB_PROFILE] | 10.0 | | 10.0 **10.0**1076,65,0.405,71.103,71.509,307715
[CALIB_PROFILE] | 10.0 | | 10.0 **10.0**1077,508,0.410,335.606,336.016,308223
[CALIB_PROFILE] | 10.0 | | 10.0 **10.0**1078,508,0.417,334.258,334.676,308731
[CALIB_PROFILE] | 10.0 | | 10.0 **10.0**1079,508,0.412,336.664,337.077,309239
[CALIB_PROFILE] | 10.0 | | 10.0 **10.0**1080,508,0.408,334.928,335.336,309747
[CALIB_PROFILE] | 10.0 | | 10.0 **10.0**1081,508,0.418,334.261,334.679,310255
[CALIB_PROFILE] | 10.0 | | 10.0 **10.0**1082,302,0.411,228.627,229.038,310557
[CALIB_PROFILE] | 10.0 | | 10.0 **10.0**1083,2,0.406,7.489,7.895,310559
[CALIB_PROFILE] | 10.0 | | 10.0 **10.0**1084,36,0.409,57.726,58.135,310595
[CALIB_PROFILE] | 10.0 | | 10.0 **10.0**1085,12,0.435,46.612,47.047,310607
[CALIB_PROFILE] | 10.0 | | 10.0 **10.0**1086,21,0.414,50.641,51.055,310628
[CALIB_PROFILE] | 10.0 | | 10.0 **10.0**1087,55,0.422,66.519,66.941,310683
[CALIB_PROFILE] | 10.0 | | 10.0 **10.0**1088,43,0.415,60.871,61.286,310726
[CALIB_PROFILE] | 10.0 | | 10.0 **10.0**1089,27,0.411,53.375,53.786,310753
[CALIB_PROFILE] | 10.0 | | 10.0 **10.0**1090,83,0.415,79.550,79.965,310836
[CALIB_PROFILE] | 10.0 | | 10.0 **10.0**1091,14,0.435,47.584,48.019,310850
[CALIB_PROFILE] | 10.0 | | 10.0 **10.0**1092,37,0.415,58.088,58.503,310887
[CALIB_PROFILE] | 10.0 | | 10.0 **10.0**1093,93,0.406,84.037,84.443,310980
[CALIB_PROFILE] | 10.0 | | 10.0 **10.0**1094,1,0.412,4.457,4.869,310981
[CALIB_PROFILE] | 10.0 | | 10.0 **10.0**1095,22,0.429,51.160,51.589,311003
[CALIB_PROFILE] | 10.0 | | 10.0 **10.0**1096,85,0.406,80.269,80.675,311088
[CALIB_PROFILE] | 10.0 | | 10.0 **10.0**1097,50,0.413,64.131,64.544,311138
[CALIB_PROFILE] | 10.0 | | 10.0 **10.0**1098,44,0.404,61.266,61.670,311182
[CALIB_PROFILE] | 10.0 | | 10.0 **10.0**1099,1,0.406,4.452,4.858,311183
[CALIB_PROFILE] | 10.0 | | 10.0 **10.0**1100,41,0.413,59.965,60.379,311224
[CALIB_PROFILE] | 10.0 | | 10.0 **10.0**1101,56,0.415,66.768,67.184,311280
[CALIB_PROFILE] | 10.0 | | 10.0 **10.0**1102,20,0.412,50.204,50.616,311300
[CALIB_PROFILE] | 10.0 | | 10.0 **10.0**1103,508,0.410,334.823,335.234,311808
[CALIB_PROFILE] | 10.0 | | 10.0 **10.0**1104,508,0.415,336.238,336.653,312316
[CALIB_PROFILE] | 10.0 | | 10.0 **10.0**1105,508,0.410,336.890,337.301,312824
[CALIB_PROFILE] | 10.0 | | 10.0 **10.0**1106,508,0.407,334.242,334.649,313332
[CALIB_PROFILE] | 10.0 | | 10.0 **10.0**1107,508,0.409,336.350,336.759,313840
[CALIB_PROFILE] | 10.0 | | 10.0 **10.0**1108,508,0.417,337.254,337.671,314348
[CALIB_PROFILE] | 10.0 | | 10.0 **10.0**1109,508,0.421,335.994,336.416,314856
[CALIB_PROFILE] | 10.0 | | 10.0 **10.0**1110,6,0.407,43.831,44.238,314862
[CALIB_PROFILE] | 10.0 | | 10.0 **10.0**1111,74,0.408,75.244,75.652,314936
[CALIB_PROFILE] | 10.0 | | 10.0 **10.0**1112,38,0.409,58.510,58.919,314974
[CALIB_PROFILE] | 10.0 | | 10.0 **10.0**1113,48,0.411,63.094,63.505,315022
[CALIB_PROFILE] | 10.0 | | 10.0 **10.0**1114,508,0.402,335.715,336.117,315530
[CALIB_PROFILE] | 10.0 | | 10.0 **10.0**1115,508,0.405,337.483,337.888,316038
[CALIB_PROFILE] | 10.0 | | 10.0 **10.0**1116,508,0.412,337.282,337.694,316546
[CALIB_PROFILE] | 10.0 | | 10.0 **10.0**1117,508,0.406,337.606,338.012,317054
[CALIB_PROFILE] | 10.0 | | 10.0 **10.0**1118,508,0.411,336.389,336.800,317562
[CALIB_PROFILE] | 10.0 | | 10.0 **10.0**1119,508,0.412,337.348,337.760,318070
[CALIB_PROFILE] | 10.0 | | 10.0 **10.0**1120,508,0.414,337.112,337.527,318578
[CALIB_PROFILE] | 10.0 | | 10.0 **10.0**1121,508,0.409,336.022,336.430,319086
[CALIB_PROFILE] | 10.0 | | 10.0 **10.0**1122,337,0.421,245.904,246.326,319423
[CALIB_PROFILE] | 10.0 | | 10.0 **10.0**1123,508,0.409,335.532,335.942,319931
[CALIB_PROFILE] | 10.0 | | 10.0 **10.0**1124,198,0.407,137.873,138.280,320129
[CALIB_PROFILE] | 10.0 | | 10.0 **10.0**1125,508,0.404,336.009,336.413,320637
[CALIB_PROFILE] | 10.0 | | 10.0 **10.0**1126,16,0.454,48.377,48.831,320653
[CALIB_PROFILE] | 10.0 | | 10.0 **10.0**1127,508,0.412,337.424,337.836,321161
[CALIB_PROFILE] | 10.0 | | 10.0 **10.0**1128,311,0.407,232.913,233.320,321472
[CALIB_PROFILE] | 10.0 | | 10.0 **10.0**1129,508,0.412,335.552,335.964,321980
[CALIB_PROFILE] | 10.0 | | 10.0 **10.0**1130,508,0.413,338.102,338.515,322488
[CALIB_PROFILE] | 10.0 | | 10.0 **10.0**1131,508,0.405,336.073,336.478,322996
[CALIB_PROFILE] | 10.0 | | 10.0 **10.0**1132,508,0.415,336.951,337.366,323504
[CALIB_PROFILE] | 10.0 | | 10.0 **10.0**1133,508,0.407,337.399,337.806,324012
[CALIB_PROFILE] | 10.0 | | 10.0 **10.0**1134,508,0.407,337.043,337.450,324520
[CALIB_PROFILE] | 10.0 | | 10.0 **10.0**1135,508,0.412,336.375,336.788,325028
[CALIB_PROFILE] | 10.0 | | 10.0 **10.0**1136,508,0.405,337.113,337.519,325536
[CALIB_PROFILE] | 10.0 | | 10.0 **10.0**1137,508,0.411,335.884,336.295,326044
[CALIB_PROFILE] | 10.0 | | 10.0 **10.0**1138,30,0.406,54.842,55.249,326074
[CALIB_PROFILE] | 10.0 | | 10.0 **10.0**1139,23,0.412,51.614,52.026,326097
[CALIB_PROFILE] | 10.0 | | 10.0 **10.0**1140,71,0.419,73.847,74.267,326168
[CALIB_PROFILE] | 10.0 | | 10.0 **10.0**1141,65,0.417,71.121,71.538,326233
[CALIB_PROFILE] | 10.0 | | 10.0 **10.0**1142,36,0.406,57.614,58.020,326269
[CALIB_PROFILE] | 10.0 | | 10.0 **10.0**1143,40,0.418,59.372,59.791,326309
[CALIB_PROFILE] | 10.0 | | 10.0 **10.0**1144,14,0.414,47.649,48.064,326323
[CALIB_PROFILE] | 10.0 | | 10.0 **10.0**1145,136,0.408,105.439,105.848,326459
[CALIB_PROFILE] | 10.0 | | 10.0 **10.0**1146,224,0.406,151.602,152.008,326683
[CALIB_PROFILE] | 10.0 | | 10.0 **10.0**1147,508,0.407,334.090,334.498,327191
[CALIB_PROFILE] | 10.0 | | 10.0 **10.0**1148,508,0.419,335.587,336.006,327699
[CALIB_PROFILE] | 10.0 | | 10.0 **10.0**1149,508,0.421,336.765,337.187,328207
[CALIB_PROFILE] | 10.0 | | 10.0 **10.0**1150,508,0.414,334.229,334.643,328715
[CALIB_PROFILE] | 10.0 | | 10.0 **10.0**1151,45,0.425,61.921,62.346,328760
[CALIB_PROFILE] | 10.0 | | 10.0 **10.0**1152,5,0.414,43.419,43.834,328765
[CALIB_PROFILE] | 10.0 | | 10.0 **10.0**1153,16,0.412,48.413,48.825,328781
[CALIB_PROFILE] | 10.0 | | 10.0 **10.0**1154,127,0.415,101.206,101.622,328908
[CALIB_PROFILE] | 10.0 | | 10.0 **10.0**1155,55,0.406,66.401,66.807,328963
[CALIB_PROFILE] | 10.0 | | 10.0 **10.0**1156,58,0.416,67.869,68.285,329021
[CALIB_PROFILE] | 10.0 | | 10.0 **10.0**1157,6,0.433,43.891,44.324,329027
[CALIB_PROFILE] | 10.0 | | 10.0 **10.0**1158,15,0.416,47.950,48.366,329042
[CALIB_PROFILE] | 10.0 | | 10.0 **10.0**1159,72,0.408,74.170,74.579,329114
[CALIB_PROFILE] | 10.0 | | 10.0 **10.0**1160,3,0.414,9.416,9.830,329117
[CALIB_PROFILE] | 10.0 | | 10.0 **10.0**1161,41,0.415,59.908,60.323,329158
[CALIB_PROFILE] | 10.0 | | 10.0 **10.0**1162,32,0.412,55.639,56.051,329190
[CALIB_PROFILE] | 10.0 | | 10.0 **10.0**1163,4,0.414,42.936,43.351,329194
[CALIB_PROFILE] | 10.0 | | 10.0 **10.0**1164,25,0.406,52.449,52.856,329219
[CALIB_PROFILE] | 10.0 | | 10.0 **10.0**1165,14,0.403,47.470,47.873,329233
[CALIB_PROFILE] | 10.0 | | 10.0 **10.0**1166,18,0.407,49.312,49.719,329251
[CALIB_PROFILE] | 10.0 | | 10.0 **10.0**1167,24,0.415,52.009,52.424,329275
[CALIB_PROFILE] | 10.0 | | 10.0 **10.0**1168,508,0.410,334.787,335.197,329783
[CALIB_PROFILE] | 10.0 | | 10.0 **10.0**1169,508,0.405,335.901,336.306,330291
[CALIB_PROFILE] | 10.0 | | 10.0 **10.0**1170,508,0.414,337.235,337.649,330799
[CALIB_PROFILE] | 10.0 | | 10.0 **10.0**1171,508,0.417,335.485,335.902,331307
[CALIB_PROFILE] | 10.0 | | 10.0 **10.0**1172,508,0.407,336.717,337.124,331815
[CALIB_PROFILE] | 10.0 | | 10.0 **10.0**1173,508,0.412,336.694,337.106,332323
[CALIB_PROFILE] | 10.0 | | 10.0 **10.0**1174,508,0.409,336.862,337.271,332831
[CALIB_PROFILE] | 10.0 | | 10.0 **10.0**1175,8,0.408,44.785,45.193,332839
[CALIB_PROFILE] | 10.0 | | 10.0 **10.0**1176,32,0.404,55.545,55.949,332871
[CALIB_PROFILE] | 10.0 | | 10.0 **10.0**1177,60,0.408,68.590,68.999,332931
[CALIB_PROFILE] | 10.0 | | 10.0 **10.0**1178,508,0.403,337.007,337.411,333439
[CALIB_PROFILE] | 10.0 | | 10.0 **10.0**1179,41,0.411,59.916,60.327,333480
[CALIB_PROFILE] | 10.0 | | 10.0 **10.0**1180,508,0.397,337.728,338.125,333988
[CALIB_PROFILE] | 10.0 | | 10.0 **10.0**1181,58,0.402,67.852,68.254,334046
[CALIB_PROFILE] | 10.0 | | 10.0 **10.0**1182,441,0.397,299.292,299.689,334487
[CALIB_PROFILE] | 10.0 | | 10.0 **10.0**1183,508,0.397,336.864,337.261,334995
[CALIB_PROFILE] | 10.0 | | 10.0 **10.0**1184,368,0.404,260.510,260.915,335363
[CALIB_PROFILE] | 10.0 | | 10.0 **10.0**1185,28,0.400,53.945,54.345,335391
[CALIB_PROFILE] | 10.0 | | 10.0 **10.0**1186,34,0.404,56.672,57.077,335425
[CALIB_PROFILE] | 10.0 | | 10.0 **10.0**1187,508,0.409,336.586,336.995,335933
[CALIB_PROFILE] | 10.0 | | 10.0 **10.0**1188,508,0.403,337.057,337.460,336441
[CALIB_PROFILE] | 10.0 | | 10.0 **10.0**1189,508,0.480,337.313,337.794,336949
[CALIB_PROFILE] | 10.0 | | 10.0 **10.0**1190,508,0.413,336.446,336.859,337457
[CALIB_PROFILE] | 10.0 | | 10.0 **10.0**1191,84,0.406,80.040,80.446,337541
[CALIB_PROFILE] | 10.0 | | 10.0 **10.0**1192,294,0.415,224.763,225.178,337835
[CALIB_PROFILE] | 10.0 | | 10.0 **10.0**1193,32,0.404,55.651,56.055,337867
[CALIB_PROFILE] | 10.0 | | 10.0 **10.0**1194,508,0.410,336.026,336.436,338375
[CALIB_PROFILE] | 10.0 | | 10.0 **10.0**1195,508,0.414,335.523,335.937,338883
[CALIB_PROFILE] | 10.0 | | 10.0 **10.0**1196,31,0.403,55.283,55.687,338914
[CALIB_PROFILE] | 10.0 | | 10.0 **10.0**1197,57,0.400,67.250,67.650,338971
[CALIB_PROFILE] | 10.0 | | 10.0 **10.0**1198,21,0.402,50.694,51.096,338992
[CALIB_PROFILE] | 10.0 | | 10.0 **10.0**1199,3,0.401,9.356,9.757,338995
[CALIB_PROFILE] | 10.0 | | 10.0 **10.0**1200,47,0.407,62.686,63.093,339042
[CALIB_PROFILE] | 10.0 | | 10.0 **10.0**1201,59,0.404,68.237,68.641,339101
[CALIB_PROFILE] | 10.0 | | 10.0 **10.0**1202,6,0.404,43.951,44.355,339107
[CALIB_PROFILE] | 10.0 | | 10.0 **10.0**1203,11,0.404,46.178,46.582,339118
[CALIB_PROFILE] | 10.0 | | 10.0 **10.0**1204,58,0.396,67.769,68.165,339176
[CALIB_PROFILE] | 10.0 | | 10.0 **10.0**1205,4,0.404,42.939,43.343,339180
[CALIB_PROFILE] | 10.0 | | 10.0 **10.0**1206,29,0.397,54.225,54.622,339209
[CALIB_PROFILE] | 10.0 | | 10.0 **10.0**1207,27,0.404,53.344,53.748,339236
[CALIB_PROFILE] | 10.0 | | 10.0 **10.0**1208,19,0.397,49.752,50.150,339255
[CALIB_PROFILE] | 10.0 | | 10.0 **10.0**1209,41,0.404,59.965,60.369,339296
[CALIB_PROFILE] | 10.0 | | 10.0 **10.0**1210,508,0.402,334.900,335.302,339804
[CALIB_PROFILE] | 10.0 | | 10.0 **10.0**1211,508,0.398,335.791,336.190,340312
[CALIB_PROFILE] | 10.0 | | 10.0 **10.0**1212,508,0.403,336.677,337.080,340820
[CALIB_PROFILE] | 10.0 | | 10.0 **10.0**1213,508,0.406,334.792,335.198,341328
[CALIB_PROFILE] | 10.0 | | 10.0 **10.0**1214,508,0.403,336.886,337.289,341836
[CALIB_PROFILE] | 10.0 | | 10.0 **10.0**1215,508,0.397,337.233,337.631,342344
[CALIB_PROFILE] | 10.0 | | 10.0 **10.0**1216,508,0.459,335.208,335.668,342852
[CALIB_PROFILE] | 10.0 | | 10.0 **10.0**1217,30,0.408,54.713,55.122,342882
[CALIB_PROFILE] | 10.0 | | 10.0 **10.0**1218,212,0.406,145.779,146.185,343094
[CALIB_PROFILE] | 10.0 | | 10.0 **10.0**1219,508,0.404,335.470,335.875,343602
[CALIB_PROFILE] | 10.0 | | 10.0 **10.0**1220,54,0.406,65.907,66.313,343656
[CALIB_PROFILE] | 10.0 | | 10.0 **10.0**1221,54,0.409,66.059,66.469,343710
[CALIB_PROFILE] | 10.0 | | 10.0 **10.0**1222,111,0.406,93.210,93.616,343821
[CALIB_PROFILE] | 10.0 | | 10.0 **10.0**1223,36,0.413,57.677,58.091,343857
[CALIB_PROFILE] | 10.0 | | 10.0 **10.0**1224,14,0.417,47.552,47.969,343871
[CALIB_PROFILE] | 10.0 | | 10.0 **10.0**1225,508,0.402,335.155,335.558,344379
[CALIB_PROFILE] | 10.0 | | 10.0 **10.0**1226,508,0.431,335.909,336.341,344887
[CALIB_PROFILE] | 10.0 | | 10.0 **10.0**1227,508,0.405,337.545,337.951,345395
[CALIB_PROFILE] | 10.0 | | 10.0 **10.0**1228,508,0.401,335.222,335.624,345903
[CALIB_PROFILE] | 10.0 | | 10.0 **10.0**1229,508,0.407,336.935,337.342,346411
[CALIB_PROFILE] | 10.0 | | 10.0 **10.0**1230,508,0.404,337.678,338.083,346919
[CALIB_PROFILE] | 10.0 | | 10.0 **10.0**1231,508,0.399,336.312,336.712,347427
[CALIB_PROFILE] | 10.0 | | 10.0 **10.0**1232,182,0.404,129.630,130.034,347609
[CALIB_PROFILE] | 10.0 | | 10.0 **10.0**1233,69,0.399,72.932,73.332,347678
[CALIB_PROFILE] | 10.0 | | 10.0 **10.0**1234,20,0.401,50.197,50.598,347698
[CALIB_PROFILE] | 10.0 | | 10.0 **10.0**1235,508,0.400,335.494,335.894,348206
[CALIB_PROFILE] | 10.0 | | 10.0 **10.0**1236,508,0.401,336.516,336.917,348714
[CALIB_PROFILE] | 10.0 | | 10.0 **10.0**1237,508,0.407,336.875,337.282,349222
[CALIB_PROFILE] | 10.0 | | 10.0 **10.0**1238,508,0.406,335.332,335.738,349730
[CALIB_PROFILE] | 10.0 | | 10.0 **10.0**1239,508,0.405,336.365,336.770,350238
[CALIB_PROFILE] | 10.0 | | 10.0 **10.0**1240,508,0.414,337.386,337.800,350746
[CALIB_PROFILE] | 10.0 | | 10.0 **10.0**1241,508,0.401,336.684,337.085,351254
[CALIB_PROFILE] | 10.0 | | 10.0 **10.0**1242,182,0.414,129.475,129.889,351436
[CALIB_PROFILE] | 10.0 | | 10.0 **10.0**1243,508,0.402,336.095,336.497,351944
[CALIB_PROFILE] | 10.0 | | 10.0 **10.0**1244,508,0.405,336.035,336.440,352452
[CALIB_PROFILE] | 10.0 | | 10.0 **10.0**1245,508,0.404,337.104,337.508,352960
[CALIB_PROFILE] | 10.0 | | 10.0 **10.0**1246,508,0.435,334.929,335.364,353468
[CALIB_PROFILE] | 10.0 | | 10.0 **10.0**1247,508,0.402,336.485,336.887,353976
[CALIB_PROFILE] | 10.0 | | 10.0 **10.0**1248,508,0.409,337.300,337.709,354484
[CALIB_PROFILE] | 10.0 | | 10.0 **10.0**1249,508,0.421,335.622,336.044,354992
[CALIB_PROFILE] | 10.0 | | 10.0 **10.0**1250,508,0.420,337.125,337.545,355500
[CALIB_PROFILE] | 10.0 | | 10.0 **10.0**1251,15,0.410,47.999,48.409,355515
[CALIB_PROFILE] | 10.0 | | 10.0 **10.0**1252,37,0.401,58.052,58.453,355552
[CALIB_PROFILE] | 10.0 | | 10.0 **10.0**1253,23,0.407,51.543,51.951,355575
[CALIB_PROFILE] | 10.0 | | 10.0 **10.0**1254,47,0.407,62.728,63.136,355622
[CALIB_PROFILE] | 10.0 | | 10.0 **10.0**1255,25,0.404,52.509,52.914,355647
[CALIB_PROFILE] | 10.0 | | 10.0 **10.0**1256,508,0.405,334.748,335.153,356155
[CALIB_PROFILE] | 10.0 | | 10.0 **10.0**1257,508,0.407,336.275,336.683,356663
[CALIB_PROFILE] | 10.0 | | 10.0 **10.0**1258,508,0.413,337.878,338.292,357171
[CALIB_PROFILE] | 10.0 | | 10.0 **10.0**1259,508,0.408,334.284,334.693,357679
[CALIB_PROFILE] | 10.0 | | 10.0 **10.0**1260,508,0.401,336.956,337.358,358187
[CALIB_PROFILE] | 10.0 | | 10.0 **10.0**1261,508,0.404,337.351,337.755,358695
[CALIB_PROFILE] | 10.0 | | 10.0 **10.0**1262,508,0.408,336.049,336.457,359203
[CALIB_PROFILE] | 10.0 | | 10.0 **10.0**1263,508,0.404,335.822,336.226,359711
[CALIB_PROFILE] | 10.0 | | 10.0 **10.0**1264,508,0.401,336.649,337.050,360219
[CALIB_PROFILE] | 10.0 | | 10.0 **10.0**1265,508,0.405,337.340,337.746,360727
[CALIB_PROFILE] | 10.0 | | 10.0 **10.0**1266,508,0.403,334.809,335.212,361235
[CALIB_PROFILE] | 10.0 | | 10.0 **10.0**1267,508,0.402,336.822,337.225,361743
[CALIB_PROFILE] | 10.0 | | 10.0 **10.0**1268,508,0.412,337.377,337.789,362251
[CALIB_PROFILE] | 10.0 | | 10.0 **10.0**1269,508,0.406,336.376,336.782,362759
[CALIB_PROFILE] | 10.0 | | 10.0 **10.0**1270,68,0.403,72.511,72.914,362827
[CALIB_PROFILE] | 10.0 | | 10.0 **10.0**1271,508,0.397,333.498,333.895,363335
[CALIB_PROFILE] | 10.0 | | 10.0 **10.0**1272,19,0.401,49.858,50.259,363354
[CALIB_PROFILE] | 10.0 | | 10.0 **10.0**1273,3,0.401,9.390,9.791,363357
[CALIB_PROFILE] | 10.0 | | 10.0 **10.0**1274,72,0.397,74.324,74.721,363429
[CALIB_PROFILE] | 10.0 | | 10.0 **10.0**1275,55,0.402,66.399,66.801,363484
[CALIB_PROFILE] | 10.0 | | 10.0 **10.0**1276,46,0.402,62.293,62.695,363530
[CALIB_PROFILE] | 10.0 | | 10.0 **10.0**1277,39,0.409,59.026,59.435,363569
[CALIB_PROFILE] | 10.0 | | 10.0 **10.0**1278,77,0.397,76.634,77.031,363646
[CALIB_PROFILE] | 10.0 | | 10.0 **10.0**1279,45,0.396,61.790,62.186,363691
[CALIB_PROFILE] | 10.0 | | 10.0 **10.0**1280,508,0.395,335.147,335.543,364199
[CALIB_PROFILE] | 10.0 | | 10.0 **10.0**1281,508,0.419,335.333,335.752,364707
[CALIB_PROFILE] | 10.0 | | 10.0 **10.0**1282,508,0.406,337.614,338.021,365215
[CALIB_PROFILE] | 10.0 | | 10.0 **10.0**1283,508,0.413,334.454,334.867,365723
[CALIB_PROFILE] | 10.0 | | 10.0 **10.0**1284,508,0.404,336.807,337.211,366231
[CALIB_PROFILE] | 10.0 | | 10.0 **10.0**1285,508,0.408,336.941,337.349,366739
[CALIB_PROFILE] | 10.0 | | 10.0 **10.0**1286,508,0.399,336.117,336.517,367247
[CALIB_PROFILE] | 10.0 | | 10.0 **10.0**1287,235,0.408,158.566,158.975,367482
[CALIB_PROFILE] | 10.0 | | 10.0 **10.0**1288,28,0.404,53.823,54.228,367510
[CALIB_PROFILE] | 10.0 | | 10.0 **10.0**1289,36,0.404,57.581,57.985,367546
[CALIB_PROFILE] | 10.0 | | 10.0 **10.0**1290,84,0.404,79.778,80.182,367630
[CALIB_PROFILE] | 10.0 | | 10.0 **10.0**1291,11,0.400,46.139,46.540,367641
[CALIB_PROFILE] | 10.0 | | 10.0 **10.0**1292,34,0.410,56.696,57.106,367675
[CALIB_PROFILE] | 10.0 | | 10.0 **10.0**1293,32,0.403,55.655,56.058,367707
[CALIB_PROFILE] | 10.0 | | 10.0 **10.0**1294,34,0.402,56.762,57.165,367741
[CALIB_PROFILE] | 10.0 | | 10.0 **10.0**1295,64,0.399,70.604,71.003,367805
[CALIB_PROFILE] | 10.0 | | 10.0 **10.0**1296,25,0.397,52.460,52.858,367830
[CALIB_PROFILE] | 10.0 | | 10.0 **10.0**1297,508,0.401,335.546,335.948,368338
[CALIB_PROFILE] | 10.0 | | 10.0 **10.0**1298,508,0.406,335.501,335.907,368846
[CALIB_PROFILE] | 10.0 | | 10.0 **10.0**1299,508,0.441,337.284,337.726,369354
[CALIB_PROFILE] | 10.0 | | 10.0 **10.0**1300,508,0.413,334.816,335.229,369862
[CALIB_PROFILE] | 10.0 | | 10.0 **10.0**1301,508,0.408,336.727,337.135,370370
[CALIB_PROFILE] | 10.0 | | 10.0 **10.0**1302,508,0.402,337.355,337.757,370878
[CALIB_PROFILE] | 10.0 | | 10.0 **10.0**1303,508,0.405,335.500,335.905,371386
[CALIB_PROFILE] | 10.0 | | 10.0 **10.0**1304,22,0.407,51.109,51.516,371408
[CALIB_PROFILE] | 10.0 | | 10.0 **10.0**1305,38,0.399,58.490,58.890,371446
[CALIB_PROFILE] | 10.0 | | 10.0 **10.0**1306,508,0.400,335.989,336.389,371954
[CALIB_PROFILE] | 10.0 | | 10.0 **10.0**1307,508,0.408,335.436,335.845,372462
[CALIB_PROFILE] | 10.0 | | 10.0 **10.0**1308,508,0.401,336.252,336.653,372970
[CALIB_PROFILE] | 10.0 | | 10.0 **10.0**1309,160,0.401,118.037,118.438,373130
[CALIB_PROFILE] | 10.0 | | 10.0 **10.0**1310,70,0.412,73.433,73.845,373200
[CALIB_PROFILE] | 10.0 | | 10.0 **10.0**1311,51,0.400,64.606,65.006,373251
[CALIB_PROFILE] | 10.0 | | 10.0 **10.0**1312,40,0.397,59.508,59.905,373291
[CALIB_PROFILE] | 10.0 | | 10.0 **10.0**1313,5,0.398,43.441,43.839,373296
[CALIB_PROFILE] | 10.0 | | 10.0 **10.0**1314,64,0.396,70.589,70.985,373360
[CALIB_PROFILE] | 10.0 | | 10.0 **10.0**1315,64,0.398,70.557,70.956,373424
[CALIB_PROFILE] | 10.0 | | 10.0 **10.0**1316,508,0.397,335.765,336.162,373932
[CALIB_PROFILE] | 10.0 | | 10.0 **10.0**1317,73,0.404,74.969,75.374,374005
[CALIB_PROFILE] | 10.0 | | 10.0 **10.0**1318,508,0.408,336.076,336.485,374513
[CALIB_PROFILE] | 10.0 | | 10.0 **10.0**1319,4,0.401,42.829,43.231,374517
[CALIB_PROFILE] | 10.0 | | 10.0 **10.0**1320,508,0.444,337.010,337.455,375025
[CALIB_PROFILE] | 10.0 | | 10.0 **10.0**1321,30,0.407,54.853,55.261,375055
[CALIB_PROFILE] | 10.0 | | 10.0 **10.0**1322,508,0.403,336.219,336.622,375563
[CALIB_PROFILE] | 10.0 | | 10.0 **10.0**1323,439,0.413,298.735,299.149,376002
[CALIB_PROFILE] | 10.0 | | 10.0 **10.0**1324,5,0.401,43.506,43.907,376007
[CALIB_PROFILE] | 10.0 | | 10.0 **10.0**1325,218,0.407,149.154,149.562,376225
[CALIB_PROFILE] | 10.0 | | 10.0 **10.0**1326,4,0.402,43.058,43.460,376229
[CALIB_PROFILE] | 10.0 | | 10.0 **10.0**1327,5,0.399,43.403,43.802,376234
[CALIB_PROFILE] | 10.0 | | 10.0 **10.0**1328,76,0.404,76.031,76.435,376310
[CALIB_PROFILE] | 10.0 | | 10.0 **10.0**1329,95,0.401,85.339,85.740,376405
[CALIB_PROFILE] | 10.0 | | 10.0 **10.0**1330,90,0.400,82.820,83.220,376495
[CALIB_PROFILE] | 10.0 | | 10.0 **10.0**1331,100,0.400,87.779,88.179,376595
[CALIB_PROFILE] | 10.0 | | 10.0 **10.0**1332,66,0.399,71.512,71.911,376661
[CALIB_PROFILE] | 10.0 | | 10.0 **10.0**1333,4,0.399,42.912,43.311,376665
[CALIB_PROFILE] | 10.0 | | 10.0 **10.0**1334,90,0.403,82.683,83.086,376755
[CALIB_PROFILE] | 10.0 | | 10.0 **10.0**1335,17,0.405,48.855,49.261,376772
[CALIB_PROFILE] | 10.0 | | 10.0 **10.0**1336,16,0.398,48.425,48.824,376788
[CALIB_PROFILE] | 10.0 | | 10.0 **10.0**1337,12,0.404,46.553,46.957,376800
[CALIB_PROFILE] | 10.0 | | 10.0 **10.0**1338,15,0.412,47.988,48.401,376815
[CALIB_PROFILE] | 10.0 | | 10.0 **10.0**1339,15,0.399,47.953,48.352,376830
[CALIB_PROFILE] | 10.0 | | 10.0 **10.0**1340,21,0.403,50.632,51.035,376851
[CALIB_PROFILE] | 10.0 | | 10.0 **10.0**1341,31,0.406,55.237,55.644,376882
[CALIB_PROFILE] | 10.0 | | 10.0 **10.0**1342,508,0.398,335.009,335.407,377390
[CALIB_PROFILE] | 10.0 | | 10.0 **10.0**1343,508,0.407,335.827,336.234,377898
[CALIB_PROFILE] | 10.0 | | 10.0 **10.0**1344,508,0.401,337.439,337.841,378406
[CALIB_PROFILE] | 10.0 | | 10.0 **10.0**1345,508,0.405,333.695,334.100,378914
[CALIB_PROFILE] | 10.0 | | 10.0 **10.0**1346,508,0.405,336.469,336.874,379422
[CALIB_PROFILE] | 10.0 | | 10.0 **10.0**1347,508,0.399,336.716,337.115,379930
[CALIB_PROFILE] | 10.0 | | 10.0 **10.0**1348,508,0.406,336.204,336.610,380438
[CALIB_PROFILE] | 10.0 | | 10.0 **10.0**1349,22,0.413,51.276,51.689,380460
[CALIB_PROFILE] | 10.0 | | 10.0 **10.0**1350,63,0.405,70.122,70.528,380523
[CALIB_PROFILE] | 10.0 | | 10.0 **10.0**1351,55,0.400,66.414,66.815,380578
[CALIB_PROFILE] | 10.0 | | 10.0 **10.0**1352,41,0.405,59.897,60.303,380619
[CALIB_PROFILE] | 10.0 | | 10.0 **10.0**1353,508,0.401,335.506,335.907,381127
[CALIB_PROFILE] | 10.0 | | 10.0 **10.0**1354,317,0.397,235.422,235.819,381444
[CALIB_PROFILE] | 10.0 | | 10.0 **10.0**1355,88,0.410,81.758,82.169,381532
[CALIB_PROFILE] | 10.0 | | 10.0 **10.0**1356,508,0.406,334.237,334.643,382040
[CALIB_PROFILE] | 10.0 | | 10.0 **10.0**1357,43,0.405,60.920,61.325,382083
[CALIB_PROFILE] | 10.0 | | 10.0 **10.0**1358,508,0.400,336.198,336.598,382591
[CALIB_PROFILE] | 10.0 | | 10.0 **10.0**1359,508,0.416,336.855,337.271,383099
[CALIB_PROFILE] | 10.0 | | 10.0 **10.0**1360,508,0.400,336.990,337.390,383607
[CALIB_PROFILE] | 10.0 | | 10.0 **10.0**1361,31,0.403,55.250,55.654,383638
[CALIB_PROFILE] | 10.0 | | 10.0 **10.0**1362,508,0.399,336.086,336.485,384146
[CALIB_PROFILE] | 10.0 | | 10.0 **10.0**1363,508,0.408,335.954,336.362,384654
[CALIB_PROFILE] | 10.0 | | 10.0 **10.0**1364,508,0.405,338.248,338.654,385162
[CALIB_PROFILE] | 10.0 | | 10.0 **10.0**1365,68,0.406,72.475,72.882,385230
[CALIB_PROFILE] | 10.0 | | 10.0 **10.0**1366,44,0.408,61.340,61.748,385274
[CALIB_PROFILE] | 10.0 | | 10.0 **10.0**1367,32,0.401,55.641,56.042,385306
[CALIB_PROFILE] | 10.0 | | 10.0 **10.0**1368,38,0.402,58.450,58.851,385344
[CALIB_PROFILE] | 10.0 | | 10.0 **10.0**1369,63,0.411,70.129,70.540,385407
[CALIB_PROFILE] | 10.0 | | 10.0 **10.0**1370,508,0.405,334.690,335.095,385915
[CALIB_PROFILE] | 10.0 | | 10.0 **10.0**1371,195,0.406,136.703,137.109,386110
[CALIB_PROFILE] | 10.0 | | 10.0 **10.0**1372,35,0.399,57.315,57.714,386145
[CALIB_PROFILE] | 10.0 | | 10.0 **10.0**1373,508,0.405,335.156,335.561,386653
[CALIB_PROFILE] | 10.0 | | 10.0 **10.0**1374,21,0.402,50.646,51.048,386674
[CALIB_PROFILE] | 10.0 | | 10.0 **10.0**1375,508,0.404,336.447,336.851,387182
[CALIB_PROFILE] | 10.0 | | 10.0 **10.0**1376,52,0.403,65.053,65.457,387234
[CALIB_PROFILE] | 10.0 | | 10.0 **10.0**1377,508,0.405,335.810,336.215,387742
[CALIB_PROFILE] | 10.0 | | 10.0 **10.0**1378,508,0.403,335.545,335.948,388250
[CALIB_PROFILE] | 10.0 | | 10.0 **10.0**1379,508,0.405,337.103,337.508,388758
[CALIB_PROFILE] | 10.0 | | 10.0 **10.0**1380,29,0.414,54.238,54.653,388787
[CALIB_PROFILE] | 10.0 | | 10.0 **10.0**1381,508,0.398,334.524,334.922,389295
[CALIB_PROFILE] | 10.0 | | 10.0 **10.0**1382,508,0.398,336.251,336.650,389803
[CALIB_PROFILE] | 10.0 | | 10.0 **10.0**1383,64,0.409,70.717,71.127,389867
[CALIB_PROFILE] | 10.0 | | 10.0 **10.0**1384,6,0.401,43.977,44.379,389873
[CALIB_PROFILE] | 10.0 | | 10.0 **10.0**1385,133,0.398,104.038,104.436,390006
[CALIB_PROFILE] | 10.0 | | 10.0 **10.0**1386,40,0.404,59.519,59.923,390046
[CALIB_PROFILE] | 10.0 | | 10.0 **10.0**1387,150,0.404,112.825,113.230,390196
[CALIB_PROFILE] | 10.0 | | 10.0 **10.0**1388,24,0.400,52.034,52.434,390220
[CALIB_PROFILE] | 10.0 | | 10.0 **10.0**1389,44,0.402,61.358,61.760,390264
[CALIB_PROFILE] | 10.0 | | 10.0 **10.0**1390,33,0.399,56.297,56.696,390297
[CALIB_PROFILE] | 10.0 | | 10.0 **10.0**1391,508,0.404,335.340,335.744,390805
[CALIB_PROFILE] | 10.0 | | 10.0 **10.0**1392,508,0.411,336.170,336.581,391313
[CALIB_PROFILE] | 10.0 | | 10.0 **10.0**1393,508,0.401,337.572,337.973,391821
[CALIB_PROFILE] | 10.0 | | 10.0 **10.0**1394,508,0.401,334.535,334.936,392329
[CALIB_PROFILE] | 10.0 | | 10.0 **10.0**1395,508,0.398,336.433,336.831,392837
[CALIB_PROFILE] | 10.0 | | 10.0 **10.0**1396,508,0.403,337.148,337.551,393345
[CALIB_PROFILE] | 10.0 | | 10.0 **10.0**1397,508,0.406,336.311,336.717,393853
[CALIB_PROFILE] | 10.0 | | 10.0 **10.0**1398,31,0.408,55.317,55.725,393884
[CALIB_PROFILE] | 10.0 | | 10.0 **10.0**1399,52,0.400,64.935,65.335,393936
[CALIB_PROFILE] | 10.0 | | 10.0 **10.0**1400,508,0.401,336.381,336.782,394444
[CALIB_PROFILE] | 10.0 | | 10.0 **10.0**1401,508,0.399,336.285,336.685,394952
[CALIB_PROFILE] | 10.0 | | 10.0 **10.0**1402,215,0.405,147.720,148.125,395167
[CALIB_PROFILE] | 10.0 | | 10.0 **10.0**1403,508,0.398,335.347,335.745,395675
[CALIB_PROFILE] | 10.0 | | 10.0 **10.0**1404,30,0.408,54.804,55.212,395705
[CALIB_PROFILE] | 10.0 | | 10.0 **10.0**1405,31,0.400,55.230,55.630,395736
[CALIB_PROFILE] | 10.0 | | 10.0 **10.0**1406,508,0.406,337.207,337.613,396244
[CALIB_PROFILE] | 10.0 | | 10.0 **10.0**1407,508,0.403,338.295,338.699,396752
[CALIB_PROFILE] | 10.0 | | 10.0 **10.0**1408,23,0.402,51.592,51.995,396775
[CALIB_PROFILE] | 10.0 | | 10.0 **10.0**1409,508,0.400,336.474,336.874,397283
[CALIB_PROFILE] | 10.0 | | 10.0 **10.0**1410,319,0.401,237.066,237.467,397602
[CALIB_PROFILE] | 10.0 | | 10.0 **10.0**1411,508,0.407,337.212,337.619,398110
[CALIB_PROFILE] | 10.0 | | 10.0 **10.0**1412,9,0.406,45.422,45.828,398119
[CALIB_PROFILE] | 10.0 | | 10.0 **10.0**1413,508,0.398,336.799,337.197,398627
[CALIB_PROFILE] | 10.0 | | 10.0 **10.0**1414,508,0.400,337.161,337.561,399135
[CALIB_PROFILE] | 10.0 | | 10.0 **10.0**1415,82,0.420,79.095,79.515,399217
[CALIB_PROFILE] | 10.0 | | 10.0 **10.0**1416,85,0.421,80.233,80.654,399302
[CALIB_PROFILE] | 10.0 | | 10.0 **10.0**1417,508,0.402,336.377,336.779,399810
[CALIB_PROFILE] | 10.0 | | 10.0 **10.0**1418,70,0.406,73.154,73.560,399880
[CALIB_PROFILE] | 10.0 | | 10.0 **10.0**1419,47,0.402,62.741,63.143,399927
[CALIB_PROFILE] | 10.0 | | 10.0 **10.0**1420,23,0.404,51.566,51.970,399950
[CALIB_PROFILE] | 10.0 | | 10.0 **10.0**1421,36,0.404,57.599,58.003,399986
[CALIB_PROFILE] | 10.0 | | 10.0 **10.0**1422,4,0.410,42.895,43.305,399990
[CALIB_PROFILE] | 10.0 | | 10.0 **10.0**1423,51,0.402,64.514,64.916,400041
[CALIB_PROFILE] | 10.0 | | 10.0 **10.0**1424,88,0.407,81.688,82.095,400129
[CALIB_PROFILE] | 10.0 | | 10.0 **10.0**1425,34,0.398,56.774,57.173,400163
[CALIB_PROFILE] | 10.0 | | 10.0 **10.0**1426,1,0.398,4.443,4.842,400164
[CALIB_PROFILE] | 10.0 | | 10.0 **10.0**1427,5,0.408,43.439,43.847,400169
[CALIB_PROFILE] | 10.0 | | 10.0 **10.0**1428,7,0.404,44.308,44.713,400176
[CALIB_PROFILE] | 10.0 | | 10.0 **10.0**1429,18,0.404,49.229,49.633,400194
[CALIB_PROFILE] | 10.0 | | 10.0 **10.0**1430,14,0.399,47.492,47.891,400208
[CALIB_PROFILE] | 10.0 | | 10.0 **10.0**1431,29,0.401,54.230,54.631,400237
[CALIB_PROFILE] | 10.0 | | 10.0 **10.0**1432,8,0.400,44.744,45.144,400245
[CALIB_PROFILE] | 10.0 | | 10.0 **10.0**1433,82,0.396,79.009,79.406,400327
[CALIB_PROFILE] | 10.0 | | 10.0 **10.0**1434,2,0.402,7.493,7.895,400329
[CALIB_PROFILE] | 10.0 | | 10.0 **10.0**1435,73,0.399,74.661,75.061,400402
[CALIB_PROFILE] | 10.0 | | 10.0 **10.0**1436,35,0.399,57.184,57.584,400437
[CALIB_PROFILE] | 10.0 | | 10.0 **10.0**1437,508,0.399,335.097,335.496,400945
[CALIB_PROFILE] | 10.0 | | 10.0 **10.0**1438,508,0.408,336.068,336.477,401453
[CALIB_PROFILE] | 10.0 | | 10.0 **10.0**1439,508,0.405,337.322,337.727,401961
[CALIB_PROFILE] | 10.0 | | 10.0 **10.0**1440,508,0.405,334.997,335.403,402469
[CALIB_PROFILE] | 10.0 | | 10.0 **10.0**1441,508,0.401,336.670,337.072,402977
[CALIB_PROFILE] | 10.0 | | 10.0 **10.0**1442,508,0.401,337.324,337.725,403485
[CALIB_PROFILE] | 10.0 | | 10.0 **10.0**1443,508,0.417,337.239,337.656,403993
[CALIB_PROFILE] | 10.0 | | 10.0 **10.0**1444,42,0.410,60.301,60.712,404035
[CALIB_PROFILE] | 10.0 | | 10.0 **10.0**1445,508,0.402,336.534,336.936,404543
[CALIB_PROFILE] | 10.0 | | 10.0 **10.0**1446,508,0.405,337.758,338.163,405051
[CALIB_PROFILE] | 10.0 | | 10.0 **10.0**1447,392,0.409,272.497,272.907,405443
[CALIB_PROFILE] | 10.0 | | 10.0 **10.0**1448,508,0.401,337.133,337.534,405951
[CALIB_PROFILE] | 10.0 | | 10.0 **10.0**1449,30,0.400,54.844,55.244,405981
[CALIB_PROFILE] | 10.0 | | 10.0 **10.0**1450,60,0.402,68.801,69.203,406041
[CALIB_PROFILE] | 10.0 | | 10.0 **10.0**1451,508,0.407,335.029,335.436,406549
[CALIB_PROFILE] | 10.0 | | 10.0 **10.0**1452,508,0.402,336.287,336.690,407057
[CALIB_PROFILE] | 10.0 | | 10.0 **10.0**1453,508,0.414,336.005,336.420,407565
[CALIB_PROFILE] | 10.0 | | 10.0 **10.0**1454,378,0.403,265.529,265.932,407943
[CALIB_PROFILE] | 10.0 | | 10.0 **10.0**1455,508,0.401,335.094,335.495,408451
[CALIB_PROFILE] | 10.0 | | 10.0 **10.0**1456,508,0.406,335.756,336.163,408959
[CALIB_PROFILE] | 10.0 | | 10.0 **10.0**1457,508,0.409,336.072,336.481,409467
[CALIB_PROFILE] | 10.0 | | 10.0 **10.0**1458,508,0.397,337.707,338.104,409975
[CALIB_PROFILE] | 10.0 | | 10.0 **10.0**1459,508,0.466,334.559,335.025,410483
[CALIB_PROFILE] | 10.0 | | 10.0 **10.0**1460,508,0.406,336.742,337.148,410991
[CALIB_PROFILE] | 10.0 | | 10.0 **10.0**1461,508,0.413,337.611,338.025,411499
[CALIB_PROFILE] | 10.0 | | 10.0 **10.0**1462,508,0.409,335.639,336.048,412007
[CALIB_PROFILE] | 10.0 | | 10.0 **10.0**1463,295,0.408,225.467,225.875,412302
[CALIB_PROFILE] | 10.0 | | 10.0 **10.0**1464,508,0.413,336.260,336.673,412810
[CALIB_PROFILE] | 10.0 | | 10.0 **10.0**1465,508,0.403,334.995,335.398,413318
[CALIB_PROFILE] | 10.0 | | 10.0 **10.0**1466,41,0.442,60.101,60.543,413359
[CALIB_PROFILE] | 10.0 | | 10.0 **10.0**1467,44,0.409,61.257,61.666,413403
[CALIB_PROFILE] | 10.0 | | 10.0 **10.0**1468,508,0.411,336.213,336.624,413911
[CALIB_PROFILE] | 10.0 | | 10.0 **10.0**1469,12,0.417,46.546,46.963,413923
[CALIB_PROFILE] | 10.0 | | 10.0 **10.0**1470,508,0.414,335.109,335.523,414431
[CALIB_PROFILE] | 10.0 | | 10.0 **10.0**1471,28,0.410,53.875,54.285,414459
[CALIB_PROFILE] | 10.0 | | 10.0 **10.0**1472,508,0.416,335.464,335.880,414967
[CALIB_PROFILE] | 10.0 | | 10.0 **10.0**1473,6,0.417,43.810,44.228,414973
[CALIB_PROFILE] | 10.0 | | 10.0 **10.0**1474,61,0.438,69.164,69.603,415034
[CALIB_PROFILE] | 10.0 | | 10.0 **10.0**1475,45,0.405,61.775,62.180,415079
[CALIB_PROFILE] | 10.0 | | 10.0 **10.0**1476,76,0.411,76.044,76.456,415155
[CALIB_PROFILE] | 10.0 | | 10.0 **10.0**1477,9,0.409,45.196,45.605,415164
[CALIB_PROFILE] | 10.0 | | 10.0 **10.0**1478,60,0.410,68.605,69.015,415224
[CALIB_PROFILE] | 10.0 | | 10.0 **10.0**1479,508,0.413,334.674,335.088,415732
[CALIB_PROFILE] | 10.0 | | 10.0 **10.0**1480,14,0.411,47.555,47.966,415746
[CALIB_PROFILE] | 10.0 | | 10.0 **10.0**1481,1,0.415,4.451,4.866,415747
[CALIB_PROFILE] | 10.0 | | 10.0 **10.0**1482,4,0.423,42.959,43.382,415751
[CALIB_PROFILE] | 10.0 | | 10.0 **10.0**1483,9,0.406,45.198,45.605,415760
[CALIB_PROFILE] | 10.0 | | 10.0 **10.0**1484,77,0.427,76.544,76.972,415837
[CALIB_PROFILE] | 10.0 | | 10.0 **10.0**1485,64,0.412,70.477,70.889,415901
[CALIB_PROFILE] | 10.0 | | 10.0 **10.0**1486,68,0.420,72.443,72.863,415969
[CALIB_PROFILE] | 10.0 | | 10.0 **10.0**1487,1,0.405,4.462,4.868,415970
[CALIB_PROFILE] | 10.0 | | 10.0 **10.0**1488,51,0.414,64.606,65.020,416021
[CALIB_PROFILE] | 10.0 | | 10.0 **10.0**1489,43,0.406,60.882,61.288,416064
[CALIB_PROFILE] | 10.0 | | 10.0 **10.0**1490,1,0.421,4.464,4.885,416065
[CALIB_PROFILE] | 10.0 | | 10.0 **10.0**1491,7,0.421,44.378,44.800,416072
[CALIB_PROFILE] | 10.0 | | 10.0 **10.0**1492,9,0.415,45.243,45.659,416081
[CALIB_PROFILE] | 10.0 | | 10.0 **10.0**1493,139,0.406,107.167,107.573,416220
[CALIB_PROFILE] | 10.0 | | 10.0 **10.0**1494,114,0.413,94.282,94.695,416334
[CALIB_PROFILE] | 10.0 | | 10.0 **10.0**1495,73,0.408,74.776,75.184,416407
[CALIB_PROFILE] | 10.0 | | 10.0 **10.0**1496,1,0.409,4.467,4.877,416408
[CALIB_PROFILE] | 10.0 | | 10.0 **10.0**1497,7,0.415,44.347,44.762,416415
[CALIB_PROFILE] | 10.0 | | 10.0 **10.0**1498,61,0.409,69.134,69.544,416476
[CALIB_PROFILE] | 10.0 | | 10.0 **10.0**1499,21,0.409,50.665,51.074,416497
[CALIB_PROFILE] | 10.0 | | 10.0 **10.0**1500,508,0.416,334.411,334.828,417005
[CALIB_PROFILE] | 10.0 | | 10.0 **10.0**1501,508,0.410,335.845,336.255,417513
[CALIB_PROFILE] | 10.0 | | 10.0 **10.0**1502,508,0.413,337.311,337.724,418021
[CALIB_PROFILE] | 10.0 | | 10.0 **10.0**1503,508,0.422,334.426,334.849,418529
[CALIB_PROFILE] | 10.0 | | 10.0 **10.0**1504,508,0.421,336.298,336.720,419037
[CALIB_PROFILE] | 10.0 | | 10.0 **10.0**1505,508,0.414,337.121,337.539,419545
[CALIB_PROFILE] | 10.0 | | 10.0 **10.0**1506,508,0.409,335.834,336.243,420053
[CALIB_PROFILE] | 10.0 | | 10.0 **10.0**1507,48,0.409,63.182,63.591,420101
[CALIB_PROFILE] | 10.0 | | 10.0 **10.0**1508,508,0.415,335.464,335.880,420609
[CALIB_PROFILE] | 10.0 | | 10.0 **10.0**1509,38,0.413,58.435,58.848,420647
[CALIB_PROFILE] | 10.0 | | 10.0 **10.0**1510,508,0.422,335.025,335.448,421155
[CALIB_PROFILE] | 10.0 | | 10.0 **10.0**1511,508,0.412,335.516,335.928,421663
[CALIB_PROFILE] | 10.0 | | 10.0 **10.0**1512,508,0.409,337.572,337.982,422171
[CALIB_PROFILE] | 10.0 | | 10.0 **10.0**1513,508,0.408,334.306,334.714,422679
[CALIB_PROFILE] | 10.0 | | 10.0 **10.0**1514,508,0.415,337.325,337.740,423187
[CALIB_PROFILE] | 10.0 | | 10.0 **10.0**1515,508,0.408,337.791,338.199,423695
[CALIB_PROFILE] | 10.0 | | 10.0 **10.0**1516,508,0.413,336.202,336.615,424203
[CALIB_PROFILE] | 10.0 | | 10.0 **10.0**1517,19,0.412,49.804,50.217,424222
[CALIB_PROFILE] | 10.0 | | 10.0 **10.0**1518,90,0.411,82.852,83.263,424312
[CALIB_PROFILE] | 10.0 | | 10.0 **10.0**1519,508,0.409,336.180,336.589,424820
[CALIB_PROFILE] | 10.0 | | 10.0 **10.0**1520,508,0.409,335.805,336.215,425328
[CALIB_PROFILE] | 10.0 | | 10.0 **10.0**1521,508,0.411,336.431,336.843,425836
[CALIB_PROFILE] | 10.0 | | 10.0 **10.0**1522,15,0.421,48.026,48.448,425851
[CALIB_PROFILE] | 10.0 | | 10.0 **10.0**1523,42,0.406,60.413,60.819,425893
[CALIB_PROFILE] | 10.0 | | 10.0 **10.0**1524,508,0.414,336.541,336.955,426401
[CALIB_PROFILE] | 10.0 | | 10.0 **10.0**1525,39,0.411,59.078,59.490,426440
[CALIB_PROFILE] | 10.0 | | 10.0 **10.0**1526,508,0.415,335.828,336.243,426948
[CALIB_PROFILE] | 10.0 | | 10.0 **10.0**1527,46,0.419,62.244,62.664,426994
[CALIB_PROFILE] | 10.0 | | 10.0 **10.0**1528,508,0.407,335.797,336.204,427502
[CALIB_PROFILE] | 10.0 | | 10.0 **10.0**1529,52,0.415,65.112,65.527,427554
[CALIB_PROFILE] | 10.0 | | 10.0 **10.0**1530,508,0.425,335.602,336.027,428062
[CALIB_PROFILE] | 10.0 | | 10.0 **10.0**1531,508,0.409,334.708,335.118,428570
[CALIB_PROFILE] | 10.0 | | 10.0 **10.0**1532,508,0.417,335.643,336.060,429078
[CALIB_PROFILE] | 10.0 | | 10.0 **10.0**1533,433,0.453,295.206,295.659,429511
[CALIB_PROFILE] | 10.0 | | 10.0 **10.0**1534,508,0.413,336.066,336.479,430019
[CALIB_PROFILE] | 10.0 | | 10.0 **10.0**1535,508,0.413,336.681,337.094,430527
[CALIB_PROFILE] | 10.0 | | 10.0 **10.0**1536,8,0.417,44.894,45.312,430535
[CALIB_PROFILE] | 10.0 | | 10.0 **10.0**1537,16,0.410,48.445,48.855,430551
[CALIB_PROFILE] | 10.0 | | 10.0 **10.0**1538,6,0.412,43.887,44.299,430557
[CALIB_PROFILE] | 10.0 | | 10.0 **10.0**1539,281,0.409,218.107,218.516,430838
[CALIB_PROFILE] | 10.0 | | 10.0 **10.0**1540,1,0.410,4.436,4.846,430839
[CALIB_PROFILE] | 10.0 | | 10.0 **10.0**1541,7,0.422,44.348,44.770,430846
[CALIB_PROFILE] | 10.0 | | 10.0 **10.0**1542,24,0.407,52.023,52.430,430870
[CALIB_PROFILE] | 10.0 | | 10.0 **10.0**1543,35,0.407,57.206,57.614,430905
[CALIB_PROFILE] | 10.0 | | 10.0 **10.0**1544,34,0.463,56.651,57.114,430939
[CALIB_PROFILE] | 10.0 | | 10.0 **10.0**1545,1,0.411,4.446,4.857,430940
[CALIB_PROFILE] | 10.0 | | 10.0 **10.0**1546,6,0.418,43.920,44.339,430946
[CALIB_PROFILE] | 10.0 | | 10.0 **10.0**1547,41,0.415,59.858,60.273,430987
[CALIB_PROFILE] | 10.0 | | 10.0 **10.0**1548,1,0.423,4.435,4.858,430988
[CALIB_PROFILE] | 10.0 | | 10.0 **10.0**1549,6,0.428,43.864,44.292,430994
[CALIB_PROFILE] | 10.0 | | 10.0 **10.0**1550,29,0.414,54.237,54.652,431023
[CALIB_PROFILE] | 10.0 | | 10.0 **10.0**1551,29,0.406,54.246,54.652,431052
[CALIB_PROFILE] | 10.0 | | 10.0 **10.0**1552,22,0.414,51.134,51.549,431074
[CALIB_PROFILE] | 10.0 | | 10.0 **10.0**1553,508,0.406,334.485,334.891,431582
[CALIB_PROFILE] | 10.0 | | 10.0 **10.0**1554,508,0.453,335.885,336.338,432090
[CALIB_PROFILE] | 10.0 | | 10.0 **10.0**1555,508,0.420,337.160,337.580,432598
[CALIB_PROFILE] | 10.0 | | 10.0 **10.0**1556,508,0.415,334.570,334.986,433106
[CALIB_PROFILE] | 10.0 | | 10.0 **10.0**1557,508,0.413,337.075,337.488,433614
[CALIB_PROFILE] | 10.0 | | 10.0 **10.0**1558,508,0.418,337.237,337.655,434122
[CALIB_PROFILE] | 10.0 | | 10.0 **10.0**1559,508,0.410,335.808,336.219,434630
[CALIB_PROFILE] | 10.0 | | 10.0 **10.0**1560,508,0.416,335.141,335.556,435138
[CALIB_PROFILE] | 10.0 | | 10.0 **10.0**1561,508,0.412,336.978,337.390,435646
[CALIB_PROFILE] | 10.0 | | 10.0 **10.0**1562,508,0.412,337.472,337.885,436154
[CALIB_PROFILE] | 10.0 | | 10.0 **10.0**1563,508,0.409,335.736,336.146,436662
[CALIB_PROFILE] | 10.0 | | 10.0 **10.0**1564,508,0.415,337.888,338.303,437170
[CALIB_PROFILE] | 10.0 | | 10.0 **10.0**1565,508,0.416,336.187,336.603,437678
[CALIB_PROFILE] | 10.0 | | 10.0 **10.0**1566,508,0.412,337.057,337.470,438186
[CALIB_PROFILE] | 10.0 | | 10.0 **10.0**1567,443,0.409,301.088,301.498,438629
[CALIB_PROFILE] | 10.0 | | 10.0 **10.0**1568,35,0.418,57.351,57.769,438664
[CALIB_PROFILE] | 10.0 | | 10.0 **10.0**1569,70,0.408,73.400,73.808,438734
[CALIB_PROFILE] | 10.0 | | 10.0 **10.0**1570,60,0.403,68.720,69.124,438794
[CALIB_PROFILE] | 10.0 | | 10.0 **10.0**1571,56,0.406,66.880,67.286,438850
[CALIB_PROFILE] | 10.0 | | 10.0 **10.0**1572,44,0.411,61.346,61.757,438894
[CALIB_PROFILE] | 10.0 | | 10.0 **10.0**1573,508,0.406,334.915,335.322,439402
[CALIB_PROFILE] | 10.0 | | 10.0 **10.0**1574,508,0.426,335.873,336.299,439910
[CALIB_PROFILE] | 10.0 | | 10.0 **10.0**1575,508,0.432,335.420,335.853,440418
[CALIB_PROFILE] | 10.0 | | 10.0 **10.0**1576,508,0.425,334.065,334.490,440926
[CALIB_PROFILE] | 10.0 | | 10.0 **10.0**1577,213,0.416,147.391,147.807,441139
[CALIB_PROFILE] | 10.0 | | 10.0 **10.0**1578,84,0.412,79.887,80.300,441223
[CALIB_PROFILE] | 10.0 | | 10.0 **10.0**1579,508,0.417,335.992,336.409,441731
[CALIB_PROFILE] | 10.0 | | 10.0 **10.0**1580,508,0.413,334.855,335.268,442239
[CALIB_PROFILE] | 10.0 | | 10.0 **10.0**1581,1,0.407,4.551,4.959,442240
[CALIB_PROFILE] | 10.0 | | 10.0 **10.0**1582,9,0.419,45.236,45.656,442249
[CALIB_PROFILE] | 10.0 | | 10.0 **10.0**1583,23,0.425,51.801,52.226,442272
[CALIB_PROFILE] | 10.0 | | 10.0 **10.0**1584,15,0.412,47.989,48.401,442287
[CALIB_PROFILE] | 10.0 | | 10.0 **10.0**1585,57,0.420,67.342,67.763,442344
[CALIB_PROFILE] | 10.0 | | 10.0 **10.0**1586,28,0.410,53.811,54.222,442372
[CALIB_PROFILE] | 10.0 | | 10.0 **10.0**1587,31,0.412,55.191,55.603,442403
[CALIB_PROFILE] | 10.0 | | 10.0 **10.0**1588,60,0.403,68.637,69.040,442463
[CALIB_PROFILE] | 10.0 | | 10.0 **10.0**1589,30,0.407,54.787,55.193,442493
[CALIB_PROFILE] | 10.0 | | 10.0 **10.0**1590,27,0.408,53.416,53.824,442520
[CALIB_PROFILE] | 10.0 | | 10.0 **10.0**1591,31,0.420,55.212,55.632,442551
[CALIB_PROFILE] | 10.0 | | 10.0 **10.0**1592,1,0.405,4.445,4.850,442552
[CALIB_PROFILE] | 10.0 | | 10.0 **10.0**1593,18,0.421,49.351,49.772,442570
[CALIB_PROFILE] | 10.0 | | 10.0 **10.0**1594,29,0.413,54.294,54.707,442599
[CALIB_PROFILE] | 10.0 | | 10.0 **10.0**1595,29,0.405,54.287,54.692,442628
[CALIB_PROFILE] | 10.0 | | 10.0 **10.0**1596,9,0.412,45.220,45.632,442637
[CALIB_PROFILE] | 10.0 | | 10.0 **10.0**1597,27,0.416,53.373,53.790,442664
[CALIB_PROFILE] | 10.0 | | 10.0 **10.0**1598,8,0.416,44.783,45.199,442672
[CALIB_PROFILE] | 10.0 | | 10.0 **10.0**1599,24,0.418,51.956,52.374,442696
[CALIB_PROFILE] | 10.0 | | 10.0 **10.0**1600,21,0.406,50.637,51.043,442717
[CALIB_PROFILE] | 10.0 | | 10.0 **10.0**1601,35,0.409,57.146,57.555,442752
[CALIB_PROFILE] | 10.0 | | 10.0 **10.0**1602,7,0.414,44.284,44.698,442759
[CALIB_PROFILE] | 10.0 | | 10.0 **10.0**1603,15,0.410,47.926,48.336,442774
[CALIB_PROFILE] | 10.0 | | 10.0 **10.0**1604,9,0.407,45.213,45.620,442783
[CALIB_PROFILE] | 10.0 | | 10.0 **10.0**1605,23,0.417,51.511,51.928,442806
[CALIB_PROFILE] | 10.0 | | 10.0 **10.0**1606,14,0.416,47.479,47.895,442820
[CALIB_PROFILE] | 10.0 | | 10.0 **10.0**1607,1,0.414,4.450,4.864,442821
[CALIB_PROFILE] | 10.0 | | 10.0 **10.0**1608,8,0.414,44.837,45.252,442829
[CALIB_PROFILE] | 10.0 | | 10.0 **10.0**1609,100,0.419,87.438,87.857,442929
[CALIB_PROFILE] | 10.0 | | 10.0 **10.0**1610,1,0.402,4.475,4.877,442930
[CALIB_PROFILE] | 10.0 | | 10.0 **10.0**1611,12,0.416,46.641,47.058,442942
[CALIB_PROFILE] | 10.0 | | 10.0 **10.0**1612,7,0.409,44.303,44.712,442949
[CALIB_PROFILE] | 10.0 | | 10.0 **10.0**1613,65,0.407,70.987,71.394,443014
[CALIB_PROFILE] | 10.0 | | 10.0 **10.0**1614,60,0.414,68.662,69.077,443074
[CALIB_PROFILE] | 10.0 | | 10.0 **10.0**1615,508,0.411,334.176,334.587,443582
[CALIB_PROFILE] | 10.0 | | 10.0 **10.0**1616,508,0.408,335.318,335.726,444090
[CALIB_PROFILE] | 10.0 | | 10.0 **10.0**1617,508,0.409,336.919,337.328,444598
[CALIB_PROFILE] | 10.0 | | 10.0 **10.0**1618,508,0.408,334.925,335.333,445106
[CALIB_PROFILE] | 10.0 | | 10.0 **10.0**1619,508,0.413,335.623,336.036,445614
[CALIB_PROFILE] | 10.0 | | 10.0 **10.0**1620,508,0.414,336.659,337.074,446122
[CALIB_PROFILE] | 10.0 | | 10.0 **10.0**1621,508,0.414,335.219,335.633,446630
[CALIB_PROFILE] | 10.0 | | 10.0 **10.0**1622,341,0.413,246.884,247.297,446971
[CALIB_PROFILE] | 10.0 | | 10.0 **10.0**1623,508,0.417,335.061,335.478,447479
[CALIB_PROFILE] | 10.0 | | 10.0 **10.0**1624,508,0.412,336.879,337.291,447987
[CALIB_PROFILE] | 10.0 | | 10.0 **10.0**1625,508,0.418,336.311,336.729,448495
[CALIB_PROFILE] | 10.0 | | 10.0 **10.0**1626,508,0.418,335.688,336.107,449003
[CALIB_PROFILE] | 10.0 | | 10.0 **10.0**1627,508,0.421,337.969,338.391,449511
[CALIB_PROFILE] | 10.0 | | 10.0 **10.0**1628,33,0.447,56.216,56.664,449544
[CALIB_PROFILE] | 10.0 | | 10.0 **10.0**1629,49,0.416,63.555,63.971,449593
[CALIB_PROFILE] | 10.0 | | 10.0 **10.0**1630,81,0.415,78.485,78.900,449674
[CALIB_PROFILE] | 10.0 | | 10.0 **10.0**1631,37,0.419,58.134,58.553,449711
[CALIB_PROFILE] | 10.0 | | 10.0 **10.0**1632,69,0.407,72.831,73.238,449780
[CALIB_PROFILE] | 10.0 | | 10.0 **10.0**1633,508,0.410,336.490,336.900,450288
[CALIB_PROFILE] | 10.0 | | 10.0 **10.0**1634,40,0.408,59.546,59.954,450328
[CALIB_PROFILE] | 10.0 | | 10.0 **10.0**1635,32,0.408,55.667,56.076,450360
[CALIB_PROFILE] | 10.0 | | 10.0 **10.0**1636,508,0.408,335.780,336.189,450868
[CALIB_PROFILE] | 10.0 | | 10.0 **10.0**1637,508,0.426,334.094,334.520,451376
[CALIB_PROFILE] | 10.0 | | 10.0 **10.0**1638,508,0.443,335.536,335.980,451884
[CALIB_PROFILE] | 10.0 | | 10.0 **10.0**1639,508,0.409,336.507,336.916,452392
[CALIB_PROFILE] | 10.0 | | 10.0 **10.0**1640,508,0.412,336.534,336.947,452900
[CALIB_PROFILE] | 10.0 | | 10.0 **10.0**1641,100,0.416,87.868,88.285,453000
[CALIB_PROFILE] | 10.0 | | 10.0 **10.0**1642,3,0.446,9.465,9.911,453003
[CALIB_PROFILE] | 10.0 | | 10.0 **10.0**1643,95,0.408,85.452,85.861,453098
[CALIB_PROFILE] | 10.0 | | 10.0 **10.0**1644,73,0.408,74.798,75.207,453171
[CALIB_PROFILE] | 10.0 | | 10.0 **10.0**1645,21,0.408,50.666,51.074,453192
[CALIB_PROFILE] | 10.0 | | 10.0 **10.0**1646,16,0.408,48.398,48.807,453208
[CALIB_PROFILE] | 10.0 | | 10.0 **10.0**1647,76,0.408,76.015,76.423,453284
[CALIB_PROFILE] | 10.0 | | 10.0 **10.0**1648,51,0.413,64.536,64.949,453335
[CALIB_PROFILE] | 10.0 | | 10.0 **10.0**1649,27,0.419,53.375,53.794,453362
[CALIB_PROFILE] | 10.0 | | 10.0 **10.0**1650,24,0.408,52.014,52.423,453386
[CALIB_PROFILE] | 10.0 | | 10.0 **10.0**1651,33,0.409,56.274,56.684,453419
[CALIB_PROFILE] | 10.0 | | 10.0 **10.0**1652,2,0.410,7.453,7.863,453421
[CALIB_PROFILE] | 10.0 | | 10.0 **10.0**1653,20,0.414,50.246,50.660,453441
[CALIB_PROFILE] | 10.0 | | 10.0 **10.0**1654,123,0.411,98.817,99.229,453564
[CALIB_PROFILE] | 10.0 | | 10.0 **10.0**1655,28,0.404,53.934,54.339,453592
[CALIB_PROFILE] | 10.0 | | 10.0 **10.0**1656,508,0.414,336.039,336.453,454100
[CALIB_PROFILE] | 10.0 | | 10.0 **10.0**1657,508,0.409,335.342,335.750,454608
[CALIB_PROFILE] | 10.0 | | 10.0 **10.0**1658,508,0.429,337.531,337.960,455116
[CALIB_PROFILE] | 10.0 | | 10.0 **10.0**1659,508,0.421,334.534,334.955,455624
[CALIB_PROFILE] | 10.0 | | 10.0 **10.0**1660,508,0.411,337.030,337.441,456132
[CALIB_PROFILE] | 10.0 | | 10.0 **10.0**1661,508,0.430,336.968,337.399,456640
[CALIB_PROFILE] | 10.0 | | 10.0 **10.0**1662,508,0.412,336.589,337.001,457148
[CALIB_PROFILE] | 10.0 | | 10.0 **10.0**1663,73,0.415,74.868,75.283,457221
[CALIB_PROFILE] | 10.0 | | 10.0 **10.0**1664,508,0.420,337.540,337.960,457729
[CALIB_PROFILE] | 10.0 | | 10.0 **10.0**1665,271,0.406,215.056,215.462,458000
[CALIB_PROFILE] | 10.0 | | 10.0 **10.0**1666,508,0.416,336.066,336.482,458508
[CALIB_PROFILE] | 10.0 | | 10.0 **10.0**1667,210,0.412,145.077,145.490,458718
[CALIB_PROFILE] | 10.0 | | 10.0 **10.0**1668,508,0.414,334.598,335.012,459226
[CALIB_PROFILE] | 10.0 | | 10.0 **10.0**1669,7,0.418,44.349,44.767,459233
[CALIB_PROFILE] | 10.0 | | 10.0 **10.0**1670,61,0.413,69.049,69.462,459294
[CALIB_PROFILE] | 10.0 | | 10.0 **10.0**1671,508,0.407,336.736,337.143,459802
[CALIB_PROFILE] | 10.0 | | 10.0 **10.0**1672,508,0.409,336.656,337.065,460310
[CALIB_PROFILE] | 10.0 | | 10.0 **10.0**1673,508,0.409,335.989,336.398,460818
[CALIB_PROFILE] | 10.0 | | 10.0 **10.0**1674,446,0.422,300.665,301.087,461264
[CALIB_PROFILE] | 10.0 | | 10.0 **10.0**1675,352,0.415,253.451,253.866,461616
[CALIB_PROFILE] | 10.0 | | 10.0 **10.0**1676,480,0.414,319.220,319.634,462096
[CALIB_PROFILE] | 10.0 | | 10.0 **10.0**1677,508,0.412,335.505,335.917,462604
[CALIB_PROFILE] | 10.0 | | 10.0 **10.0**1678,508,0.438,335.855,336.293,463112
[CALIB_PROFILE] | 10.0 | | 10.0 **10.0**1679,155,0.418,115.549,115.967,463267
[CALIB_PROFILE] | 10.0 | | 10.0 **10.0**1680,4,0.419,42.852,43.271,463271
[CALIB_PROFILE] | 10.0 | | 10.0 **10.0**1681,142,0.417,108.685,109.103,463413
[CALIB_PROFILE] | 10.0 | | 10.0 **10.0**1682,4,0.422,43.040,43.462,463417
[CALIB_PROFILE] | 10.0 | | 10.0 **10.0**1683,43,0.413,60.857,61.271,463460
[CALIB_PROFILE] | 10.0 | | 10.0 **10.0**1684,40,0.423,59.489,59.912,463500
[CALIB_PROFILE] | 10.0 | | 10.0 **10.0**1685,41,0.414,59.959,60.374,463541
[CALIB_PROFILE] | 10.0 | | 10.0 **10.0**1686,36,0.441,57.648,58.089,463577
[CALIB_PROFILE] | 10.0 | | 10.0 **10.0**1687,37,0.420,58.098,58.518,463614
[CALIB_PROFILE] | 10.0 | | 10.0 **10.0**1688,5,0.409,43.436,43.845,463619
[CALIB_PROFILE] | 10.0 | | 10.0 **10.0**1689,43,0.406,60.807,61.213,463662
[CALIB_PROFILE] | 10.0 | | 10.0 **10.0**1690,3,0.410,9.425,9.835,463665
[CALIB_PROFILE] | 10.0 | | 10.0 **10.0**1691,22,0.412,51.200,51.612,463687
[CALIB_PROFILE] | 10.0 | | 10.0 **10.0**1692,24,0.407,51.962,52.368,463711
[CALIB_PROFILE] | 10.0 | | 10.0 **10.0**1693,13,0.411,47.026,47.438,463724
[CALIB_PROFILE] | 10.0 | | 10.0 **10.0**1694,22,0.412,51.107,51.519,463746
[CALIB_PROFILE] | 10.0 | | 10.0 **10.0**1695,508,0.407,334.364,334.771,464254
[CALIB_PROFILE] | 10.0 | | 10.0 **10.0**1696,508,0.414,336.103,336.518,464762
[CALIB_PROFILE] | 10.0 | | 10.0 **10.0**1697,508,0.418,337.096,337.514,465270
[CALIB_PROFILE] | 10.0 | | 10.0 **10.0**1698,508,0.452,334.378,334.830,465778
[CALIB_PROFILE] | 10.0 | | 10.0 **10.0**1699,508,0.411,336.712,337.123,466286
[CALIB_PROFILE] | 10.0 | | 10.0 **10.0**1700,508,0.415,337.397,337.813,466794
[CALIB_PROFILE] | 10.0 | | 10.0 **10.0**1701,508,0.409,335.628,336.037,467302
[CALIB_PROFILE] | 10.0 | | 10.0 **10.0**1702,37,0.416,58.122,58.538,467339
[CALIB_PROFILE] | 10.0 | | 10.0 **10.0**1703,508,0.430,335.166,335.596,467847
[CALIB_PROFILE] | 10.0 | | 10.0 **10.0**1704,25,0.419,52.457,52.876,467872
[CALIB_PROFILE] | 10.0 | | 10.0 **10.0**1705,508,0.412,336.232,336.644,468380
[CALIB_PROFILE] | 10.0 | | 10.0 **10.0**1706,44,0.416,61.327,61.744,468424
[CALIB_PROFILE] | 10.0 | | 10.0 **10.0**1707,508,0.412,335.423,335.836,468932
[CALIB_PROFILE] | 10.0 | | 10.0 **10.0**1708,20,0.416,50.370,50.786,468952
[CALIB_PROFILE] | 10.0 | | 10.0 **10.0**1709,508,0.429,336.393,336.822,469460
[CALIB_PROFILE] | 10.0 | | 10.0 **10.0**1710,47,0.412,62.694,63.106,469507
[CALIB_PROFILE] | 10.0 | | 10.0 **10.0**1711,36,0.410,57.606,58.017,469543
[CALIB_PROFILE] | 10.0 | | 10.0 **10.0**1712,21,0.407,50.636,51.043,469564
[CALIB_PROFILE] | 10.0 | | 10.0 **10.0**1713,33,0.405,56.258,56.663,469597
[CALIB_PROFILE] | 10.0 | | 10.0 **10.0**1714,63,0.407,70.105,70.512,469660
[CALIB_PROFILE] | 10.0 | | 10.0 **10.0**1715,149,0.418,112.428,112.846,469809
[CALIB_PROFILE] | 10.0 | | 10.0 **10.0**1716,44,0.415,61.461,61.877,469853
[CALIB_PROFILE] | 10.0 | | 10.0 **10.0**1717,27,0.409,53.414,53.823,469880
[CALIB_PROFILE] | 10.0 | | 10.0 **10.0**1718,57,0.417,67.275,67.692,469937
[CALIB_PROFILE] | 10.0 | | 10.0 **10.0**1719,405,0.413,280.469,280.883,470342
[CALIB_PROFILE] | 10.0 | | 10.0 **10.0**1720,90,0.414,82.560,82.975,470432
[CALIB_PROFILE] | 10.0 | | 10.0 **10.0**1721,508,0.414,335.574,335.988,470940
[CALIB_PROFILE] | 10.0 | | 10.0 **10.0**1722,508,0.415,335.149,335.564,471448
[CALIB_PROFILE] | 10.0 | | 10.0 **10.0**1723,79,0.416,77.472,77.888,471527
[CALIB_PROFILE] | 10.0 | | 10.0 **10.0**1724,86,0.412,80.931,81.342,471613
[CALIB_PROFILE] | 10.0 | | 10.0 **10.0**1725,508,0.412,335.358,335.771,472121
[CALIB_PROFILE] | 10.0 | | 10.0 **10.0**1726,508,0.408,335.230,335.638,472629
[CALIB_PROFILE] | 10.0 | | 10.0 **10.0**1727,230,0.408,155.072,155.480,472859
[CALIB_PROFILE] | 10.0 | | 10.0 **10.0**1728,15,0.415,48.106,48.521,472874
[CALIB_PROFILE] | 10.0 | | 10.0 **10.0**1729,6,0.403,43.884,44.288,472880
[CALIB_PROFILE] | 10.0 | | 10.0 **10.0**1730,100,0.406,87.311,87.717,472980
[CALIB_PROFILE] | 10.0 | | 10.0 **10.0**1731,7,0.403,44.353,44.756,472987
[CALIB_PROFILE] | 10.0 | | 10.0 **10.0**1732,23,0.412,51.583,51.995,473010
[CALIB_PROFILE] | 10.0 | | 10.0 **10.0**1733,54,0.413,65.867,66.280,473064
[CALIB_PROFILE] | 10.0 | | 10.0 **10.0**1734,6,0.407,43.906,44.313,473070
[CALIB_PROFILE] | 10.0 | | 10.0 **10.0**1735,28,0.411,53.807,54.218,473098
[CALIB_PROFILE] | 10.0 | | 10.0 **10.0**1736,20,0.410,50.198,50.608,473118
[CALIB_PROFILE] | 10.0 | | 10.0 **10.0**1737,18,0.404,49.303,49.708,473136
[CALIB_PROFILE] | 10.0 | | 10.0 **10.0**1738,23,0.424,51.566,51.990,473159
[CALIB_PROFILE] | 10.0 | | 10.0 **10.0**1739,18,0.409,49.287,49.696,473177
[CALIB_PROFILE] | 10.0 | | 10.0 **10.0**1740,6,0.410,43.864,44.274,473183
[CALIB_PROFILE] | 10.0 | | 10.0 **10.0**1741,50,0.407,64.086,64.493,473233
[CALIB_PROFILE] | 10.0 | | 10.0 **10.0**1742,23,0.414,51.612,52.026,473256
[CALIB_PROFILE] | 10.0 | | 10.0 **10.0**1743,508,0.416,334.298,334.714,473764
[CALIB_PROFILE] | 10.0 | | 10.0 **10.0**1744,508,0.430,335.833,336.262,474272
[CALIB_PROFILE] | 10.0 | | 10.0 **10.0**1745,508,0.418,337.053,337.471,474780
[CALIB_PROFILE] | 10.0 | | 10.0 **10.0**1746,508,0.414,334.431,334.846,475288
[CALIB_PROFILE] | 10.0 | | 10.0 **10.0**1747,508,0.410,336.242,336.653,475796
[CALIB_PROFILE] | 10.0 | | 10.0 **10.0**1748,508,0.415,336.556,336.971,476304
[CALIB_PROFILE] | 10.0 | | 10.0 **10.0**1749,508,0.412,336.329,336.741,476812
[CALIB_PROFILE] | 10.0 | | 10.0 **10.0**1750,43,0.411,61.012,61.423,476855
[CALIB_PROFILE] | 10.0 | | 10.0 **10.0**1751,499,0.409,331.722,332.131,477354
[CALIB_PROFILE] | 10.0 | | 10.0 **10.0**1752,56,0.443,66.815,67.259,477410
[CALIB_PROFILE] | 10.0 | | 10.0 **10.0**1753,36,0.414,57.629,58.043,477446
[CALIB_PROFILE] | 10.0 | | 10.0 **10.0**1754,57,0.408,67.307,67.715,477503
[CALIB_PROFILE] | 10.0 | | 10.0 **10.0**1755,508,0.408,334.842,335.250,478011
[CALIB_PROFILE] | 10.0 | | 10.0 **10.0**1756,508,0.408,334.535,334.943,478519
[CALIB_PROFILE] | 10.0 | | 10.0 **10.0**1757,508,0.415,336.015,336.430,479027
[CALIB_PROFILE] | 10.0 | | 10.0 **10.0**1758,508,0.413,336.262,336.675,479535
[CALIB_PROFILE] | 10.0 | | 10.0 **10.0**1759,508,0.418,337.572,337.991,480043
[CALIB_PROFILE] | 10.0 | | 10.0 **10.0**1760,508,0.454,334.200,334.655,480551
[CALIB_PROFILE] | 10.0 | | 10.0 **10.0**1761,508,0.411,336.036,336.447,481059
[CALIB_PROFILE] | 10.0 | | 10.0 **10.0**1762,508,0.414,337.612,338.026,481567
[CALIB_PROFILE] | 10.0 | | 10.0 **10.0**1763,508,0.415,336.298,336.714,482075
[CALIB_PROFILE] | 10.0 | | 10.0 **10.0**1764,508,0.412,334.997,335.409,482583
[CALIB_PROFILE] | 10.0 | | 10.0 **10.0**1765,508,0.417,335.430,335.847,483091
[CALIB_PROFILE] | 10.0 | | 10.0 **10.0**1766,508,0.412,335.806,336.219,483599
[CALIB_PROFILE] | 10.0 | | 10.0 **10.0**1767,508,0.416,337.442,337.858,484107
[CALIB_PROFILE] | 10.0 | | 10.0 **10.0**1768,508,0.416,334.264,334.681,484615
[CALIB_PROFILE] | 10.0 | | 10.0 **10.0**1769,508,0.420,336.349,336.770,485123
[CALIB_PROFILE] | 10.0 | | 10.0 **10.0**1770,508,0.408,337.328,337.736,485631
[CALIB_PROFILE] | 10.0 | | 10.0 **10.0**1771,508,0.412,337.289,337.701,486139
[CALIB_PROFILE] | 10.0 | | 10.0 **10.0**1772,172,0.414,124.332,124.746,486311
[CALIB_PROFILE] | 10.0 | | 10.0 **10.0**1773,508,0.422,337.007,337.429,486819
[CALIB_PROFILE] | 10.0 | | 10.0 **10.0**1774,34,0.418,56.909,57.327,486853
[CALIB_PROFILE] | 10.0 | | 10.0 **10.0**1775,508,0.413,335.389,335.803,487361
[CALIB_PROFILE] | 10.0 | | 10.0 **10.0**1776,508,0.417,336.838,337.256,487869
[CALIB_PROFILE] | 10.0 | | 10.0 **10.0**1777,508,0.415,334.762,335.178,488377
[CALIB_PROFILE] | 10.0 | | 10.0 **10.0**1778,508,0.423,336.545,336.968,488885
[CALIB_PROFILE] | 10.0 | | 10.0 **10.0**1779,508,0.414,336.250,336.665,489393
[CALIB_PROFILE] | 10.0 | | 10.0 **10.0**1780,508,0.410,337.973,338.384,489901
[CALIB_PROFILE] | 10.0 | | 10.0 **10.0**1781,508,0.417,334.285,334.702,490409
[CALIB_PROFILE] | 10.0 | | 10.0 **10.0**1782,508,0.461,336.915,337.377,490917
[CALIB_PROFILE] | 10.0 | | 10.0 **10.0**1783,508,0.414,335.959,336.373,491425
[CALIB_PROFILE] | 10.0 | | 10.0 **10.0**1784,508,0.412,337.404,337.816,491933
[CALIB_PROFILE] | 10.0 | | 10.0 **10.0**1785,50,0.413,64.159,64.572,491983
[CALIB_PROFILE] | 10.0 | | 10.0 **10.0**1786,508,0.420,336.776,337.196,492491
[CALIB_PROFILE] | 10.0 | | 10.0 **10.0**1787,68,0.417,72.608,73.025,492559
[CALIB_PROFILE] | 10.0 | | 10.0 **10.0**1788,71,0.411,73.848,74.259,492630
[CALIB_PROFILE] | 10.0 | | 10.0 **10.0**1789,47,0.411,62.694,63.105,492677
[CALIB_PROFILE] | 10.0 | | 10.0 **10.0**1790,51,0.414,64.526,64.940,492728
[CALIB_PROFILE] | 10.0 | | 10.0 **10.0**1791,23,0.409,51.538,51.947,492751
[CALIB_PROFILE] | 10.0 | | 10.0 **10.0**1792,219,0.407,148.766,149.173,492970
[CALIB_PROFILE] | 10.0 | | 10.0 **10.0**1793,71,0.412,73.930,74.342,493041
[CALIB_PROFILE] | 10.0 | | 10.0 **10.0**1794,1,0.412,4.448,4.861,493042
[CALIB_PROFILE] | 10.0 | | 10.0 **10.0**1795,5,0.420,43.485,43.906,493047
[CALIB_PROFILE] | 10.0 | | 10.0 **10.0**1796,40,0.412,59.478,59.890,493087
[CALIB_PROFILE] | 10.0 | | 10.0 **10.0**1797,73,0.406,74.729,75.135,493160
[CALIB_PROFILE] | 10.0 | | 10.0 **10.0**1798,26,0.416,52.960,53.376,493186
[CALIB_PROFILE] | 10.0 | | 10.0 **10.0**1799,508,0.411,335.454,335.866,493694
[CALIB_PROFILE] | 10.0 | | 10.0 **10.0**1800,508,0.407,335.656,336.063,494202
[CALIB_PROFILE] | 10.0 | | 10.0 **10.0**1801,508,0.416,337.159,337.576,494710
[CALIB_PROFILE] | 10.0 | | 10.0 **10.0**1802,508,0.414,334.076,334.489,495218
[CALIB_PROFILE] | 10.0 | | 10.0 **10.0**1803,508,0.417,336.893,337.310,495726
[CALIB_PROFILE] | 10.0 | | 10.0 **10.0**1804,508,0.412,337.623,338.035,496234
[CALIB_PROFILE] | 10.0 | | 10.0 **10.0**1805,508,0.411,336.461,336.873,496742
[CALIB_PROFILE] | 10.0 | | 10.0 **10.0**1806,18,0.407,49.259,49.666,496760
[CALIB_PROFILE] | 10.0 | | 10.0 **10.0**1807,508,0.409,335.078,335.487,497268
[CALIB_PROFILE] | 10.0 | | 10.0 **10.0**1808,508,0.416,335.911,336.328,497776
[CALIB_PROFILE] | 10.0 | | 10.0 **10.0**1809,508,0.416,336.967,337.383,498284
[CALIB_PROFILE] | 10.0 | | 10.0 **10.0**1810,508,0.412,336.282,336.695,498792
[CALIB_PROFILE] | 10.0 | | 10.0 **10.0**1811,508,0.408,335.850,336.258,499300
[CALIB_PROFILE] | 10.0 | | 10.0 **10.0**1812,508,0.412,337.814,338.227,499808
[CALIB_PROFILE] | 10.0 | | 10.0 **10.0**1813,33,0.422,56.328,56.750,499841
[CALIB_PROFILE] | 10.0 | | 10.0 **10.0**1814,508,0.410,334.774,335.184,500349
[CALIB_PROFILE] | 10.0 | | 10.0 **10.0**1815,508,0.420,337.735,338.155,500857
[CALIB_PROFILE] | 10.0 | | 10.0 **10.0**1816,83,0.420,79.471,79.891,500940
[CALIB_PROFILE] | 10.0 | | 10.0 **10.0**1817,22,0.415,51.156,51.571,500962
[CALIB_PROFILE] | 10.0 | | 10.0 **10.0**1818,53,0.430,65.497,65.927,501015
[CALIB_PROFILE] | 10.0 | | 10.0 **10.0**1819,508,0.408,335.325,335.734,501523
[CALIB_PROFILE] | 10.0 | | 10.0 **10.0**1820,220,0.409,150.921,151.330,501743
[CALIB_PROFILE] | 10.0 | | 10.0 **10.0**1821,508,0.412,336.128,336.541,502251
[CALIB_PROFILE] | 10.0 | | 10.0 **10.0**1822,16,0.454,48.409,48.863,502267
[CALIB_PROFILE] | 10.0 | | 10.0 **10.0**1823,508,0.420,335.284,335.704,502775
[CALIB_PROFILE] | 10.0 | | 10.0 **10.0**1824,319,0.427,237.128,237.555,503094
[CALIB_PROFILE] | 10.0 | | 10.0 **10.0**1825,508,0.407,336.912,337.320,503602
[CALIB_PROFILE] | 10.0 | | 10.0 **10.0**1826,508,0.413,335.944,336.358,504110
[CALIB_PROFILE] | 10.0 | | 10.0 **10.0**1827,508,0.415,335.242,335.657,504618
[CALIB_PROFILE] | 10.0 | | 10.0 **10.0**1828,508,0.407,335.988,336.395,505126
[CALIB_PROFILE] | 10.0 | | 10.0 **10.0**1829,508,0.418,335.259,335.677,505634
[CALIB_PROFILE] | 10.0 | | 10.0 **10.0**1830,508,0.420,336.845,337.266,506142
[CALIB_PROFILE] | 10.0 | | 10.0 **10.0**1831,508,0.415,337.837,338.252,506650
[CALIB_PROFILE] | 10.0 | | 10.0 **10.0**1832,508,0.411,334.511,334.922,507158
[CALIB_PROFILE] | 10.0 | | 10.0 **10.0**1833,508,0.406,336.703,337.110,507666
[CALIB_PROFILE] | 10.0 | | 10.0 **10.0**1834,508,0.409,337.503,337.912,508174
[CALIB_PROFILE] | 10.0 | | 10.0 **10.0**1835,508,0.412,335.972,336.384,508682
[CALIB_PROFILE] | 10.0 | | 10.0 **10.0**1836,29,0.419,54.292,54.711,508711
[CALIB_PROFILE] | 10.0 | | 10.0 **10.0**1837,21,0.409,50.646,51.055,508732
[CALIB_PROFILE] | 10.0 | | 10.0 **10.0**1838,508,0.411,336.000,336.411,509240
[CALIB_PROFILE] | 10.0 | | 10.0 **10.0**1839,55,0.425,66.478,66.903,509295
[CALIB_PROFILE] | 10.0 | | 10.0 **10.0**1840,508,0.410,336.594,337.005,509803
[CALIB_PROFILE] | 10.0 | | 10.0 **10.0**1841,508,0.417,337.626,338.043,510311
[CALIB_PROFILE] | 10.0 | | 10.0 **10.0**1842,508,0.417,336.725,337.143,510819
[CALIB_PROFILE] | 10.0 | | 10.0 **10.0**1843,457,0.410,308.008,308.418,511276
[CALIB_PROFILE] | 10.0 | | 10.0 **10.0**1844,508,0.409,337.440,337.849,511784
[CALIB_PROFILE] | 10.0 | | 10.0 **10.0**1845,10,0.412,45.782,46.194,511794
[CALIB_PROFILE] | 10.0 | | 10.0 **10.0**1846,40,0.406,59.496,59.903,511834
[CALIB_PROFILE] | 10.0 | | 10.0 **10.0**1847,20,0.410,50.247,50.657,511854
[CALIB_PROFILE] | 10.0 | | 10.0 **10.0**1848,13,0.405,47.078,47.483,511867
[CALIB_PROFILE] | 10.0 | | 10.0 **10.0**1849,1,0.415,4.438,4.853,511868
[CALIB_PROFILE] | 10.0 | | 10.0 **10.0**1850,6,0.421,43.931,44.353,511874
[CALIB_PROFILE] | 10.0 | | 10.0 **10.0**1851,129,0.414,101.979,102.393,512003
[CALIB_PROFILE] | 10.0 | | 10.0 **10.0**1852,1,0.411,4.517,4.929,512004
[CALIB_PROFILE] | 10.0 | | 10.0 **10.0**1853,12,0.415,46.603,47.019,512016
[CALIB_PROFILE] | 10.0 | | 10.0 **10.0**1854,99,0.408,87.037,87.445,512115
[CALIB_PROFILE] | 10.0 | | 10.0 **10.0**1855,90,0.426,82.719,83.145,512205
[CALIB_PROFILE] | 10.0 | | 10.0 **10.0**1856,43,0.412,60.924,61.336,512248
[CALIB_PROFILE] | 10.0 | | 10.0 **10.0**1857,30,0.408,54.755,55.164,512278
[CALIB_PROFILE] | 10.0 | | 10.0 **10.0**1858,1,0.412,4.433,4.844,512279
[CALIB_PROFILE] | 10.0 | | 10.0 **10.0**1859,9,0.419,45.237,45.657,512288
[CALIB_PROFILE] | 10.0 | | 10.0 **10.0**1860,12,0.411,46.549,46.960,512300
[CALIB_PROFILE] | 10.0 | | 10.0 **10.0**1861,114,0.407,94.153,94.559,512414
[CALIB_PROFILE] | 10.0 | | 10.0 **10.0**1862,46,0.416,62.234,62.650,512460
[CALIB_PROFILE] | 10.0 | | 10.0 **10.0**1863,1,0.410,4.454,4.864,512461
[CALIB_PROFILE] | 10.0 | | 10.0 **10.0**1864,9,0.415,45.246,45.661,512470
[CALIB_PROFILE] | 10.0 | | 10.0 **10.0**1865,89,0.411,82.155,82.566,512559
[CALIB_PROFILE] | 10.0 | | 10.0 **10.0**1866,13,0.408,47.010,47.418,512572
[CALIB_PROFILE] | 10.0 | | 10.0 **10.0**1867,167,0.413,121.150,121.563,512739
[CALIB_PROFILE] | 10.0 | | 10.0 **10.0**1868,70,0.408,73.482,73.890,512809
[CALIB_PROFILE] | 10.0 | | 10.0 **10.0**1869,75,0.406,75.626,76.033,512884
[CALIB_PROFILE] | 10.0 | | 10.0 **10.0**1870,71,0.411,73.828,74.239,512955
[CALIB_PROFILE] | 10.0 | | 10.0 **10.0**1871,1,0.409,4.439,4.848,512956
[CALIB_PROFILE] | 10.0 | | 10.0 **10.0**1872,10,0.419,45.718,46.138,512966
[CALIB_PROFILE] | 10.0 | | 10.0 **10.0**1873,61,0.426,69.178,69.604,513027
[CALIB_PROFILE] | 10.0 | | 10.0 **10.0**1874,58,0.410,67.753,68.162,513085
[CALIB_PROFILE] | 10.0 | | 10.0 **10.0**1875,69,0.408,72.859,73.267,513154
[CALIB_PROFILE] | 10.0 | | 10.0 **10.0**1876,64,0.415,70.651,71.066,513218
[CALIB_PROFILE] | 10.0 | | 10.0 **10.0**1877,1,0.418,4.529,4.947,513219
[CALIB_PROFILE] | 10.0 | | 10.0 **10.0**1878,6,0.423,43.936,44.360,513225
[CALIB_PROFILE] | 10.0 | | 10.0 **10.0**1879,108,0.409,91.403,91.813,513333
[CALIB_PROFILE] | 10.0 | | 10.0 **10.0**1880,1,0.413,4.478,4.891,513334
[CALIB_PROFILE] | 10.0 | | 10.0 **10.0**1881,58,0.426,67.821,68.247,513392
[CALIB_PROFILE] | 10.0 | | 10.0 **10.0**1882,508,0.407,334.610,335.018,513900
[CALIB_PROFILE] | 10.0 | | 10.0 **10.0**1883,508,0.410,336.010,336.420,514408
[CALIB_PROFILE] | 10.0 | | 10.0 **10.0**1884,508,0.420,337.175,337.596,514916
[CALIB_PROFILE] | 10.0 | | 10.0 **10.0**1885,508,0.451,334.288,334.740,515424
[CALIB_PROFILE] | 10.0 | | 10.0 **10.0**1886,508,0.419,336.472,336.891,515932
[CALIB_PROFILE] | 10.0 | | 10.0 **10.0**1887,508,0.418,337.405,337.823,516440
[CALIB_PROFILE] | 10.0 | | 10.0 **10.0**1888,508,0.419,336.062,336.482,516948
[CALIB_PROFILE] | 10.0 | | 10.0 **10.0**1889,508,0.417,336.125,336.542,517456
[CALIB_PROFILE] | 10.0 | | 10.0 **10.0**1890,508,0.436,336.546,336.982,517964
[CALIB_PROFILE] | 10.0 | | 10.0 **10.0**1891,508,0.440,337.565,338.005,518472
[CALIB_PROFILE] | 10.0 | | 10.0 **10.0**1892,508,0.419,336.075,336.494,518980
[CALIB_PROFILE] | 10.0 | | 10.0 **10.0**1893,508,0.414,336.547,336.962,519488
[CALIB_PROFILE] | 10.0 | | 10.0 **10.0**1894,508,0.409,338.469,338.877,519996
[CALIB_PROFILE] | 10.0 | | 10.0 **10.0**1895,508,0.410,336.943,337.353,520504
[CALIB_PROFILE] | 10.0 | | 10.0 **10.0**1896,508,0.412,337.572,337.985,521012
[CALIB_PROFILE] | 10.0 | | 10.0 **10.0**1897,508,0.409,337.245,337.654,521520
[CALIB_PROFILE] | 10.0 | | 10.0 **10.0**1898,508,0.407,336.532,336.939,522028
[CALIB_PROFILE] | 10.0 | | 10.0 **10.0**1899,508,0.410,336.142,336.552,522536
[CALIB_PROFILE] | 10.0 | | 10.0 **10.0**1900,508,0.416,335.194,335.610,523044
[CALIB_PROFILE] | 10.0 | | 10.0 **10.0**1901,508,0.412,336.081,336.493,523552
[CALIB_PROFILE] | 10.0 | | 10.0 **10.0**1902,508,0.417,334.737,335.154,524060
[CALIB_PROFILE] | 10.0 | | 10.0 **10.0**1903,508,0.447,335.726,336.173,524568
[CALIB_PROFILE] | 10.0 | | 10.0 **10.0**1904,25,0.409,52.612,53.022,524593
[CALIB_PROFILE] | 10.0 | | 10.0 **10.0**1905,45,0.407,61.849,62.255,524638
[CALIB_PROFILE] | 10.0 | | 10.0 **10.0**1906,6,0.406,43.920,44.326,524644
[CALIB_PROFILE] | 10.0 | | 10.0 **10.0**1907,160,0.409,118.154,118.564,524804
[CALIB_PROFILE] | 10.0 | | 10.0 **10.0**1908,90,0.420,82.871,83.292,524894
[CALIB_PROFILE] | 10.0 | | 10.0 **10.0**1909,43,0.410,60.871,61.282,524937
[CALIB_PROFILE] | 10.0 | | 10.0 **10.0**1910,21,0.406,50.707,51.113,524958
[CALIB_PROFILE] | 10.0 | | 10.0 **10.0**1911,114,0.416,94.562,94.979,525072
[CALIB_PROFILE] | 10.0 | | 10.0 **10.0**1912,104,0.410,89.561,89.972,525176
[CALIB_PROFILE] | 10.0 | | 10.0 **10.0**1913,118,0.407,96.496,96.904,525294
[CALIB_PROFILE] | 10.0 | | 10.0 **10.0**1914,130,0.407,102.754,103.162,525424
[CALIB_PROFILE] | 10.0 | | 10.0 **10.0**1915,49,0.410,63.671,64.081,525473
[CALIB_PROFILE] | 10.0 | | 10.0 **10.0**1916,4,0.408,42.956,43.365,525477
[CALIB_PROFILE] | 10.0 | | 10.0 **10.0**1917,4,0.419,42.938,43.357,525481
[CALIB_PROFILE] | 10.0 | | 10.0 **10.0**1918,218,0.407,149.014,149.421,525699
[CALIB_PROFILE] | 10.0 | | 10.0 **10.0**1919,508,0.421,335.056,335.477,526207
[CALIB_PROFILE] | 10.0 | | 10.0 **10.0**1920,508,0.409,336.873,337.283,526715
[CALIB_PROFILE] | 10.0 | | 10.0 **10.0**1921,265,0.412,211.463,211.875,526980
[CALIB_PROFILE] | 10.0 | | 10.0 **10.0**1922,508,0.403,334.672,335.075,527488
[CALIB_PROFILE] | 10.0 | | 10.0 **10.0**1923,508,0.412,334.754,335.167,527996
[CALIB_PROFILE] | 10.0 | | 10.0 **10.0**1924,508,0.417,336.951,337.368,528504
[CALIB_PROFILE] | 10.0 | | 10.0 **10.0**1925,508,0.416,336.223,336.640,529012
[CALIB_PROFILE] | 10.0 | | 10.0 **10.0**1926,86,0.414,80.818,81.232,529098
[CALIB_PROFILE] | 10.0 | | 10.0 **10.0**1927,33,0.412,56.297,56.709,529131
[CALIB_PROFILE] | 10.0 | | 10.0 **10.0**1928,5,0.419,43.425,43.844,529136
[CALIB_PROFILE] | 10.0 | | 10.0 **10.0**1929,188,0.429,132.552,132.981,529324
[CALIB_PROFILE] | 10.0 | | 10.0 **10.0**1930,6,0.413,43.937,44.350,529330
[CALIB_PROFILE] | 10.0 | | 10.0 **10.0**1931,146,0.416,111.045,111.460,529476
[CALIB_PROFILE] | 10.0 | | 10.0 **10.0**1932,4,0.409,43.022,43.431,529480
[CALIB_PROFILE] | 10.0 | | 10.0 **10.0**1933,33,0.417,56.287,56.704,529513
[CALIB_PROFILE] | 10.0 | | 10.0 **10.0**1934,49,0.406,63.588,63.994,529562
[CALIB_PROFILE] | 10.0 | | 10.0 **10.0**1935,3,0.418,9.409,9.827,529565
[CALIB_PROFILE] | 10.0 | | 10.0 **10.0**1936,44,0.406,61.257,61.664,529609
[CALIB_PROFILE] | 10.0 | | 10.0 **10.0**1937,6,0.409,43.873,44.282,529615
[CALIB_PROFILE] | 10.0 | | 10.0 **10.0**1938,95,0.406,85.129,85.536,529710
[CALIB_PROFILE] | 10.0 | | 10.0 **10.0**1939,508,0.422,335.168,335.590,530218
[CALIB_PROFILE] | 10.0 | | 10.0 **10.0**1940,508,0.417,336.222,336.639,530726
[CALIB_PROFILE] | 10.0 | | 10.0 **10.0**1941,508,0.406,336.655,337.062,531234
[CALIB_PROFILE] | 10.0 | | 10.0 **10.0**1942,508,0.417,334.530,334.948,531742
[CALIB_PROFILE] | 10.0 | | 10.0 **10.0**1943,508,0.415,336.112,336.527,532250
[CALIB_PROFILE] | 10.0 | | 10.0 **10.0**1944,508,0.419,337.264,337.683,532758
[CALIB_PROFILE] | 10.0 | | 10.0 **10.0**1945,508,0.413,336.262,336.676,533266
[CALIB_PROFILE] | 10.0 | | 10.0 **10.0**1946,41,0.417,60.019,60.436,533307
[CALIB_PROFILE] | 10.0 | | 10.0 **10.0**1947,36,0.410,57.656,58.067,533343
[CALIB_PROFILE] | 10.0 | | 10.0 **10.0**1948,508,0.429,335.240,335.669,533851
[CALIB_PROFILE] | 10.0 | | 10.0 **10.0**1949,24,0.411,52.075,52.486,533875
[CALIB_PROFILE] | 10.0 | | 10.0 **10.0**1950,508,0.452,335.601,336.053,534383
[CALIB_PROFILE] | 10.0 | | 10.0 **10.0**1951,508,0.414,335.955,336.369,534891
[CALIB_PROFILE] | 10.0 | | 10.0 **10.0**1952,508,0.409,337.952,338.361,535399
[CALIB_PROFILE] | 10.0 | | 10.0 **10.0**1953,508,0.417,336.073,336.490,535907
[CALIB_PROFILE] | 10.0 | | 10.0 **10.0**1954,508,0.415,336.698,337.114,536415
[CALIB_PROFILE] | 10.0 | | 10.0 **10.0**1955,508,0.449,336.416,336.866,536923
[CALIB_PROFILE] | 10.0 | | 10.0 **10.0**1956,61,0.418,69.358,69.776,536984
[CALIB_PROFILE] | 10.0 | | 10.0 **10.0**1957,508,0.419,335.606,336.026,537492
[CALIB_PROFILE] | 10.0 | | 10.0 **10.0**1958,508,0.417,337.856,338.273,538000
[CALIB_PROFILE] | 10.0 | | 10.0 **10.0**1959,508,0.411,337.842,338.253,538508
[CALIB_PROFILE] | 10.0 | | 10.0 **10.0**1960,508,0.430,336.347,336.777,539016
[CALIB_PROFILE] | 10.0 | | 10.0 **10.0**1961,11,0.422,46.243,46.665,539027
[CALIB_PROFILE] | 10.0 | | 10.0 **10.0**1962,49,0.426,63.595,64.022,539076
[CALIB_PROFILE] | 10.0 | | 10.0 **10.0**1963,46,0.414,62.263,62.678,539122
[CALIB_PROFILE] | 10.0 | | 10.0 **10.0**1964,32,0.416,55.674,56.090,539154
[CALIB_PROFILE] | 10.0 | | 10.0 **10.0**1965,25,0.414,52.441,52.855,539179
[CALIB_PROFILE] | 10.0 | | 10.0 **10.0**1966,508,0.415,336.191,336.606,539687
[CALIB_PROFILE] | 10.0 | | 10.0 **10.0**1967,508,0.426,335.063,335.489,540195
[CALIB_PROFILE] | 10.0 | | 10.0 **10.0**1968,61,0.415,69.147,69.563,540256
[CALIB_PROFILE] | 10.0 | | 10.0 **10.0**1969,21,0.408,50.669,51.077,540277
[CALIB_PROFILE] | 10.0 | | 10.0 **10.0**1970,508,0.430,336.010,336.440,540785
[CALIB_PROFILE] | 10.0 | | 10.0 **10.0**1971,508,0.410,335.485,335.895,541293
[CALIB_PROFILE] | 10.0 | | 10.0 **10.0**1972,508,0.406,335.994,336.401,541801
[CALIB_PROFILE] | 10.0 | | 10.0 **10.0**1973,508,0.413,336.296,336.709,542309
[CALIB_PROFILE] | 10.0 | | 10.0 **10.0**1974,508,0.410,336.167,336.577,542817
[CALIB_PROFILE] | 10.0 | | 10.0 **10.0**1975,508,0.416,336.895,337.311,543325
[CALIB_PROFILE] | 10.0 | | 10.0 **10.0**1976,508,0.412,336.109,336.521,543833
[CALIB_PROFILE] | 10.0 | | 10.0 **10.0**1977,508,0.429,336.730,337.159,544341
[CALIB_PROFILE] | 10.0 | | 10.0 **10.0**1978,41,0.433,59.971,60.404,544382
[CALIB_PROFILE] | 10.0 | | 10.0 **10.0**1979,508,0.430,337.197,337.627,544890
[CALIB_PROFILE] | 10.0 | | 10.0 **10.0**1980,42,0.416,60.521,60.937,544932
[CALIB_PROFILE] | 10.0 | | 10.0 **10.0**1981,39,0.415,59.075,59.491,544971
[CALIB_PROFILE] | 10.0 | | 10.0 **10.0**1982,6,0.408,43.875,44.283,544977
[CALIB_PROFILE] | 10.0 | | 10.0 **10.0**1983,73,0.419,74.776,75.195,545050
[CALIB_PROFILE] | 10.0 | | 10.0 **10.0**1984,4,0.408,43.064,43.472,545054
[CALIB_PROFILE] | 10.0 | | 10.0 **10.0**1985,81,0.404,78.600,79.005,545135
[CALIB_PROFILE] | 10.0 | | 10.0 **10.0**1986,123,0.407,99.217,99.625,545258
[CALIB_PROFILE] | 10.0 | | 10.0 **10.0**1987,83,0.416,79.447,79.863,545341
[CALIB_PROFILE] | 10.0 | | 10.0 **10.0**1988,83,0.412,79.604,80.016,545424
[CALIB_PROFILE] | 10.0 | | 10.0 **10.0**1989,43,0.411,60.916,61.327,545467
[CALIB_PROFILE] | 10.0 | | 10.0 **10.0**1990,5,0.432,43.444,43.877,545472
[CALIB_PROFILE] | 10.0 | | 10.0 **10.0**1991,154,0.407,114.764,115.171,545626
[CALIB_PROFILE] | 10.0 | | 10.0 **10.0**1992,7,0.408,44.409,44.818,545633
[CALIB_PROFILE] | 10.0 | | 10.0 **10.0**1993,10,0.408,45.671,46.079,545643
[CALIB_PROFILE] | 10.0 | | 10.0 **10.0**1994,30,0.404,54.756,55.160,545673
[CALIB_PROFILE] | 10.0 | | 10.0 **10.0**1995,26,0.415,52.916,53.330,545699
[CALIB_PROFILE] | 10.0 | | 10.0 **10.0**1996,3,0.412,9.391,9.803,545702
[CALIB_PROFILE] | 10.0 | | 10.0 **10.0**1997,44,0.412,61.282,61.694,545746
[CALIB_PROFILE] | 10.0 | | 10.0 **10.0**1998,50,0.408,64.091,64.500,545796
[CALIB_PROFILE] | 10.0 | | 10.0 **10.0**1999,35,0.414,57.177,57.591,545831
[CALIB_PROFILE] | 10.0 | | 10.0 **10.0**2000,55,0.407,66.349,66.756,545886
[CALIB_PROFILE] | 10.0 | | 10.0 **10.0**2001,42,0.408,60.423,60.832,545928
[CALIB_PROFILE] | 10.0 | | 10.0 **10.0**2002,54,0.407,65.886,66.293,545982
[CALIB_PROFILE] | 10.0 | | 10.0 **10.0**2003,44,0.405,61.244,61.649,546026
[CALIB_PROFILE] | 10.0 | | 10.0 **10.0**2004,38,0.406,58.485,58.892,546064
[CALIB_PROFILE] | 10.0 | | 10.0 **10.0**2005,42,0.407,60.342,60.749,546106
[CALIB_PROFILE] | 10.0 | | 10.0 **10.0**2006,8,0.411,44.785,45.196,546114
[CALIB_PROFILE] | 10.0 | | 10.0 **10.0**2007,74,0.406,75.087,75.493,546188
[CALIB_PROFILE] | 10.0 | | 10.0 **10.0**2008,27,0.406,53.452,53.859,546215
[CALIB_PROFILE] | 10.0 | | 10.0 **10.0**2009,508,0.406,334.726,335.132,546723
[CALIB_PROFILE] | 10.0 | | 10.0 **10.0**2010,508,0.424,334.868,335.292,547231
[CALIB_PROFILE] | 10.0 | | 10.0 **10.0**2011,508,0.418,337.145,337.564,547739
[CALIB_PROFILE] | 10.0 | | 10.0 **10.0**2012,508,0.425,333.606,334.031,548247
[CALIB_PROFILE] | 10.0 | | 10.0 **10.0**2013,508,0.411,336.052,336.463,548755
[CALIB_PROFILE] | 10.0 | | 10.0 **10.0**2014,508,0.413,336.626,337.040,549263
[CALIB_PROFILE] | 10.0 | | 10.0 **10.0**2015,508,0.415,335.529,335.945,549771
[CALIB_PROFILE] | 10.0 | | 10.0 **10.0**2016,66,0.413,71.423,71.836,549837
[CALIB_PROFILE] | 10.0 | | 10.0 **10.0**2017,508,0.414,335.539,335.953,550345
[CALIB_PROFILE] | 10.0 | | 10.0 **10.0**2018,27,0.421,53.464,53.885,550372
[CALIB_PROFILE] | 10.0 | | 10.0 **10.0**2019,508,0.415,335.586,336.001,550880
[CALIB_PROFILE] | 10.0 | | 10.0 **10.0**2020,279,0.417,217.601,218.018,551159
[CALIB_PROFILE] | 10.0 | | 10.0 **10.0**2021,508,0.420,337.495,337.915,551667
[CALIB_PROFILE] | 10.0 | | 10.0 **10.0**2022,508,0.417,337.230,337.647,552175
[CALIB_PROFILE] | 10.0 | | 10.0 **10.0**2023,40,0.413,59.536,59.950,552215
[CALIB_PROFILE] | 10.0 | | 10.0 **10.0**2024,508,0.414,335.722,336.137,552723
[CALIB_PROFILE] | 10.0 | | 10.0 **10.0**2025,508,0.427,337.123,337.551,553231
[CALIB_PROFILE] | 10.0 | | 10.0 **10.0**2026,15,0.424,47.934,48.358,553246
[CALIB_PROFILE] | 10.0 | | 10.0 **10.0**2027,47,0.420,62.622,63.042,553293
[CALIB_PROFILE] | 10.0 | | 10.0 **10.0**2028,22,0.412,51.213,51.625,553315
[CALIB_PROFILE] | 10.0 | | 10.0 **10.0**2029,46,0.413,62.250,62.663,553361
[CALIB_PROFILE] | 10.0 | | 10.0 **10.0**2030,68,0.419,72.428,72.848,553429
[CALIB_PROFILE] | 10.0 | | 10.0 **10.0**2031,508,0.424,335.437,335.861,553937
[CALIB_PROFILE] | 10.0 | | 10.0 **10.0**2032,418,0.423,286.315,286.739,554355
[CALIB_PROFILE] | 10.0 | | 10.0 **10.0**2033,508,0.409,335.917,336.326,554863
[CALIB_PROFILE] | 10.0 | | 10.0 **10.0**2034,508,0.415,336.377,336.793,555371
[CALIB_PROFILE] | 10.0 | | 10.0 **10.0**2035,362,0.415,257.724,258.139,555733
[CALIB_PROFILE] | 10.0 | | 10.0 **10.0**2036,508,0.417,335.641,336.059,556241
[CALIB_PROFILE] | 10.0 | | 10.0 **10.0**2037,508,0.419,335.995,336.414,556749
[CALIB_PROFILE] | 10.0 | | 10.0 **10.0**2038,508,0.412,337.354,337.767,557257
[CALIB_PROFILE] | 10.0 | | 10.0 **10.0**2039,508,0.413,334.689,335.102,557765
[CALIB_PROFILE] | 10.0 | | 10.0 **10.0**2040,508,0.413,336.041,336.455,558273
[CALIB_PROFILE] | 10.0 | | 10.0 **10.0**2041,508,0.441,337.102,337.544,558781
[CALIB_PROFILE] | 10.0 | | 10.0 **10.0**2042,508,0.418,335.329,335.748,559289
[CALIB_PROFILE] | 10.0 | | 10.0 **10.0**2043,44,0.455,61.205,61.661,559333
[CALIB_PROFILE] | 10.0 | | 10.0 **10.0**2044,508,0.408,335.626,336.034,559841
[CALIB_PROFILE] | 10.0 | | 10.0 **10.0**2045,41,0.411,59.988,60.400,559882
[CALIB_PROFILE] | 10.0 | | 10.0 **10.0**2046,37,0.408,58.067,58.474,559919
[CALIB_PROFILE] | 10.0 | | 10.0 **10.0**2047,508,0.407,334.701,335.109,560427
[CALIB_PROFILE] | 10.0 | | 10.0 **10.0**2048,508,0.413,335.780,336.193,560935
[CALIB_PROFILE] | 10.0 | | 10.0 **10.0**2049,508,0.425,337.207,337.632,561443
[CALIB_PROFILE] | 10.0 | | 10.0 **10.0**2050,24,0.413,52.029,52.442,561467
[CALIB_PROFILE] | 10.0 | | 10.0 **10.0**2051,508,0.412,335.344,335.755,561975
[CALIB_PROFILE] | 10.0 | | 10.0 **10.0**2052,508,0.423,333.901,334.324,562483
[CALIB_PROFILE] | 10.0 | | 10.0 **10.0**2053,38,0.415,58.436,58.851,562521
[CALIB_PROFILE] | 10.0 | | 10.0 **10.0**2054,508,0.412,335.653,336.065,563029
[CALIB_PROFILE] | 10.0 | | 10.0 **10.0**2055,508,0.409,336.198,336.607,563537
[CALIB_PROFILE] | 10.0 | | 10.0 **10.0**2056,508,0.432,335.433,335.866,564045
[CALIB_PROFILE] | 10.0 | | 10.0 **10.0**2057,457,0.420,307.874,308.295,564502
[CALIB_PROFILE] | 10.0 | | 10.0 **10.0**2058,53,0.416,65.514,65.931,564555
[CALIB_PROFILE] | 10.0 | | 10.0 **10.0**2059,89,0.412,82.275,82.687,564644
[CALIB_PROFILE] | 10.0 | | 10.0 **10.0**2060,25,0.406,52.514,52.921,564669
[CALIB_PROFILE] | 10.0 | | 10.0 **10.0**2061,18,0.415,49.365,49.780,564687
[CALIB_PROFILE] | 10.0 | | 10.0 **10.0**2062,44,0.408,61.261,61.669,564731
[CALIB_PROFILE] | 10.0 | | 10.0 **10.0**2063,15,0.413,47.898,48.311,564746
[CALIB_PROFILE] | 10.0 | | 10.0 **10.0**2064,5,0.410,43.421,43.832,564751
[CALIB_PROFILE] | 10.0 | | 10.0 **10.0**2065,159,0.411,117.221,117.632,564910
[CALIB_PROFILE] | 10.0 | | 10.0 **10.0**2066,75,0.423,75.705,76.128,564985
[CALIB_PROFILE] | 10.0 | | 10.0 **10.0**2067,52,0.415,64.905,65.320,565037
[CALIB_PROFILE] | 10.0 | | 10.0 **10.0**2068,37,0.409,58.113,58.522,565074
[CALIB_PROFILE] | 10.0 | | 10.0 **10.0**2069,508,0.420,334.947,335.367,565582
[CALIB_PROFILE] | 10.0 | | 10.0 **10.0**2070,508,0.415,336.127,336.543,566090
[CALIB_PROFILE] | 10.0 | | 10.0 **10.0**2071,508,0.423,337.040,337.463,566598
[CALIB_PROFILE] | 10.0 | | 10.0 **10.0**2072,508,0.411,334.107,334.518,567106
[CALIB_PROFILE] | 10.0 | | 10.0 **10.0**2073,508,0.430,336.492,336.922,567614
[CALIB_PROFILE] | 10.0 | | 10.0 **10.0**2074,508,0.414,336.519,336.934,568122
[CALIB_PROFILE] | 10.0 | | 10.0 **10.0**2075,508,0.417,335.755,336.172,568630
[CALIB_PROFILE] | 10.0 | | 10.0 **10.0**2076,69,0.411,72.964,73.375,568699
[CALIB_PROFILE] | 10.0 | | 10.0 **10.0**2077,508,0.410,335.485,335.895,569207
[CALIB_PROFILE] | 10.0 | | 10.0 **10.0**2078,508,0.415,334.799,335.214,569715
[CALIB_PROFILE] | 10.0 | | 10.0 **10.0**2079,64,0.409,70.696,71.105,569779
[CALIB_PROFILE] | 10.0 | | 10.0 **10.0**2080,36,0.409,57.721,58.130,569815
[CALIB_PROFILE] | 10.0 | | 10.0 **10.0**2081,1,0.416,4.438,4.854,569816
[CALIB_PROFILE] | 10.0 | | 10.0 **10.0**2082,4,0.427,42.979,43.406,569820
[CALIB_PROFILE] | 10.0 | | 10.0 **10.0**2083,20,0.408,50.249,50.657,569840
[CALIB_PROFILE] | 10.0 | | 10.0 **10.0**2084,11,0.415,46.143,46.559,569851
[CALIB_PROFILE] | 10.0 | | 10.0 **10.0**2085,294,0.408,224.463,224.871,570145
[CALIB_PROFILE] | 10.0 | | 10.0 **10.0**2086,1,0.409,4.455,4.865,570146
[CALIB_PROFILE] | 10.0 | | 10.0 **10.0**2087,11,0.419,46.211,46.630,570157
[CALIB_PROFILE] | 10.0 | | 10.0 **10.0**2088,11,0.420,46.155,46.575,570168
[CALIB_PROFILE] | 10.0 | | 10.0 **10.0**2089,143,0.411,109.084,109.495,570311
[CALIB_PROFILE] | 10.0 | | 10.0 **10.0**2090,10,0.421,45.763,46.185,570321
[CALIB_PROFILE] | 10.0 | | 10.0 **10.0**2091,70,0.404,73.349,73.754,570391
[CALIB_PROFILE] | 10.0 | | 10.0 **10.0**2092,55,0.413,66.351,66.764,570446
[CALIB_PROFILE] | 10.0 | | 10.0 **10.0**2093,10,0.413,45.724,46.138,570456
[CALIB_PROFILE] | 10.0 | | 10.0 **10.0**2094,109,0.410,91.804,92.215,570565
[CALIB_PROFILE] | 10.0 | | 10.0 **10.0**2095,13,0.403,47.085,47.488,570578
[CALIB_PROFILE] | 10.0 | | 10.0 **10.0**2096,44,0.410,61.246,61.656,570622
[CALIB_PROFILE] | 10.0 | | 10.0 **10.0**2097,31,0.406,55.175,55.582,570653
[CALIB_PROFILE] | 10.0 | | 10.0 **10.0**2098,45,0.428,61.692,62.120,570698
[CALIB_PROFILE] | 10.0 | | 10.0 **10.0**2099,1,0.414,4.443,4.857,570699
[CALIB_PROFILE] | 10.0 | | 10.0 **10.0**2100,7,0.423,44.326,44.750,570706
[CALIB_PROFILE] | 10.0 | | 10.0 **10.0**2101,9,0.417,45.220,45.637,570715
[CALIB_PROFILE] | 10.0 | | 10.0 **10.0**2102,114,0.405,94.108,94.513,570829
[CALIB_PROFILE] | 10.0 | | 10.0 **10.0**2103,5,0.417,43.442,43.859,570834
[CALIB_PROFILE] | 10.0 | | 10.0 **10.0**2104,76,0.413,76.087,76.501,570910
[CALIB_PROFILE] | 10.0 | | 10.0 **10.0**2105,1,0.415,4.501,4.916,570911
[CALIB_PROFILE] | 10.0 | | 10.0 **10.0**2106,9,0.417,45.224,45.640,570920
[CALIB_PROFILE] | 10.0 | | 10.0 **10.0**2107,7,0.410,44.290,44.700,570927
[CALIB_PROFILE] | 10.0 | | 10.0 **10.0**2108,86,0.404,81.141,81.545,571013
[CALIB_PROFILE] | 10.0 | | 10.0 **10.0**2109,4,0.415,42.946,43.361,571017
[CALIB_PROFILE] | 10.0 | | 10.0 **10.0**2110,52,0.404,64.842,65.247,571069
[CALIB_PROFILE] | 10.0 | | 10.0 **10.0**2111,1,0.410,4.470,4.880,571070
[CALIB_PROFILE] | 10.0 | | 10.0 **10.0**2112,8,0.418,44.786,45.204,571078
[CALIB_PROFILE] | 10.0 | | 10.0 **10.0**2113,50,0.418,63.978,64.397,571128
[CALIB_PROFILE] | 10.0 | | 10.0 **10.0**2114,54,0.407,65.833,66.240,571182
[CALIB_PROFILE] | 10.0 | | 10.0 **10.0**2115,64,0.407,70.448,70.856,571246
[CALIB_PROFILE] | 10.0 | | 10.0 **10.0**2116,1,0.404,4.483,4.887,571247
[CALIB_PROFILE] | 10.0 | | 10.0 **10.0**2117,9,0.419,45.192,45.611,571256
[CALIB_PROFILE] | 10.0 | | 10.0 **10.0**2118,10,0.414,45.710,46.124,571266
[CALIB_PROFILE] | 10.0 | | 10.0 **10.0**2119,65,0.410,70.931,71.341,571331
[CALIB_PROFILE] | 10.0 | | 10.0 **10.0**2120,60,0.411,68.597,69.008,571391
[CALIB_PROFILE] | 10.0 | | 10.0 **10.0**2121,508,0.407,333.920,334.326,571899
[CALIB_PROFILE] | 10.0 | | 10.0 **10.0**2122,508,0.412,335.369,335.781,572407
[CALIB_PROFILE] | 10.0 | | 10.0 **10.0**2123,508,0.410,336.882,337.292,572915
[CALIB_PROFILE] | 10.0 | | 10.0 **10.0**2124,508,0.418,334.520,334.938,573423
[CALIB_PROFILE] | 10.0 | | 10.0 **10.0**2125,508,0.418,336.357,336.775,573931
[CALIB_PROFILE] | 10.0 | | 10.0 **10.0**2126,508,0.419,337.200,337.620,574439
[CALIB_PROFILE] | 10.0 | | 10.0 **10.0**2127,508,0.411,336.312,336.724,574947
[CALIB_PROFILE] | 10.0 | | 10.0 **10.0**2128,508,0.411,336.301,336.712,575455
[CALIB_PROFILE] | 10.0 | | 10.0 **10.0**2129,508,0.415,336.478,336.893,575963
[CALIB_PROFILE] | 10.0 | | 10.0 **10.0**2130,508,0.416,336.170,336.586,576471
[CALIB_PROFILE] | 10.0 | | 10.0 **10.0**2131,508,0.447,335.510,335.957,576979
[CALIB_PROFILE] | 10.0 | | 10.0 **10.0**2132,508,0.410,335.992,336.402,577487
[CALIB_PROFILE] | 10.0 | | 10.0 **10.0**2133,508,0.454,336.658,337.113,577995
[CALIB_PROFILE] | 10.0 | | 10.0 **10.0**2134,344,0.427,248.262,248.689,578339
[CALIB_PROFILE] | 10.0 | | 10.0 **10.0**2135,75,0.408,75.734,76.143,578414
[CALIB_PROFILE] | 10.0 | | 10.0 **10.0**2136,508,0.412,336.077,336.489,578922
[CALIB_PROFILE] | 10.0 | | 10.0 **10.0**2137,10,0.407,45.797,46.204,578932
[CALIB_PROFILE] | 10.0 | | 10.0 **10.0**2138,100,0.409,87.561,87.970,579032
[CALIB_PROFILE] | 10.0 | | 10.0 **10.0**2139,86,0.409,80.780,81.189,579118
[CALIB_PROFILE] | 10.0 | | 10.0 **10.0**2140,38,0.414,58.457,58.872,579156
[CALIB_PROFILE] | 10.0 | | 10.0 **10.0**2141,104,0.446,89.500,89.945,579260
[CALIB_PROFILE] | 10.0 | | 10.0 **10.0**2142,41,0.407,59.981,60.389,579301
[CALIB_PROFILE] | 10.0 | | 10.0 **10.0**2143,22,0.412,51.156,51.569,579323
[CALIB_PROFILE] | 10.0 | | 10.0 **10.0**2144,508,0.407,335.060,335.467,579831
[CALIB_PROFILE] | 10.0 | | 10.0 **10.0**2145,508,0.414,335.501,335.916,580339
[CALIB_PROFILE] | 10.0 | | 10.0 **10.0**2146,508,0.420,336.438,336.859,580847
[CALIB_PROFILE] | 10.0 | | 10.0 **10.0**2147,508,0.418,334.546,334.964,581355
[CALIB_PROFILE] | 10.0 | | 10.0 **10.0**2148,508,0.415,335.926,336.341,581863
[CALIB_PROFILE] | 10.0 | | 10.0 **10.0**2149,508,0.412,337.577,337.989,582371
[CALIB_PROFILE] | 10.0 | | 10.0 **10.0**2150,508,0.408,335.437,335.845,582879
[CALIB_PROFILE] | 10.0 | | 10.0 **10.0**2151,171,0.427,123.745,124.172,583050
[CALIB_PROFILE] | 10.0 | | 10.0 **10.0**2152,508,0.413,335.326,335.739,583558
[CALIB_PROFILE] | 10.0 | | 10.0 **10.0**2153,124,0.411,99.731,100.142,583682
[CALIB_PROFILE] | 10.0 | | 10.0 **10.0**2154,508,0.412,335.399,335.812,584190
[CALIB_PROFILE] | 10.0 | | 10.0 **10.0**2155,508,0.413,336.351,336.764,584698
[CALIB_PROFILE] | 10.0 | | 10.0 **10.0**2156,508,0.462,336.165,336.627,585206
[CALIB_PROFILE] | 10.0 | | 10.0 **10.0**2157,508,0.415,336.714,337.129,585714
[CALIB_PROFILE] | 10.0 | | 10.0 **10.0**2158,508,0.411,337.187,337.598,586222
[CALIB_PROFILE] | 10.0 | | 10.0 **10.0**2159,65,0.411,70.954,71.366,586287
[CALIB_PROFILE] | 10.0 | | 10.0 **10.0**2160,52,0.411,65.097,65.508,586339
[CALIB_PROFILE] | 10.0 | | 10.0 **10.0**2161,35,0.406,57.195,57.601,586374
[CALIB_PROFILE] | 10.0 | | 10.0 **10.0**2162,508,0.410,336.081,336.491,586882
[CALIB_PROFILE] | 10.0 | | 10.0 **10.0**2163,508,0.410,336.227,336.637,587390
[CALIB_PROFILE] | 10.0 | | 10.0 **10.0**2164,508,0.413,336.515,336.929,587898
[CALIB_PROFILE] | 10.0 | | 10.0 **10.0**2165,508,0.428,336.460,336.888,588406
[CALIB_PROFILE] | 10.0 | | 10.0 **10.0**2166,38,0.417,58.497,58.915,588444
[CALIB_PROFILE] | 10.0 | | 10.0 **10.0**2167,71,0.420,73.818,74.239,588515
[CALIB_PROFILE] | 10.0 | | 10.0 **10.0**2168,47,0.415,62.685,63.100,588562
[CALIB_PROFILE] | 10.0 | | 10.0 **10.0**2169,508,0.405,336.090,336.495,589070
[CALIB_PROFILE] | 10.0 | | 10.0 **10.0**2170,508,0.409,334.509,334.918,589578
[CALIB_PROFILE] | 10.0 | | 10.0 **10.0**2171,508,0.413,336.046,336.459,590086
[CALIB_PROFILE] | 10.0 | | 10.0 **10.0**2172,14,0.418,47.595,48.013,590100
[CALIB_PROFILE] | 10.0 | | 10.0 **10.0**2173,508,0.415,336.482,336.897,590608
[CALIB_PROFILE] | 10.0 | | 10.0 **10.0**2174,125,0.420,100.266,100.687,590733
[CALIB_PROFILE] | 10.0 | | 10.0 **10.0**2175,4,0.446,42.929,43.376,590737
[CALIB_PROFILE] | 10.0 | | 10.0 **10.0**2176,122,0.428,98.433,98.861,590859
[CALIB_PROFILE] | 10.0 | | 10.0 **10.0**2177,100,0.416,87.649,88.064,590959
[CALIB_PROFILE] | 10.0 | | 10.0 **10.0**2178,87,0.410,81.084,81.495,591046
[CALIB_PROFILE] | 10.0 | | 10.0 **10.0**2179,4,0.412,43.018,43.430,591050
[CALIB_PROFILE] | 10.0 | | 10.0 **10.0**2180,9,0.411,45.201,45.611,591059
[CALIB_PROFILE] | 10.0 | | 10.0 **10.0**2181,77,0.418,76.600,77.019,591136
[CALIB_PROFILE] | 10.0 | | 10.0 **10.0**2182,4,0.407,42.967,43.374,591140
[CALIB_PROFILE] | 10.0 | | 10.0 **10.0**2183,78,0.414,76.952,77.367,591218
[CALIB_PROFILE] | 10.0 | | 10.0 **10.0**2184,3,0.414,9.466,9.880,591221
[CALIB_PROFILE] | 10.0 | | 10.0 **10.0**2185,69,0.408,72.864,73.272,591290
[CALIB_PROFILE] | 10.0 | | 10.0 **10.0**2186,25,0.409,52.478,52.887,591315
[CALIB_PROFILE] | 10.0 | | 10.0 **10.0**2187,32,0.408,55.619,56.027,591347
[CALIB_PROFILE] | 10.0 | | 10.0 **10.0**2188,16,0.410,48.399,48.809,591363
[CALIB_PROFILE] | 10.0 | | 10.0 **10.0**2189,15,0.408,47.977,48.385,591378
[CALIB_PROFILE] | 10.0 | | 10.0 **10.0**2190,508,0.413,333.927,334.340,591886
[CALIB_PROFILE] | 10.0 | | 10.0 **10.0**2191,508,0.411,336.133,336.544,592394
[CALIB_PROFILE] | 10.0 | | 10.0 **10.0**2192,508,0.413,336.904,337.317,592902
[CALIB_PROFILE] | 10.0 | | 10.0 **10.0**2193,508,0.410,334.587,334.998,593410
[CALIB_PROFILE] | 10.0 | | 10.0 **10.0**2194,508,0.421,336.320,336.741,593918
[CALIB_PROFILE] | 10.0 | | 10.0 **10.0**2195,508,0.417,337.238,337.655,594426
[CALIB_PROFILE] | 10.0 | | 10.0 **10.0**2196,508,0.415,336.645,337.060,594934
[CALIB_PROFILE] | 10.0 | | 10.0 **10.0**2197,260,0.408,209.764,210.173,595194
[CALIB_PROFILE] | 10.0 | | 10.0 **10.0**2198,508,0.441,335.619,336.059,595702
[CALIB_PROFILE] | 10.0 | | 10.0 **10.0**2199,27,0.418,53.480,53.899,595729
[CALIB_PROFILE] | 10.0 | | 10.0 **10.0**2200,508,0.413,337.519,337.932,596237
[CALIB_PROFILE] | 10.0 | | 10.0 **10.0**2201,508,0.409,336.288,336.698,596745
[CALIB_PROFILE] | 10.0 | | 10.0 **10.0**2202,37,0.420,58.260,58.681,596782
[CALIB_PROFILE] | 10.0 | | 10.0 **10.0**2203,508,0.418,336.810,337.229,597290
[CALIB_PROFILE] | 10.0 | | 10.0 **10.0**2204,508,0.419,334.891,335.310,597798
[CALIB_PROFILE] | 10.0 | | 10.0 **10.0**2205,508,0.447,336.410,336.857,598306
[CALIB_PROFILE] | 10.0 | | 10.0 **10.0**2206,339,0.424,247.014,247.439,598645
[CALIB_PROFILE] | 10.0 | | 10.0 **10.0**2207,508,0.412,335.072,335.484,599153
[CALIB_PROFILE] | 10.0 | | 10.0 **10.0**2208,450,0.420,303.861,304.281,599603
[CALIB_PROFILE] | 10.0 | | 10.0 **10.0**2209,508,0.416,337.151,337.567,600111
[CALIB_PROFILE] | 10.0 | | 10.0 **10.0**2210,20,0.424,50.308,50.733,600131
[CALIB_PROFILE] | 10.0 | | 10.0 **10.0**2211,290,0.418,223.406,223.824,600421
[CALIB_PROFILE] | 10.0 | | 10.0 **10.0**2212,508,0.411,336.237,336.648,600929
[CALIB_PROFILE] | 10.0 | | 10.0 **10.0**2213,508,0.409,336.702,337.111,601437
[CALIB_PROFILE] | 10.0 | | 10.0 **10.0**2214,40,0.405,59.596,60.001,601477
[CALIB_PROFILE] | 10.0 | | 10.0 **10.0**2215,508,0.409,335.345,335.754,601985
[CALIB_PROFILE] | 10.0 | | 10.0 **10.0**2216,508,0.413,337.397,337.811,602493
[CALIB_PROFILE] | 10.0 | | 10.0 **10.0**2217,318,0.409,236.244,236.653,602811
[CALIB_PROFILE] | 10.0 | | 10.0 **10.0**2218,508,0.419,336.449,336.868,603319
[CALIB_PROFILE] | 10.0 | | 10.0 **10.0**2219,508,0.413,335.123,335.537,603827
[CALIB_PROFILE] | 10.0 | | 10.0 **10.0**2220,20,0.406,50.389,50.796,603847
[CALIB_PROFILE] | 10.0 | | 10.0 **10.0**2221,7,0.423,44.367,44.790,603854
[CALIB_PROFILE] | 10.0 | | 10.0 **10.0**2222,167,0.411,121.524,121.935,604021
[CALIB_PROFILE] | 10.0 | | 10.0 **10.0**2223,52,0.414,65.041,65.455,604073
[CALIB_PROFILE] | 10.0 | | 10.0 **10.0**2224,85,0.408,80.209,80.617,604158
[CALIB_PROFILE] | 10.0 | | 10.0 **10.0**2225,129,0.424,102.179,102.603,604287
[CALIB_PROFILE] | 10.0 | | 10.0 **10.0**2226,6,0.406,43.919,44.324,604293
[CALIB_PROFILE] | 10.0 | | 10.0 **10.0**2227,344,0.416,248.468,248.884,604637
[CALIB_PROFILE] | 10.0 | | 10.0 **10.0**2228,508,0.412,336.756,337.168,605145
[CALIB_PROFILE] | 10.0 | | 10.0 **10.0**2229,508,0.414,335.453,335.867,605653
[CALIB_PROFILE] | 10.0 | | 10.0 **10.0**2230,508,0.429,336.170,336.599,606161
[CALIB_PROFILE] | 10.0 | | 10.0 **10.0**2231,508,0.410,335.251,335.661,606669
[CALIB_PROFILE] | 10.0 | | 10.0 **10.0**2232,508,0.409,335.028,335.437,607177
[CALIB_PROFILE] | 10.0 | | 10.0 **10.0**2233,14,0.409,47.495,47.904,607191
[CALIB_PROFILE] | 10.0 | | 10.0 **10.0**2234,12,0.423,46.520,46.944,607203
[CALIB_PROFILE] | 10.0 | | 10.0 **10.0**2235,34,0.407,56.719,57.127,607237
[CALIB_PROFILE] | 10.0 | | 10.0 **10.0**2236,130,0.414,102.367,102.781,607367
[CALIB_PROFILE] | 10.0 | | 10.0 **10.0**2237,22,0.409,51.201,51.610,607389
[CALIB_PROFILE] | 10.0 | | 10.0 **10.0**2238,138,0.408,106.636,107.045,607527
[CALIB_PROFILE] | 10.0 | | 10.0 **10.0**2239,78,0.417,77.248,77.665,607605
[CALIB_PROFILE] | 10.0 | | 10.0 **10.0**2240,16,0.412,48.401,48.813,607621
[CALIB_PROFILE] | 10.0 | | 10.0 **10.0**2241,43,0.417,60.852,61.269,607664
[CALIB_PROFILE] | 10.0 | | 10.0 **10.0**2242,12,0.414,46.583,46.997,607676
[CALIB_PROFILE] | 10.0 | | 10.0 **10.0**2243,130,0.416,102.584,103.001,607806
[CALIB_PROFILE] | 10.0 | | 10.0 **10.0**2244,12,0.414,46.559,46.973,607818
[CALIB_PROFILE] | 10.0 | | 10.0 **10.0**2245,10,0.416,45.685,46.101,607828
[CALIB_PROFILE] | 10.0 | | 10.0 **10.0**2246,20,0.407,50.195,50.602,607848
[CALIB_PROFILE] | 10.0 | | 10.0 **10.0**2247,18,0.417,49.285,49.703,607866
[CALIB_PROFILE] | 10.0 | | 10.0 **10.0**2248,22,0.403,51.140,51.543,607888
[CALIB_PROFILE] | 10.0 | | 10.0 **10.0**2249,19,0.415,49.756,50.171,607907
[CALIB_PROFILE] | 10.0 | | 10.0 **10.0**2250,26,0.409,52.907,53.316,607933
[CALIB_PROFILE] | 10.0 | | 10.0 **10.0**2251,8,0.414,44.795,45.209,607941
[CALIB_PROFILE] | 10.0 | | 10.0 **10.0**2252,48,0.414,63.135,63.549,607989
[CALIB_PROFILE] | 10.0 | | 10.0 **10.0**2253,41,0.414,59.923,60.337,608030
[CALIB_PROFILE] | 10.0 | | 10.0 **10.0**2254,508,0.418,334.248,334.666,608538
[CALIB_PROFILE] | 10.0 | | 10.0 **10.0**2255,508,0.412,335.487,335.899,609046
[CALIB_PROFILE] | 10.0 | | 10.0 **10.0**2256,508,0.442,336.907,337.350,609554
[CALIB_PROFILE] | 10.0 | | 10.0 **10.0**2257,508,0.413,334.454,334.867,610062
[CALIB_PROFILE] | 10.0 | | 10.0 **10.0**2258,508,0.413,336.083,336.496,610570
[CALIB_PROFILE] | 10.0 | | 10.0 **10.0**2259,508,0.421,336.931,337.352,611078
[CALIB_PROFILE] | 10.0 | | 10.0 **10.0**2260,508,0.420,335.806,336.226,611586
[CALIB_PROFILE] | 10.0 | | 10.0 **10.0**2261,7,0.414,44.454,44.868,611593
[CALIB_PROFILE] | 10.0 | | 10.0 **10.0**2262,35,0.409,57.166,57.576,611628
[CALIB_PROFILE] | 10.0 | | 10.0 **10.0**2263,508,0.418,334.753,335.172,612136
[CALIB_PROFILE] | 10.0 | | 10.0 **10.0**2264,29,0.420,54.335,54.755,612165
[CALIB_PROFILE] | 10.0 | | 10.0 **10.0**2265,508,0.418,336.803,337.221,612673
[CALIB_PROFILE] | 10.0 | | 10.0 **10.0**2266,508,0.415,336.773,337.188,613181
[CALIB_PROFILE] | 10.0 | | 10.0 **10.0**2267,508,0.410,335.743,336.153,613689
[CALIB_PROFILE] | 10.0 | | 10.0 **10.0**2268,508,0.412,336.639,337.052,614197
[CALIB_PROFILE] | 10.0 | | 10.0 **10.0**2269,508,0.409,335.894,336.303,614705
[CALIB_PROFILE] | 10.0 | | 10.0 **10.0**2270,508,0.418,334.994,335.412,615213
[CALIB_PROFILE] | 10.0 | | 10.0 **10.0**2271,31,0.409,55.335,55.744,615244
[CALIB_PROFILE] | 10.0 | | 10.0 **10.0**2272,33,0.413,56.307,56.720,615277
[CALIB_PROFILE] | 10.0 | | 10.0 **10.0**2273,246,0.417,162.468,162.885,615523
[CALIB_PROFILE] | 10.0 | | 10.0 **10.0**2274,2,0.424,7.540,7.964,615525
[CALIB_PROFILE] | 10.0 | | 10.0 **10.0**2275,29,0.426,54.361,54.788,615554
[CALIB_PROFILE] | 10.0 | | 10.0 **10.0**2276,104,0.412,89.615,90.027,615658
[CALIB_PROFILE] | 10.0 | | 10.0 **10.0**2277,32,0.408,55.714,56.122,615690
[CALIB_PROFILE] | 10.0 | | 10.0 **10.0**2278,101,0.416,87.953,88.369,615791
[CALIB_PROFILE] | 10.0 | | 10.0 **10.0**2279,114,0.413,94.579,94.993,615905
[CALIB_PROFILE] | 10.0 | | 10.0 **10.0**2280,508,0.415,334.821,335.235,616413
[CALIB_PROFILE] | 10.0 | | 10.0 **10.0**2281,508,0.408,335.599,336.007,616921
[CALIB_PROFILE] | 10.0 | | 10.0 **10.0**2282,508,0.409,337.442,337.851,617429
[CALIB_PROFILE] | 10.0 | | 10.0 **10.0**2283,508,0.409,334.287,334.696,617937
[CALIB_PROFILE] | 10.0 | | 10.0 **10.0**2284,508,0.426,336.295,336.721,618445
[CALIB_PROFILE] | 10.0 | | 10.0 **10.0**2285,508,0.436,337.062,337.499,618953
[CALIB_PROFILE] | 10.0 | | 10.0 **10.0**2286,508,0.446,335.328,335.775,619461
[CALIB_PROFILE] | 10.0 | | 10.0 **10.0**2287,321,0.421,238.431,238.852,619782
[CALIB_PROFILE] | 10.0 | | 10.0 **10.0**2288,72,0.415,74.216,74.631,619854
[CALIB_PROFILE] | 10.0 | | 10.0 **10.0**2289,43,0.409,60.938,61.347,619897
[CALIB_PROFILE] | 10.0 | | 10.0 **10.0**2290,42,0.418,60.432,60.850,619939
[CALIB_PROFILE] | 10.0 | | 10.0 **10.0**2291,110,0.419,92.483,92.902,620049
[CALIB_PROFILE] | 10.0 | | 10.0 **10.0**2292,508,0.415,337.937,338.352,620557
[CALIB_PROFILE] | 10.0 | | 10.0 **10.0**2293,508,0.416,334.662,335.078,621065
[CALIB_PROFILE] | 10.0 | | 10.0 **10.0**2294,216,0.411,147.880,148.291,621281
[CALIB_PROFILE] | 10.0 | | 10.0 **10.0**2295,43,0.413,61.043,61.456,621324
[CALIB_PROFILE] | 10.0 | | 10.0 **10.0**2296,120,0.413,97.488,97.901,621444
[CALIB_PROFILE] | 10.0 | | 10.0 **10.0**2297,1,0.420,4.478,4.898,621445
[CALIB_PROFILE] | 10.0 | | 10.0 **10.0**2298,9,0.432,45.242,45.674,621454
[CALIB_PROFILE] | 10.0 | | 10.0 **10.0**2299,66,0.412,71.531,71.943,621520
[CALIB_PROFILE] | 10.0 | | 10.0 **10.0**2300,1,0.408,4.484,4.892,621521
[CALIB_PROFILE] | 10.0 | | 10.0 **10.0**2301,7,0.415,44.360,44.775,621528
[CALIB_PROFILE] | 10.0 | | 10.0 **10.0**2302,27,0.408,53.383,53.791,621555
[CALIB_PROFILE] | 10.0 | | 10.0 **10.0**2303,86,0.416,80.789,81.205,621641
[CALIB_PROFILE] | 10.0 | | 10.0 **10.0**2304,25,0.411,52.487,52.898,621666
[CALIB_PROFILE] | 10.0 | | 10.0 **10.0**2305,508,0.406,334.924,335.330,622174
[CALIB_PROFILE] | 10.0 | | 10.0 **10.0**2306,508,0.412,335.337,335.749,622682
[CALIB_PROFILE] | 10.0 | | 10.0 **10.0**2307,508,0.410,336.275,336.685,623190
[CALIB_PROFILE] | 10.0 | | 10.0 **10.0**2308,508,0.424,334.972,335.397,623698
[CALIB_PROFILE] | 10.0 | | 10.0 **10.0**2309,508,0.414,336.392,336.806,624206
[CALIB_PROFILE] | 10.0 | | 10.0 **10.0**2310,508,0.410,336.428,336.838,624714
[CALIB_PROFILE] | 10.0 | | 10.0 **10.0**2311,508,0.452,335.431,335.883,625222
[CALIB_PROFILE] | 10.0 | | 10.0 **10.0**2312,508,0.420,335.456,335.877,625730
[CALIB_PROFILE] | 10.0 | | 10.0 **10.0**2313,34,0.418,56.887,57.305,625764
[CALIB_PROFILE] | 10.0 | | 10.0 **10.0**2314,6,0.410,43.865,44.275,625770
[CALIB_PROFILE] | 10.0 | | 10.0 **10.0**2315,26,0.408,52.940,53.348,625796
[CALIB_PROFILE] | 10.0 | | 10.0 **10.0**2316,5,0.422,43.440,43.862,625801
[CALIB_PROFILE] | 10.0 | | 10.0 **10.0**2317,183,0.421,129.755,130.177,625984
[CALIB_PROFILE] | 10.0 | | 10.0 **10.0**2318,170,0.415,123.439,123.855,626154
[CALIB_PROFILE] | 10.0 | | 10.0 **10.0**2319,508,0.419,334.955,335.375,626662
[CALIB_PROFILE] | 10.0 | | 10.0 **10.0**2320,508,0.408,335.602,336.010,627170
[CALIB_PROFILE] | 10.0 | | 10.0 **10.0**2321,508,0.412,337.555,337.967,627678
[CALIB_PROFILE] | 10.0 | | 10.0 **10.0**2322,508,0.409,334.819,335.228,628186
[CALIB_PROFILE] | 10.0 | | 10.0 **10.0**2323,508,0.407,335.953,336.360,628694
[CALIB_PROFILE] | 10.0 | | 10.0 **10.0**2324,508,0.419,337.003,337.423,629202
[CALIB_PROFILE] | 10.0 | | 10.0 **10.0**2325,508,0.417,335.648,336.065,629710
[CALIB_PROFILE] | 10.0 | | 10.0 **10.0**2326,80,0.412,78.213,78.626,629790
[CALIB_PROFILE] | 10.0 | | 10.0 **10.0**2327,508,0.418,336.562,336.980,630298
[CALIB_PROFILE] | 10.0 | | 10.0 **10.0**2328,61,0.421,69.182,69.604,630359
[CALIB_PROFILE] | 10.0 | | 10.0 **10.0**2329,508,0.409,334.640,335.049,630867
[CALIB_PROFILE] | 10.0 | | 10.0 **10.0**2330,203,0.419,140.187,140.607,631070
[CALIB_PROFILE] | 10.0 | | 10.0 **10.0**2331,10,0.411,45.773,46.185,631080
[CALIB_PROFILE] | 10.0 | | 10.0 **10.0**2332,1,0.407,4.446,4.853,631081
[CALIB_PROFILE] | 10.0 | | 10.0 **10.0**2333,5,0.418,43.463,43.882,631086
[CALIB_PROFILE] | 10.0 | | 10.0 **10.0**2334,508,0.406,335.275,335.682,631594
[CALIB_PROFILE] | 10.0 | | 10.0 **10.0**2335,13,0.424,47.043,47.468,631607
[CALIB_PROFILE] | 10.0 | | 10.0 **10.0**2336,508,0.416,335.592,336.008,632115
[CALIB_PROFILE] | 10.0 | | 10.0 **10.0**2337,508,0.412,334.897,335.309,632623
[CALIB_PROFILE] | 10.0 | | 10.0 **10.0**2338,508,0.424,336.806,337.231,633131
[CALIB_PROFILE] | 10.0 | | 10.0 **10.0**2339,508,0.420,335.160,335.580,633639
[CALIB_PROFILE] | 10.0 | | 10.0 **10.0**2340,56,0.462,66.807,67.268,633695
[CALIB_PROFILE] | 10.0 | | 10.0 **10.0**2341,508,0.414,335.607,336.022,634203
[CALIB_PROFILE] | 10.0 | | 10.0 **10.0**2342,508,0.420,336.907,337.327,634711
[CALIB_PROFILE] | 10.0 | | 10.0 **10.0**2343,4,0.411,43.074,43.485,634715
[CALIB_PROFILE] | 10.0 | | 10.0 **10.0**2344,508,0.473,334.339,334.812,635223
[CALIB_PROFILE] | 10.0 | | 10.0 **10.0**2345,67,0.413,72.066,72.479,635290
[CALIB_PROFILE] | 10.0 | | 10.0 **10.0**2346,14,0.413,47.549,47.962,635304
[CALIB_PROFILE] | 10.0 | | 10.0 **10.0**2347,508,0.409,335.690,336.099,635812
[CALIB_PROFILE] | 10.0 | | 10.0 **10.0**2348,508,0.416,335.594,336.011,636320
[CALIB_PROFILE] | 10.0 | | 10.0 **10.0**2349,508,0.411,337.453,337.864,636828
[CALIB_PROFILE] | 10.0 | | 10.0 **10.0**2350,508,0.408,336.109,336.517,637336
[CALIB_PROFILE] | 10.0 | | 10.0 **10.0**2351,21,0.411,50.698,51.109,637357
[CALIB_PROFILE] | 10.0 | | 10.0 **10.0**2352,6,0.417,43.859,44.277,637363
[CALIB_PROFILE] | 10.0 | | 10.0 **10.0**2353,250,0.412,166.472,166.884,637613
[CALIB_PROFILE] | 10.0 | | 10.0 **10.0**2354,6,0.424,43.782,44.207,637619
[CALIB_PROFILE] | 10.0 | | 10.0 **10.0**2355,165,0.407,120.729,121.137,637784
[CALIB_PROFILE] | 10.0 | | 10.0 **10.0**2356,5,0.407,43.476,43.883,637789
[CALIB_PROFILE] | 10.0 | | 10.0 **10.0**2357,27,0.408,53.362,53.770,637816
[CALIB_PROFILE] | 10.0 | | 10.0 **10.0**2358,25,0.409,52.492,52.902,637841
[CALIB_PROFILE] | 10.0 | | 10.0 **10.0**2359,80,0.421,78.086,78.507,637921
[CALIB_PROFILE] | 10.0 | | 10.0 **10.0**2360,8,0.407,44.807,45.214,637929
[CALIB_PROFILE] | 10.0 | | 10.0 **10.0**2361,110,0.430,92.649,93.080,638039
[CALIB_PROFILE] | 10.0 | | 10.0 **10.0**2362,25,0.430,52.542,52.972,638064
[CALIB_PROFILE] | 10.0 | | 10.0 **10.0**2363,508,0.416,334.776,335.192,638572
[CALIB_PROFILE] | 10.0 | | 10.0 **10.0**2364,508,0.427,335.752,336.179,639080
[CALIB_PROFILE] | 10.0 | | 10.0 **10.0**2365,508,0.408,337.297,337.706,639588
[CALIB_PROFILE] | 10.0 | | 10.0 **10.0**2366,508,0.412,334.354,334.767,640096
[CALIB_PROFILE] | 10.0 | | 10.0 **10.0**2367,508,0.418,335.614,336.032,640604
[CALIB_PROFILE] | 10.0 | | 10.0 **10.0**2368,508,0.415,337.104,337.519,641112
[CALIB_PROFILE] | 10.0 | | 10.0 **10.0**2369,508,0.407,336.160,336.567,641620
[CALIB_PROFILE] | 10.0 | | 10.0 **10.0**2370,508,0.452,335.414,335.866,642128
[CALIB_PROFILE] | 10.0 | | 10.0 **10.0**2371,44,0.419,61.387,61.806,642172
[CALIB_PROFILE] | 10.0 | | 10.0 **10.0**2372,508,0.405,335.463,335.869,642680
[CALIB_PROFILE] | 10.0 | | 10.0 **10.0**2373,508,0.419,334.748,335.168,643188
[CALIB_PROFILE] | 10.0 | | 10.0 **10.0**2374,508,0.414,337.022,337.437,643696
[CALIB_PROFILE] | 10.0 | | 10.0 **10.0**2375,434,0.405,294.729,295.134,644130
[CALIB_PROFILE] | 10.0 | | 10.0 **10.0**2376,508,0.415,335.139,335.554,644638
[CALIB_PROFILE] | 10.0 | | 10.0 **10.0**2377,508,0.416,336.977,337.393,645146
[CALIB_PROFILE] | 10.0 | | 10.0 **10.0**2378,385,0.412,269.370,269.782,645531
[CALIB_PROFILE] | 10.0 | | 10.0 **10.0**2379,508,0.406,336.189,336.595,646039
[CALIB_PROFILE] | 10.0 | | 10.0 **10.0**2380,3,0.415,9.484,9.899,646042
[CALIB_PROFILE] | 10.0 | | 10.0 **10.0**2381,52,0.404,65.104,65.508,646094
[CALIB_PROFILE] | 10.0 | | 10.0 **10.0**2382,47,0.406,62.713,63.119,646141
[CALIB_PROFILE] | 10.0 | | 10.0 **10.0**2383,214,0.410,147.677,148.087,646355
[CALIB_PROFILE] | 10.0 | | 10.0 **10.0**2384,16,0.406,48.373,48.779,646371
[CALIB_PROFILE] | 10.0 | | 10.0 **10.0**2385,132,0.409,103.683,104.093,646503
[CALIB_PROFILE] | 10.0 | | 10.0 **10.0**2386,47,0.406,62.775,63.181,646550
[CALIB_PROFILE] | 10.0 | | 10.0 **10.0**2387,98,0.405,86.588,86.994,646648
[CALIB_PROFILE] | 10.0 | | 10.0 **10.0**2388,3,0.406,9.391,9.797,646651
[CALIB_PROFILE] | 10.0 | | 10.0 **10.0**2389,61,0.412,69.299,69.712,646712
[CALIB_PROFILE] | 10.0 | | 10.0 **10.0**2390,71,0.408,73.811,74.220,646783
[CALIB_PROFILE] | 10.0 | | 10.0 **10.0**2391,49,0.407,63.647,64.055,646832
[CALIB_PROFILE] | 10.0 | | 10.0 **10.0**2392,38,0.404,58.582,58.986,646870
[CALIB_PROFILE] | 10.0 | | 10.0 **10.0**2393,4,0.404,42.947,43.351,646874
[CALIB_PROFILE] | 10.0 | | 10.0 **10.0**2394,3,0.414,9.371,9.785,646877
[CALIB_PROFILE] | 10.0 | | 10.0 **10.0**2395,22,0.405,51.153,51.558,646899
[CALIB_PROFILE] | 10.0 | | 10.0 **10.0**2396,55,0.407,66.358,66.765,646954
[CALIB_PROFILE] | 10.0 | | 10.0 **10.0**2397,32,0.412,55.638,56.050,646986
[CALIB_PROFILE] | 10.0 | | 10.0 **10.0**2398,19,0.410,49.786,50.196,647005
[CALIB_PROFILE] | 10.0 | | 10.0 **10.0**2399,30,0.403,54.726,55.129,647035
[CALIB_PROFILE] | 10.0 | | 10.0 **10.0**2400,508,0.404,334.704,335.108,647543
[CALIB_PROFILE] | 10.0 | | 10.0 **10.0**2401,508,0.410,335.696,336.106,648051
[CALIB_PROFILE] | 10.0 | | 10.0 **10.0**2402,508,0.426,337.114,337.540,648559
[CALIB_PROFILE] | 10.0 | | 10.0 **10.0**2403,508,0.406,334.694,335.100,649067
[CALIB_PROFILE] | 10.0 | | 10.0 **10.0**2404,508,0.410,335.952,336.363,649575
[CALIB_PROFILE] | 10.0 | | 10.0 **10.0**2405,508,0.418,337.116,337.534,650083
[CALIB_PROFILE] | 10.0 | | 10.0 **10.0**2406,508,0.411,335.846,336.258,650591
[CALIB_PROFILE] | 10.0 | | 10.0 **10.0**2407,29,0.407,54.442,54.849,650620
[CALIB_PROFILE] | 10.0 | | 10.0 **10.0**2408,12,0.411,46.519,46.930,650632
[CALIB_PROFILE] | 10.0 | | 10.0 **10.0**2409,508,0.405,335.236,335.641,651140
[CALIB_PROFILE] | 10.0 | | 10.0 **10.0**2410,508,0.419,335.808,336.227,651648
[CALIB_PROFILE] | 10.0 | | 10.0 **10.0**2411,508,0.411,337.171,337.582,652156
[CALIB_PROFILE] | 10.0 | | 10.0 **10.0**2412,508,0.412,333.937,334.349,652664
[CALIB_PROFILE] | 10.0 | | 10.0 **10.0**2413,508,0.415,336.601,337.017,653172
[CALIB_PROFILE] | 10.0 | | 10.0 **10.0**2414,508,0.404,336.566,336.970,653680
[CALIB_PROFILE] | 10.0 | | 10.0 **10.0**2415,508,0.409,336.260,336.668,654188
[CALIB_PROFILE] | 10.0 | | 10.0 **10.0**2416,39,0.414,58.986,59.400,654227
[CALIB_PROFILE] | 10.0 | | 10.0 **10.0**2417,56,0.407,66.804,67.211,654283
[CALIB_PROFILE] | 10.0 | | 10.0 **10.0**2418,44,0.405,61.277,61.682,654327
[CALIB_PROFILE] | 10.0 | | 10.0 **10.0**2419,508,0.406,335.405,335.812,654835
[CALIB_PROFILE] | 10.0 | | 10.0 **10.0**2420,508,0.407,334.265,334.672,655343
[CALIB_PROFILE] | 10.0 | | 10.0 **10.0**2421,508,0.414,334.506,334.920,655851
[CALIB_PROFILE] | 10.0 | | 10.0 **10.0**2422,17,0.414,48.832,49.247,655868
[CALIB_PROFILE] | 10.0 | | 10.0 **10.0**2423,508,0.410,336.662,337.072,656376
[CALIB_PROFILE] | 10.0 | | 10.0 **10.0**2424,508,0.404,335.122,335.527,656884
[CALIB_PROFILE] | 10.0 | | 10.0 **10.0**2425,508,0.414,335.816,336.230,657392
[CALIB_PROFILE] | 10.0 | | 10.0 **10.0**2426,35,0.417,57.257,57.674,657427
[CALIB_PROFILE] | 10.0 | | 10.0 **10.0**2427,508,0.406,335.967,336.373,657935
[CALIB_PROFILE] | 10.0 | | 10.0 **10.0**2428,4,0.409,42.766,43.176,657939
[CALIB_PROFILE] | 10.0 | | 10.0 **10.0**2429,91,0.406,83.058,83.465,658030
[CALIB_PROFILE] | 10.0 | | 10.0 **10.0**2430,35,0.415,57.300,57.716,658065
[CALIB_PROFILE] | 10.0 | | 10.0 **10.0**2431,6,0.405,43.874,44.279,658071
[CALIB_PROFILE] | 10.0 | | 10.0 **10.0**2432,75,0.411,75.599,76.010,658146
[CALIB_PROFILE] | 10.0 | | 10.0 **10.0**2433,109,0.410,91.831,92.241,658255
[CALIB_PROFILE] | 10.0 | | 10.0 **10.0**2434,4,0.410,42.925,43.335,658259
[CALIB_PROFILE] | 10.0 | | 10.0 **10.0**2435,116,0.419,95.320,95.740,658375
[CALIB_PROFILE] | 10.0 | | 10.0 **10.0**2436,53,0.405,65.430,65.835,658428
[CALIB_PROFILE] | 10.0 | | 10.0 **10.0**2437,81,0.410,78.474,78.884,658509
[CALIB_PROFILE] | 10.0 | | 10.0 **10.0**2438,23,0.409,51.573,51.983,658532
[CALIB_PROFILE] | 10.0 | | 10.0 **10.0**2439,508,0.409,335.143,335.552,659040
[CALIB_PROFILE] | 10.0 | | 10.0 **10.0**2440,508,0.407,335.526,335.933,659548
[CALIB_PROFILE] | 10.0 | | 10.0 **10.0**2441,508,0.413,337.271,337.684,660056
[CALIB_PROFILE] | 10.0 | | 10.0 **10.0**2442,508,0.410,334.254,334.664,660564
[CALIB_PROFILE] | 10.0 | | 10.0 **10.0**2443,508,0.412,337.362,337.774,661072
[CALIB_PROFILE] | 10.0 | | 10.0 **10.0**2444,508,0.415,337.201,337.617,661580
[CALIB_PROFILE] | 10.0 | | 10.0 **10.0**2445,508,0.411,336.226,336.637,662088
[CALIB_PROFILE] | 10.0 | | 10.0 **10.0**2446,329,0.414,241.004,241.418,662417
[CALIB_PROFILE] | 10.0 | | 10.0 **10.0**2447,508,0.412,335.600,336.013,662925
[CALIB_PROFILE] | 10.0 | | 10.0 **10.0**2448,508,0.450,335.203,335.654,663433
[CALIB_PROFILE] | 10.0 | | 10.0 **10.0**2449,508,0.414,336.515,336.930,663941
[CALIB_PROFILE] | 10.0 | | 10.0 **10.0**2450,508,0.480,335.761,336.241,664449
[CALIB_PROFILE] | 10.0 | | 10.0 **10.0**2451,508,0.415,336.951,337.366,664957
[CALIB_PROFILE] | 10.0 | | 10.0 **10.0**2452,508,0.422,337.358,337.780,665465
[CALIB_PROFILE] | 10.0 | | 10.0 **10.0**2453,44,0.418,61.272,61.690,665509
[CALIB_PROFILE] | 10.0 | | 10.0 **10.0**2454,508,0.415,335.244,335.659,666017
[CALIB_PROFILE] | 10.0 | | 10.0 **10.0**2455,508,0.414,336.770,337.185,666525
[CALIB_PROFILE] | 10.0 | | 10.0 **10.0**2456,17,0.414,48.837,49.251,666542
[CALIB_PROFILE] | 10.0 | | 10.0 **10.0**2457,508,0.410,335.912,336.323,667050
[CALIB_PROFILE] | 10.0 | | 10.0 **10.0**2458,476,0.421,318.074,318.496,667526
[CALIB_PROFILE] | 10.0 | | 10.0 **10.0**2459,21,0.409,50.787,51.196,667547
[CALIB_PROFILE] | 10.0 | | 10.0 **10.0**2460,26,0.404,52.917,53.321,667573
[CALIB_PROFILE] | 10.0 | | 10.0 **10.0**2461,362,0.412,256.675,257.087,667935
[CALIB_PROFILE] | 10.0 | | 10.0 **10.0**2462,508,0.421,334.877,335.298,668443
[CALIB_PROFILE] | 10.0 | | 10.0 **10.0**2463,508,0.411,335.697,336.109,668951
[CALIB_PROFILE] | 10.0 | | 10.0 **10.0**2464,86,0.429,80.749,81.178,669037
[CALIB_PROFILE] | 10.0 | | 10.0 **10.0**2465,25,0.409,52.529,52.938,669062
[CALIB_PROFILE] | 10.0 | | 10.0 **10.0**2466,6,0.403,43.909,44.312,669068
[CALIB_PROFILE] | 10.0 | | 10.0 **10.0**2467,38,0.409,58.459,58.869,669106
[CALIB_PROFILE] | 10.0 | | 10.0 **10.0**2468,24,0.411,51.969,52.380,669130
[CALIB_PROFILE] | 10.0 | | 10.0 **10.0**2469,104,0.405,89.602,90.006,669234
[CALIB_PROFILE] | 10.0 | | 10.0 **10.0**2470,30,0.409,54.734,55.144,669264
[CALIB_PROFILE] | 10.0 | | 10.0 **10.0**2471,3,0.402,9.401,9.803,669267
[CALIB_PROFILE] | 10.0 | | 10.0 **10.0**2472,16,0.406,48.427,48.834,669283
[CALIB_PROFILE] | 10.0 | | 10.0 **10.0**2473,23,0.410,51.559,51.969,669306
[CALIB_PROFILE] | 10.0 | | 10.0 **10.0**2474,20,0.413,50.209,50.622,669326
[CALIB_PROFILE] | 10.0 | | 10.0 **10.0**2475,44,0.406,61.299,61.706,669370
[CALIB_PROFILE] | 10.0 | | 10.0 **10.0**2476,3,0.407,9.378,9.785,669373
[CALIB_PROFILE] | 10.0 | | 10.0 **10.0**2477,74,0.407,75.133,75.540,669447
[CALIB_PROFILE] | 10.0 | | 10.0 **10.0**2478,25,0.412,52.473,52.885,669472
[CALIB_PROFILE] | 10.0 | | 10.0 **10.0**2479,5,0.409,43.466,43.875,669477
[CALIB_PROFILE] | 10.0 | | 10.0 **10.0**2480,82,0.405,78.918,79.323,669559
[CALIB_PROFILE] | 10.0 | | 10.0 **10.0**2481,33,0.412,56.251,56.663,669592
[CALIB_PROFILE] | 10.0 | | 10.0 **10.0**2482,508,0.406,335.560,335.966,670100
[CALIB_PROFILE] | 10.0 | | 10.0 **10.0**2483,508,0.414,335.247,335.661,670608
[CALIB_PROFILE] | 10.0 | | 10.0 **10.0**2484,508,0.409,337.025,337.434,671116
[CALIB_PROFILE] | 10.0 | | 10.0 **10.0**2485,508,0.443,334.229,334.672,671624
[CALIB_PROFILE] | 10.0 | | 10.0 **10.0**2486,508,0.416,335.907,336.323,672132
[CALIB_PROFILE] | 10.0 | | 10.0 **10.0**2487,508,0.417,336.371,336.789,672640
[CALIB_PROFILE] | 10.0 | | 10.0 **10.0**2488,508,0.412,336.196,336.608,673148
[CALIB_PROFILE] | 10.0 | | 10.0 **10.0**2489,58,0.410,67.813,68.223,673206
[CALIB_PROFILE] | 10.0 | | 10.0 **10.0**2490,30,0.407,54.757,55.165,673236
[CALIB_PROFILE] | 10.0 | | 10.0 **10.0**2491,456,0.407,305.947,306.354,673692
[CALIB_PROFILE] | 10.0 | | 10.0 **10.0**2492,508,0.420,336.456,336.877,674200
[CALIB_PROFILE] | 10.0 | | 10.0 **10.0**2493,508,0.420,334.245,334.666,674708
[CALIB_PROFILE] | 10.0 | | 10.0 **10.0**2494,508,0.416,334.718,335.134,675216
[CALIB_PROFILE] | 10.0 | | 10.0 **10.0**2495,508,0.410,335.925,336.335,675724
[CALIB_PROFILE] | 10.0 | | 10.0 **10.0**2496,461,0.417,310.003,310.420,676185
[CALIB_PROFILE] | 10.0 | | 10.0 **10.0**2497,90,0.410,82.487,82.897,676275
[CALIB_PROFILE] | 10.0 | | 10.0 **10.0**2498,30,0.406,54.808,55.214,676305
[CALIB_PROFILE] | 10.0 | | 10.0 **10.0**2499,51,0.409,64.551,64.961,676356
[CALIB_PROFILE] | 10.0 | | 10.0 **10.0**2500,58,0.411,67.850,68.261,676414
[CALIB_PROFILE] | 10.0 | | 10.0 **10.0**2501,5,0.423,43.475,43.898,676419
[CALIB_PROFILE] | 10.0 | | 10.0 **10.0**2502,83,0.415,79.316,79.731,676502
[CALIB_PROFILE] | 10.0 | | 10.0 **10.0**2503,40,0.406,59.375,59.782,676542
[CALIB_PROFILE] | 10.0 | | 10.0 **10.0**2504,5,0.406,43.423,43.829,676547
[CALIB_PROFILE] | 10.0 | | 10.0 **10.0**2505,71,0.408,73.619,74.027,676618
[CALIB_PROFILE] | 10.0 | | 10.0 **10.0**2506,15,0.403,47.982,48.385,676633
[CALIB_PROFILE] | 10.0 | | 10.0 **10.0**2507,67,0.599,72.012,72.611,676700
[CALIB_PROFILE] | 10.0 | | 10.0 **10.0**2508,31,0.407,55.261,55.668,676731
[CALIB_PROFILE] | 10.0 | | 10.0 **10.0**2509,508,0.412,334.807,335.219,677239
[CALIB_PROFILE] | 10.0 | | 10.0 **10.0**2510,508,0.415,335.287,335.702,677747
[CALIB_PROFILE] | 10.0 | | 10.0 **10.0**2511,508,0.418,336.651,337.069,678255
[CALIB_PROFILE] | 10.0 | | 10.0 **10.0**2512,508,0.414,334.210,334.624,678763
[CALIB_PROFILE] | 10.0 | | 10.0 **10.0**2513,508,0.415,335.770,336.185,679271
[CALIB_PROFILE] | 10.0 | | 10.0 **10.0**2514,508,0.414,336.838,337.252,679779
[CALIB_PROFILE] | 10.0 | | 10.0 **10.0**2515,508,0.413,335.314,335.727,680287
[CALIB_PROFILE] | 10.0 | | 10.0 **10.0**2516,508,0.419,336.823,337.242,680795
[CALIB_PROFILE] | 10.0 | | 10.0 **10.0**2517,508,0.415,335.104,335.519,681303
[CALIB_PROFILE] | 10.0 | | 10.0 **10.0**2518,126,0.416,100.816,101.233,681429
[CALIB_PROFILE] | 10.0 | | 10.0 **10.0**2519,8,0.414,44.778,45.192,681437
[CALIB_PROFILE] | 10.0 | | 10.0 **10.0**2520,66,0.409,71.289,71.699,681503
[CALIB_PROFILE] | 10.0 | | 10.0 **10.0**2521,66,0.412,71.435,71.847,681569
[CALIB_PROFILE] | 10.0 | | 10.0 **10.0**2522,44,0.410,61.257,61.667,681613
[CALIB_PROFILE] | 10.0 | | 10.0 **10.0**2523,48,0.409,63.194,63.603,681661
[CALIB_PROFILE] | 10.0 | | 10.0 **10.0**2524,13,0.418,47.113,47.531,681674
[CALIB_PROFILE] | 10.0 | | 10.0 **10.0**2525,508,0.405,334.900,335.305,682182
[CALIB_PROFILE] | 10.0 | | 10.0 **10.0**2526,508,0.415,336.521,336.937,682690
[CALIB_PROFILE] | 10.0 | | 10.0 **10.0**2527,508,0.420,336.932,337.352,683198
[CALIB_PROFILE] | 10.0 | | 10.0 **10.0**2528,508,0.413,334.269,334.682,683706
[CALIB_PROFILE] | 10.0 | | 10.0 **10.0**2529,508,0.415,335.810,336.225,684214
[CALIB_PROFILE] | 10.0 | | 10.0 **10.0**2530,508,0.409,336.423,336.832,684722
[CALIB_PROFILE] | 10.0 | | 10.0 **10.0**2531,508,0.419,335.334,335.754,685230
[CALIB_PROFILE] | 10.0 | | 10.0 **10.0**2532,39,0.413,59.095,59.508,685269
[CALIB_PROFILE] | 10.0 | | 10.0 **10.0**2533,508,0.410,336.236,336.646,685777
[CALIB_PROFILE] | 10.0 | | 10.0 **10.0**2534,508,0.443,335.170,335.612,686285
[CALIB_PROFILE] | 10.0 | | 10.0 **10.0**2535,55,0.415,66.338,66.754,686340
[CALIB_PROFILE] | 10.0 | | 10.0 **10.0**2536,508,0.408,335.039,335.447,686848
[CALIB_PROFILE] | 10.0 | | 10.0 **10.0**2537,508,0.418,337.124,337.542,687356
[CALIB_PROFILE] | 10.0 | | 10.0 **10.0**2538,80,0.422,78.149,78.571,687436
[CALIB_PROFILE] | 10.0 | | 10.0 **10.0**2539,508,0.411,336.291,336.702,687944
[CALIB_PROFILE] | 10.0 | | 10.0 **10.0**2540,508,0.418,337.292,337.710,688452
[CALIB_PROFILE] | 10.0 | | 10.0 **10.0**2541,508,0.408,336.885,337.293,688960
[CALIB_PROFILE] | 10.0 | | 10.0 **10.0**2542,508,0.422,335.300,335.722,689468
[CALIB_PROFILE] | 10.0 | | 10.0 **10.0**2543,508,0.414,337.913,338.327,689976
[CALIB_PROFILE] | 10.0 | | 10.0 **10.0**2544,508,0.414,336.605,337.020,690484
[CALIB_PROFILE] | 10.0 | | 10.0 **10.0**2545,508,0.440,336.402,336.842,690992
[CALIB_PROFILE] | 10.0 | | 10.0 **10.0**2546,75,0.421,75.772,76.194,691067
[CALIB_PROFILE] | 10.0 | | 10.0 **10.0**2547,63,0.415,70.157,70.572,691130
[CALIB_PROFILE] | 10.0 | | 10.0 **10.0**2548,508,0.408,336.031,336.440,691638
[CALIB_PROFILE] | 10.0 | | 10.0 **10.0**2549,74,0.417,75.204,75.622,691712
[CALIB_PROFILE] | 10.0 | | 10.0 **10.0**2550,51,0.421,64.550,64.971,691763
[CALIB_PROFILE] | 10.0 | | 10.0 **10.0**2551,508,0.415,335.704,336.119,692271
[CALIB_PROFILE] | 10.0 | | 10.0 **10.0**2552,508,0.419,335.841,336.261,692779
[CALIB_PROFILE] | 10.0 | | 10.0 **10.0**2553,508,0.412,337.019,337.432,693287
[CALIB_PROFILE] | 10.0 | | 10.0 **10.0**2554,508,0.409,334.481,334.890,693795
[CALIB_PROFILE] | 10.0 | | 10.0 **10.0**2555,508,0.413,335.851,336.264,694303
[CALIB_PROFILE] | 10.0 | | 10.0 **10.0**2556,508,0.416,336.769,337.185,694811
[CALIB_PROFILE] | 10.0 | | 10.0 **10.0**2557,508,0.422,335.366,335.788,695319
[CALIB_PROFILE] | 10.0 | | 10.0 **10.0**2558,508,0.416,337.156,337.572,695827
[CALIB_PROFILE] | 10.0 | | 10.0 **10.0**2559,508,0.410,337.675,338.085,696335
[CALIB_PROFILE] | 10.0 | | 10.0 **10.0**2560,508,0.412,337.431,337.843,696843
[CALIB_PROFILE] | 10.0 | | 10.0 **10.0**2561,508,0.413,336.386,336.799,697351
[CALIB_PROFILE] | 10.0 | | 10.0 **10.0**2562,508,0.414,338.121,338.535,697859
[CALIB_PROFILE] | 10.0 | | 10.0 **10.0**2563,508,0.422,336.165,336.587,698367
[CALIB_PROFILE] | 10.0 | | 10.0 **10.0**2564,508,0.412,336.138,336.550,698875
[CALIB_PROFILE] | 10.0 | | 10.0 **10.0**2565,508,0.419,337.544,337.963,699383
[CALIB_PROFILE] | 10.0 | | 10.0 **10.0**2566,35,0.421,57.303,57.724,699418
[CALIB_PROFILE] | 10.0 | | 10.0 **10.0**2567,56,0.422,66.819,67.241,699474
[CALIB_PROFILE] | 10.0 | | 10.0 **10.0**2568,60,0.421,68.672,69.093,699534
[CALIB_PROFILE] | 10.0 | | 10.0 **10.0**2569,70,0.415,73.350,73.765,699604
[CALIB_PROFILE] | 10.0 | | 10.0 **10.0**2570,16,0.424,48.486,48.910,699620
[CALIB_PROFILE] | 10.0 | | 10.0 **10.0**2571,508,0.424,335.043,335.467,700128
[CALIB_PROFILE] | 10.0 | | 10.0 **10.0**2572,508,0.411,335.024,335.436,700636
[CALIB_PROFILE] | 10.0 | | 10.0 **10.0**2573,508,0.419,337.160,337.579,701144
[CALIB_PROFILE] | 10.0 | | 10.0 **10.0**2574,508,0.409,334.432,334.841,701652
[CALIB_PROFILE] | 10.0 | | 10.0 **10.0**2575,508,0.414,336.885,337.299,702160
[CALIB_PROFILE] | 10.0 | | 10.0 **10.0**2576,508,0.409,336.804,337.214,702668
[CALIB_PROFILE] | 10.0 | | 10.0 **10.0**2577,508,0.419,336.044,336.463,703176
[CALIB_PROFILE] | 10.0 | | 10.0 **10.0**2578,27,0.415,53.435,53.851,703203
[CALIB_PROFILE] | 10.0 | | 10.0 **10.0**2579,53,0.411,65.436,65.847,703256
[CALIB_PROFILE] | 10.0 | | 10.0 **10.0**2580,21,0.419,50.675,51.094,703277
[CALIB_PROFILE] | 10.0 | | 10.0 **10.0**2581,508,0.403,334.918,335.321,703785
[CALIB_PROFILE] | 10.0 | | 10.0 **10.0**2582,54,0.412,65.960,66.372,703839
[CALIB_PROFILE] | 10.0 | | 10.0 **10.0**2583,508,0.448,337.321,337.769,704347
[CALIB_PROFILE] | 10.0 | | 10.0 **10.0**2584,508,0.410,336.609,337.019,704855
[CALIB_PROFILE] | 10.0 | | 10.0 **10.0**2585,490,0.407,325.097,325.505,705345
[CALIB_PROFILE] | 10.0 | | 10.0 **10.0**2586,508,0.411,337.280,337.691,705853
[CALIB_PROFILE] | 10.0 | | 10.0 **10.0**2587,29,0.411,54.311,54.722,705882
[CALIB_PROFILE] | 10.0 | | 10.0 **10.0**2588,1,0.407,4.457,4.864,705883
[CALIB_PROFILE] | 10.0 | | 10.0 **10.0**2589,10,0.417,45.715,46.132,705893
[CALIB_PROFILE] | 10.0 | | 10.0 **10.0**2590,12,0.418,46.596,47.014,705905
[CALIB_PROFILE] | 10.0 | | 10.0 **10.0**2591,5,0.412,43.438,43.851,705910
[CALIB_PROFILE] | 10.0 | | 10.0 **10.0**2592,173,0.407,124.263,124.670,706083
[CALIB_PROFILE] | 10.0 | | 10.0 **10.0**2593,42,0.409,60.415,60.824,706125
[CALIB_PROFILE] | 10.0 | | 10.0 **10.0**2594,36,0.408,57.639,58.048,706161
[CALIB_PROFILE] | 10.0 | | 10.0 **10.0**2595,1,0.420,4.449,4.870,706162
[CALIB_PROFILE] | 10.0 | | 10.0 **10.0**2596,9,0.415,45.232,45.647,706171
[CALIB_PROFILE] | 10.0 | | 10.0 **10.0**2597,4,0.415,42.922,43.337,706175
[CALIB_PROFILE] | 10.0 | | 10.0 **10.0**2598,177,0.408,126.523,126.931,706352
[CALIB_PROFILE] | 10.0 | | 10.0 **10.0**2599,3,0.412,9.462,9.874,706355
[CALIB_PROFILE] | 10.0 | | 10.0 **10.0**2600,193,0.419,134.468,134.888,706548
[CALIB_PROFILE] | 10.0 | | 10.0 **10.0**2601,21,0.413,50.783,51.196,706569
[CALIB_PROFILE] | 10.0 | | 10.0 **10.0**2602,13,0.404,47.054,47.457,706582
[CALIB_PROFILE] | 10.0 | | 10.0 **10.0**2603,15,0.407,47.912,48.319,706597
[CALIB_PROFILE] | 10.0 | | 10.0 **10.0**2604,23,0.410,51.531,51.941,706620
[CALIB_PROFILE] | 10.0 | | 10.0 **10.0**2605,508,0.410,334.468,334.879,707128
[CALIB_PROFILE] | 10.0 | | 10.0 **10.0**2606,508,0.420,336.078,336.498,707636
[CALIB_PROFILE] | 10.0 | | 10.0 **10.0**2607,508,0.412,336.851,337.263,708144
[CALIB_PROFILE] | 10.0 | | 10.0 **10.0**2608,508,0.411,333.858,334.269,708652
[CALIB_PROFILE] | 10.0 | | 10.0 **10.0**2609,508,0.415,335.866,336.281,709160
[CALIB_PROFILE] | 10.0 | | 10.0 **10.0**2610,508,0.411,337.335,337.746,709668
[CALIB_PROFILE] | 10.0 | | 10.0 **10.0**2611,508,0.412,335.843,336.255,710176
[CALIB_PROFILE] | 10.0 | | 10.0 **10.0**2612,508,0.412,337.954,338.366,710684
[CALIB_PROFILE] | 10.0 | | 10.0 **10.0**2613,508,0.410,336.632,337.042,711192
[CALIB_PROFILE] | 10.0 | | 10.0 **10.0**2614,508,0.407,337.867,338.275,711700
[CALIB_PROFILE] | 10.0 | | 10.0 **10.0**2615,508,0.416,336.471,336.888,712208
[CALIB_PROFILE] | 10.0 | | 10.0 **10.0**2616,508,0.416,336.120,336.536,712716
[CALIB_PROFILE] | 10.0 | | 10.0 **10.0**2617,508,0.408,337.163,337.571,713224
[CALIB_PROFILE] | 10.0 | | 10.0 **10.0**2618,508,0.422,336.498,336.921,713732
[CALIB_PROFILE] | 10.0 | | 10.0 **10.0**2619,508,0.417,337.450,337.866,714240
[CALIB_PROFILE] | 10.0 | | 10.0 **10.0**2620,508,0.413,336.017,336.430,714748
[CALIB_PROFILE] | 10.0 | | 10.0 **10.0**2621,508,0.414,334.595,335.009,715256
[CALIB_PROFILE] | 10.0 | | 10.0 **10.0**2622,221,0.410,151.187,151.598,715477
[CALIB_PROFILE] | 10.0 | | 10.0 **10.0**2623,90,0.412,82.781,83.193,715567
[CALIB_PROFILE] | 10.0 | | 10.0 **10.0**2624,49,0.425,63.683,64.108,715616
[CALIB_PROFILE] | 10.0 | | 10.0 **10.0**2625,56,0.405,66.921,67.327,715672
[CALIB_PROFILE] | 10.0 | | 10.0 **10.0**2626,32,0.408,55.699,56.107,715704
[CALIB_PROFILE] | 10.0 | | 10.0 **10.0**2627,8,0.413,44.772,45.186,715712
[CALIB_PROFILE] | 10.0 | | 10.0 **10.0**2628,215,0.414,147.301,147.716,715927
[CALIB_PROFILE] | 10.0 | | 10.0 **10.0**2629,49,0.411,63.671,64.083,715976
[CALIB_PROFILE] | 10.0 | | 10.0 **10.0**2630,17,0.415,48.861,49.276,715993
[CALIB_PROFILE] | 10.0 | | 10.0 **10.0**2631,1,0.407,4.436,4.843,715994
[CALIB_PROFILE] | 10.0 | | 10.0 **10.0**2632,50,0.425,64.064,64.489,716044
[CALIB_PROFILE] | 10.0 | | 10.0 **10.0**2633,508,0.406,334.726,335.132,716552
[CALIB_PROFILE] | 10.0 | | 10.0 **10.0**2634,508,0.414,335.860,336.274,717060
[CALIB_PROFILE] | 10.0 | | 10.0 **10.0**2635,508,0.425,337.227,337.652,717568
[CALIB_PROFILE] | 10.0 | | 10.0 **10.0**2636,508,0.416,334.220,334.636,718076
[CALIB_PROFILE] | 10.0 | | 10.0 **10.0**2637,508,0.406,335.804,336.211,718584
[CALIB_PROFILE] | 10.0 | | 10.0 **10.0**2638,508,0.405,336.830,337.235,719092
[CALIB_PROFILE] | 10.0 | | 10.0 **10.0**2639,508,0.420,335.923,336.343,719600
[CALIB_PROFILE] | 10.0 | | 10.0 **10.0**2640,40,0.409,59.640,60.050,719640
[CALIB_PROFILE] | 10.0 | | 10.0 **10.0**2641,116,0.411,95.538,95.949,719756
[CALIB_PROFILE] | 10.0 | | 10.0 **10.0**2642,508,0.408,335.792,336.201,720264
[CALIB_PROFILE] | 10.0 | | 10.0 **10.0**2643,508,0.413,335.068,335.482,720772
[CALIB_PROFILE] | 10.0 | | 10.0 **10.0**2644,508,0.416,334.525,334.941,721280
[CALIB_PROFILE] | 10.0 | | 10.0 **10.0**2645,508,0.419,334.533,334.952,721788
[CALIB_PROFILE] | 10.0 | | 10.0 **10.0**2646,60,0.446,68.748,69.194,721848
[CALIB_PROFILE] | 10.0 | | 10.0 **10.0**2647,60,0.419,68.743,69.162,721908
[CALIB_PROFILE] | 10.0 | | 10.0 **10.0**2648,3,0.406,9.403,9.809,721911
[CALIB_PROFILE] | 10.0 | | 10.0 **10.0**2649,164,0.417,119.921,120.339,722075
[CALIB_PROFILE] | 10.0 | | 10.0 **10.0**2650,4,0.406,43.017,43.423,722079
[CALIB_PROFILE] | 10.0 | | 10.0 **10.0**2651,30,0.427,54.748,55.175,722109
[CALIB_PROFILE] | 10.0 | | 10.0 **10.0**2652,34,0.412,56.805,57.217,722143
[CALIB_PROFILE] | 10.0 | | 10.0 **10.0**2653,39,0.407,59.093,59.500,722182
[CALIB_PROFILE] | 10.0 | | 10.0 **10.0**2654,36,0.414,57.624,58.038,722218
[CALIB_PROFILE] | 10.0 | | 10.0 **10.0**2655,29,0.411,54.311,54.722,722247
[CALIB_PROFILE] | 10.0 | | 10.0 **10.0**2656,508,0.405,334.431,334.836,722755
[CALIB_PROFILE] | 10.0 | | 10.0 **10.0**2657,508,0.425,335.985,336.410,723263
[CALIB_PROFILE] | 10.0 | | 10.0 **10.0**2658,508,0.431,336.760,337.191,723771
[CALIB_PROFILE] | 10.0 | | 10.0 **10.0**2659,508,0.412,334.290,334.702,724279
[CALIB_PROFILE] | 10.0 | | 10.0 **10.0**2660,508,0.422,336.499,336.922,724787
[CALIB_PROFILE] | 10.0 | | 10.0 **10.0**2661,508,0.417,337.287,337.704,725295
[CALIB_PROFILE] | 10.0 | | 10.0 **10.0**2662,508,0.412,336.321,336.733,725803
[CALIB_PROFILE] | 10.0 | | 10.0 **10.0**2663,29,0.414,54.356,54.770,725832
[CALIB_PROFILE] | 10.0 | | 10.0 **10.0**2664,508,0.411,336.601,337.013,726340
[CALIB_PROFILE] | 10.0 | | 10.0 **10.0**2665,508,0.410,336.147,336.557,726848
[CALIB_PROFILE] | 10.0 | | 10.0 **10.0**2666,508,0.415,337.335,337.751,727356
[CALIB_PROFILE] | 10.0 | | 10.0 **10.0**2667,508,0.410,336.264,336.675,727864
[CALIB_PROFILE] | 10.0 | | 10.0 **10.0**2668,508,0.408,336.706,337.114,728372
[CALIB_PROFILE] | 10.0 | | 10.0 **10.0**2669,508,0.417,337.036,337.453,728880
[CALIB_PROFILE] | 10.0 | | 10.0 **10.0**2670,508,0.453,336.514,336.967,729388
[CALIB_PROFILE] | 10.0 | | 10.0 **10.0**2671,508,0.410,336.146,336.556,729896
[CALIB_PROFILE] | 10.0 | | 10.0 **10.0**2672,508,0.407,334.553,334.960,730404
[CALIB_PROFILE] | 10.0 | | 10.0 **10.0**2673,508,0.413,336.039,336.453,730912
[CALIB_PROFILE] | 10.0 | | 10.0 **10.0**2674,259,0.454,176.289,176.744,731171
[CALIB_PROFILE] | 10.0 | | 10.0 **10.0**2675,26,0.410,52.989,53.398,731197
[CALIB_PROFILE] | 10.0 | | 10.0 **10.0**2676,508,0.420,336.943,337.363,731705
[CALIB_PROFILE] | 10.0 | | 10.0 **10.0**2677,329,0.406,241.164,241.570,732034
[CALIB_PROFILE] | 10.0 | | 10.0 **10.0**2678,508,0.413,336.476,336.890,732542
[CALIB_PROFILE] | 10.0 | | 10.0 **10.0**2679,87,0.417,81.462,81.879,732629
[CALIB_PROFILE] | 10.0 | | 10.0 **10.0**2680,508,0.415,335.867,336.283,733137
[CALIB_PROFILE] | 10.0 | | 10.0 **10.0**2681,492,0.420,326.595,327.015,733629
[CALIB_PROFILE] | 10.0 | | 10.0 **10.0**2682,508,0.415,335.480,335.896,734137
[CALIB_PROFILE] | 10.0 | | 10.0 **10.0**2683,508,0.449,335.482,335.931,734645
[CALIB_PROFILE] | 10.0 | | 10.0 **10.0**2684,508,0.421,336.433,336.855,735153
[CALIB_PROFILE] | 10.0 | | 10.0 **10.0**2685,508,0.458,337.298,337.756,735661
[CALIB_PROFILE] | 10.0 | | 10.0 **10.0**2686,103,0.409,89.099,89.508,735764
[CALIB_PROFILE] | 10.0 | | 10.0 **10.0**2687,508,0.408,335.545,335.954,736272
[CALIB_PROFILE] | 10.0 | | 10.0 **10.0**2688,508,0.413,336.485,336.898,736780
[CALIB_PROFILE] | 10.0 | | 10.0 **10.0**2689,508,0.417,336.206,336.623,737288
[CALIB_PROFILE] | 10.0 | | 10.0 **10.0**2690,508,0.413,335.426,335.840,737796
[CALIB_PROFILE] | 10.0 | | 10.0 **10.0**2691,58,0.413,67.863,68.276,737854
[CALIB_PROFILE] | 10.0 | | 10.0 **10.0**2692,203,0.412,141.005,141.418,738057
[CALIB_PROFILE] | 10.0 | | 10.0 **10.0**2693,4,0.410,42.907,43.318,738061
[CALIB_PROFILE] | 10.0 | | 10.0 **10.0**2694,169,0.408,122.729,123.137,738230
[CALIB_PROFILE] | 10.0 | | 10.0 **10.0**2695,3,0.410,9.432,9.842,738233
[CALIB_PROFILE] | 10.0 | | 10.0 **10.0**2696,45,0.405,61.868,62.273,738278
[CALIB_PROFILE] | 10.0 | | 10.0 **10.0**2697,47,0.408,62.709,63.117,738325
[CALIB_PROFILE] | 10.0 | | 10.0 **10.0**2698,38,0.409,58.499,58.908,738363
[CALIB_PROFILE] | 10.0 | | 10.0 **10.0**2699,35,0.413,57.162,57.576,738398
[CALIB_PROFILE] | 10.0 | | 10.0 **10.0**2700,3,0.406,9.424,9.830,738401
[CALIB_PROFILE] | 10.0 | | 10.0 **10.0**2701,17,0.409,48.893,49.302,738418
[CALIB_PROFILE] | 10.0 | | 10.0 **10.0**2702,48,0.410,63.100,63.510,738466
[CALIB_PROFILE] | 10.0 | | 10.0 **10.0**2703,39,0.407,58.945,59.352,738505
[CALIB_PROFILE] | 10.0 | | 10.0 **10.0**2704,43,0.407,60.850,61.258,738548
[CALIB_PROFILE] | 10.0 | | 10.0 **10.0**2705,16,0.410,48.412,48.822,738564
[CALIB_PROFILE] | 10.0 | | 10.0 **10.0**2706,508,0.408,334.696,335.103,739072
[CALIB_PROFILE] | 10.0 | | 10.0 **10.0**2707,508,0.415,335.588,336.004,739580
[CALIB_PROFILE] | 10.0 | | 10.0 **10.0**2708,508,0.415,337.082,337.497,740088
[CALIB_PROFILE] | 10.0 | | 10.0 **10.0**2709,508,0.414,334.564,334.978,740596
[CALIB_PROFILE] | 10.0 | | 10.0 **10.0**2710,508,0.413,336.151,336.564,741104
[CALIB_PROFILE] | 10.0 | | 10.0 **10.0**2711,508,0.410,337.042,337.453,741612
[CALIB_PROFILE] | 10.0 | | 10.0 **10.0**2712,508,0.406,336.307,336.713,742120
[CALIB_PROFILE] | 10.0 | | 10.0 **10.0**2713,212,0.414,145.995,146.409,742332
[CALIB_PROFILE] | 10.0 | | 10.0 **10.0**2714,508,0.410,335.237,335.647,742840
[CALIB_PROFILE] | 10.0 | | 10.0 **10.0**2715,60,0.411,68.756,69.168,742900
[CALIB_PROFILE] | 10.0 | | 10.0 **10.0**2716,508,0.407,336.019,336.426,743408
[CALIB_PROFILE] | 10.0 | | 10.0 **10.0**2717,508,0.416,335.583,336.000,743916
[CALIB_PROFILE] | 10.0 | | 10.0 **10.0**2718,508,0.419,334.704,335.123,744424
[CALIB_PROFILE] | 10.0 | | 10.0 **10.0**2719,508,0.445,336.548,336.993,744932
[CALIB_PROFILE] | 10.0 | | 10.0 **10.0**2720,508,0.419,336.904,337.323,745440
[CALIB_PROFILE] | 10.0 | | 10.0 **10.0**2721,508,0.410,337.348,337.758,745948
[CALIB_PROFILE] | 10.0 | | 10.0 **10.0**2722,508,0.449,337.648,338.097,746456
[CALIB_PROFILE] | 10.0 | | 10.0 **10.0**2723,83,0.406,79.431,79.838,746539
[CALIB_PROFILE] | 10.0 | | 10.0 **10.0**2724,65,0.410,71.085,71.495,746604
[CALIB_PROFILE] | 10.0 | | 10.0 **10.0**2725,12,0.411,46.652,47.063,746616
[CALIB_PROFILE] | 10.0 | | 10.0 **10.0**2726,508,0.411,335.684,336.095,747124
[CALIB_PROFILE] | 10.0 | | 10.0 **10.0**2727,508,0.412,336.890,337.303,747632
[CALIB_PROFILE] | 10.0 | | 10.0 **10.0**2728,9,0.407,45.175,45.583,747641
[CALIB_PROFILE] | 10.0 | | 10.0 **10.0**2729,88,0.424,81.775,82.200,747729
[CALIB_PROFILE] | 10.0 | | 10.0 **10.0**2730,28,0.406,53.900,54.307,747757
[CALIB_PROFILE] | 10.0 | | 10.0 **10.0**2731,508,0.405,334.213,334.619,748265
[CALIB_PROFILE] | 10.0 | | 10.0 **10.0**2732,192,0.412,134.293,134.705,748457
[CALIB_PROFILE] | 10.0 | | 10.0 **10.0**2733,123,0.413,99.318,99.731,748580
[CALIB_PROFILE] | 10.0 | | 10.0 **10.0**2734,30,0.406,54.862,55.269,748610
[CALIB_PROFILE] | 10.0 | | 10.0 **10.0**2735,508,0.410,335.174,335.584,749118
[CALIB_PROFILE] | 10.0 | | 10.0 **10.0**2736,508,0.405,336.235,336.640,749626
[CALIB_PROFILE] | 10.0 | | 10.0 **10.0**2737,508,0.405,335.617,336.022,750134
[CALIB_PROFILE] | 10.0 | | 10.0 **10.0**2738,508,0.411,335.926,336.338,750642
[CALIB_PROFILE] | 10.0 | | 10.0 **10.0**2739,508,0.416,335.881,336.297,751150
[CALIB_PROFILE] | 10.0 | | 10.0 **10.0**2740,508,0.412,336.083,336.496,751658
[CALIB_PROFILE] | 10.0 | | 10.0 **10.0**2741,508,0.414,336.594,337.008,752166
[CALIB_PROFILE] | 10.0 | | 10.0 **10.0**2742,66,0.409,71.461,71.870,752232
[CALIB_PROFILE] | 10.0 | | 10.0 **10.0**2743,98,0.410,86.926,87.336,752330
[CALIB_PROFILE] | 10.0 | | 10.0 **10.0**2744,16,0.407,48.489,48.896,752346
[CALIB_PROFILE] | 10.0 | | 10.0 **10.0**2745,114,0.409,94.481,94.890,752460
[CALIB_PROFILE] | 10.0 | | 10.0 **10.0**2746,14,0.404,47.564,47.969,752474
[CALIB_PROFILE] | 10.0 | | 10.0 **10.0**2747,43,0.429,60.839,61.268,752517
[CALIB_PROFILE] | 10.0 | | 10.0 **10.0**2748,70,0.410,73.399,73.809,752587
[CALIB_PROFILE] | 10.0 | | 10.0 **10.0**2749,34,0.448,56.818,57.266,752621
[CALIB_PROFILE] | 10.0 | | 10.0 **10.0**2750,508,0.420,334.900,335.321,753129
[CALIB_PROFILE] | 10.0 | | 10.0 **10.0**2751,508,0.412,336.615,337.027,753637
[CALIB_PROFILE] | 10.0 | | 10.0 **10.0**2752,508,0.413,337.529,337.942,754145
[CALIB_PROFILE] | 10.0 | | 10.0 **10.0**2753,508,0.412,334.424,334.836,754653
[CALIB_PROFILE] | 10.0 | | 10.0 **10.0**2754,508,0.420,336.253,336.673,755161
[CALIB_PROFILE] | 10.0 | | 10.0 **10.0**2755,508,0.417,336.395,336.812,755669
[CALIB_PROFILE] | 10.0 | | 10.0 **10.0**2756,508,0.411,336.099,336.510,756177
[CALIB_PROFILE] | 10.0 | | 10.0 **10.0**2757,43,0.406,60.864,61.270,756220
[CALIB_PROFILE] | 10.0 | | 10.0 **10.0**2758,51,0.410,64.600,65.011,756271
[CALIB_PROFILE] | 10.0 | | 10.0 **10.0**2759,508,0.412,335.294,335.707,756779
[CALIB_PROFILE] | 10.0 | | 10.0 **10.0**2760,508,0.416,334.979,335.395,757287
[CALIB_PROFILE] | 10.0 | | 10.0 **10.0**2761,508,0.416,336.680,337.097,757795
[CALIB_PROFILE] | 10.0 | | 10.0 **10.0**2762,13,0.412,47.090,47.502,757808
[CALIB_PROFILE] | 10.0 | | 10.0 **10.0**2763,95,0.409,85.285,85.694,757903
[CALIB_PROFILE] | 10.0 | | 10.0 **10.0**2764,15,0.409,47.992,48.401,757918
[CALIB_PROFILE] | 10.0 | | 10.0 **10.0**2765,39,0.421,59.020,59.441,757957
[CALIB_PROFILE] | 10.0 | | 10.0 **10.0**2766,122,0.410,98.252,98.662,758079
[CALIB_PROFILE] | 10.0 | | 10.0 **10.0**2767,4,0.407,42.954,43.362,758083
[CALIB_PROFILE] | 10.0 | | 10.0 **10.0**2768,33,0.413,56.278,56.691,758116
[CALIB_PROFILE] | 10.0 | | 10.0 **10.0**2769,22,0.408,51.104,51.513,758138
[CALIB_PROFILE] | 10.0 | | 10.0 **10.0**2770,37,0.412,58.075,58.487,758175
[CALIB_PROFILE] | 10.0 | | 10.0 **10.0**2771,61,0.427,69.152,69.580,758236
[CALIB_PROFILE] | 10.0 | | 10.0 **10.0**2772,508,0.406,333.721,334.128,758744
[CALIB_PROFILE] | 10.0 | | 10.0 **10.0**2773,508,0.416,334.985,335.401,759252
[CALIB_PROFILE] | 10.0 | | 10.0 **10.0**2774,508,0.416,337.388,337.803,759760
[CALIB_PROFILE] | 10.0 | | 10.0 **10.0**2775,508,0.432,334.436,334.868,760268
[CALIB_PROFILE] | 10.0 | | 10.0 **10.0**2776,508,0.434,336.670,337.105,760776
[CALIB_PROFILE] | 10.0 | | 10.0 **10.0**2777,508,0.441,336.426,336.868,761284
[CALIB_PROFILE] | 10.0 | | 10.0 **10.0**2778,508,0.414,336.320,336.734,761792
[CALIB_PROFILE] | 10.0 | | 10.0 **10.0**2779,157,0.416,116.627,117.044,761949
[CALIB_PROFILE] | 10.0 | | 10.0 **10.0**2780,508,0.410,334.425,334.836,762457
[CALIB_PROFILE] | 10.0 | | 10.0 **10.0**2781,17,0.406,48.827,49.234,762474
[CALIB_PROFILE] | 10.0 | | 10.0 **10.0**2782,508,0.407,335.329,335.736,762982
[CALIB_PROFILE] | 10.0 | | 10.0 **10.0**2783,49,0.414,63.801,64.215,763031
[CALIB_PROFILE] | 10.0 | | 10.0 **10.0**2784,31,0.411,55.240,55.651,763062
[CALIB_PROFILE] | 10.0 | | 10.0 **10.0**2785,508,0.409,335.939,336.348,763570
[CALIB_PROFILE] | 10.0 | | 10.0 **10.0**2786,108,0.409,91.420,91.830,763678
[CALIB_PROFILE] | 10.0 | | 10.0 **10.0**2787,508,0.413,337.027,337.440,764186
[CALIB_PROFILE] | 10.0 | | 10.0 **10.0**2788,508,0.418,336.963,337.381,764694
[CALIB_PROFILE] | 10.0 | | 10.0 **10.0**2789,276,0.412,216.484,216.896,764970
[CALIB_PROFILE] | 10.0 | | 10.0 **10.0**2790,508,0.409,336.242,336.652,765478
[CALIB_PROFILE] | 10.0 | | 10.0 **10.0**2791,40,0.418,59.582,60.000,765518
[CALIB_PROFILE] | 10.0 | | 10.0 **10.0**2792,508,0.415,334.830,335.245,766026
[CALIB_PROFILE] | 10.0 | | 10.0 **10.0**2793,49,0.417,63.853,64.270,766075
[CALIB_PROFILE] | 10.0 | | 10.0 **10.0**2794,508,0.417,335.691,336.109,766583
[CALIB_PROFILE] | 10.0 | | 10.0 **10.0**2795,81,0.412,78.658,79.070,766664
[CALIB_PROFILE] | 10.0 | | 10.0 **10.0**2796,25,0.412,52.531,52.943,766689
[CALIB_PROFILE] | 10.0 | | 10.0 **10.0**2797,1,0.407,4.457,4.865,766690
[CALIB_PROFILE] | 10.0 | | 10.0 **10.0**2798,8,0.418,44.841,45.259,766698
[CALIB_PROFILE] | 10.0 | | 10.0 **10.0**2799,185,0.412,131.102,131.514,766883
[CALIB_PROFILE] | 10.0 | | 10.0 **10.0**2800,143,0.407,109.504,109.911,767026
[CALIB_PROFILE] | 10.0 | | 10.0 **10.0**2801,1,0.407,4.508,4.915,767027
[CALIB_PROFILE] | 10.0 | | 10.0 **10.0**2802,9,0.418,45.264,45.683,767036
[CALIB_PROFILE] | 10.0 | | 10.0 **10.0**2803,262,0.417,209.661,210.078,767298
[CALIB_PROFILE] | 10.0 | | 10.0 **10.0**2804,1,0.413,4.457,4.870,767299
[CALIB_PROFILE] | 10.0 | | 10.0 **10.0**2805,10,0.432,45.753,46.185,767309
[CALIB_PROFILE] | 10.0 | | 10.0 **10.0**2806,117,0.419,96.097,96.516,767426
[CALIB_PROFILE] | 10.0 | | 10.0 **10.0**2807,1,0.407,4.444,4.851,767427
[CALIB_PROFILE] | 10.0 | | 10.0 **10.0**2808,35,0.414,57.221,57.635,767462
[CALIB_PROFILE] | 10.0 | | 10.0 **10.0**2809,101,0.409,88.054,88.463,767563
[CALIB_PROFILE] | 10.0 | | 10.0 **10.0**2810,1,0.405,4.497,4.902,767564
[CALIB_PROFILE] | 10.0 | | 10.0 **10.0**2811,4,0.416,43.022,43.438,767568
[CALIB_PROFILE] | 10.0 | | 10.0 **10.0**2812,37,0.409,58.060,58.469,767605
[CALIB_PROFILE] | 10.0 | | 10.0 **10.0**2813,1,0.406,4.454,4.860,767606
[CALIB_PROFILE] | 10.0 | | 10.0 **10.0**2814,41,0.415,59.926,60.341,767647
[CALIB_PROFILE] | 10.0 | | 10.0 **10.0**2815,508,0.412,334.083,334.495,768155
[CALIB_PROFILE] | 10.0 | | 10.0 **10.0**2816,508,0.413,336.087,336.500,768663
[CALIB_PROFILE] | 10.0 | | 10.0 **10.0**2817,508,0.412,337.025,337.437,769171
[CALIB_PROFILE] | 10.0 | | 10.0 **10.0**2818,508,0.403,334.349,334.752,769679
[CALIB_PROFILE] | 10.0 | | 10.0 **10.0**2819,508,0.439,335.669,336.109,770187
[CALIB_PROFILE] | 10.0 | | 10.0 **10.0**2820,508,0.426,337.446,337.872,770695
[CALIB_PROFILE] | 10.0 | | 10.0 **10.0**2821,508,0.421,335.636,336.057,771203
[CALIB_PROFILE] | 10.0 | | 10.0 **10.0**2822,11,0.412,46.255,46.667,771214
[CALIB_PROFILE] | 10.0 | | 10.0 **10.0**2823,508,0.414,336.239,336.653,771722
[CALIB_PROFILE] | 10.0 | | 10.0 **10.0**2824,13,0.411,47.107,47.519,771735
[CALIB_PROFILE] | 10.0 | | 10.0 **10.0**2825,38,0.412,58.485,58.897,771773
[CALIB_PROFILE] | 10.0 | | 10.0 **10.0**2826,508,0.412,335.877,336.289,772281
[CALIB_PROFILE] | 10.0 | | 10.0 **10.0**2827,39,0.412,59.008,59.420,772320
[CALIB_PROFILE] | 10.0 | | 10.0 **10.0**2828,368,0.408,261.116,261.525,772688
[CALIB_PROFILE] | 10.0 | | 10.0 **10.0**2829,508,0.416,334.696,335.113,773196
[CALIB_PROFILE] | 10.0 | | 10.0 **10.0**2830,508,0.405,335.716,336.122,773704
[CALIB_PROFILE] | 10.0 | | 10.0 **10.0**2831,508,0.410,335.903,336.313,774212
[CALIB_PROFILE] | 10.0 | | 10.0 **10.0**2832,508,0.417,337.087,337.504,774720
[CALIB_PROFILE] | 10.0 | | 10.0 **10.0**2833,508,0.407,334.446,334.853,775228
[CALIB_PROFILE] | 10.0 | | 10.0 **10.0**2834,508,0.419,336.155,336.574,775736
[CALIB_PROFILE] | 10.0 | | 10.0 **10.0**2835,508,0.418,336.345,336.763,776244
[CALIB_PROFILE] | 10.0 | | 10.0 **10.0**2836,508,0.409,335.320,335.729,776752
[CALIB_PROFILE] | 10.0 | | 10.0 **10.0**2837,66,0.435,71.538,71.973,776818
[CALIB_PROFILE] | 10.0 | | 10.0 **10.0**2838,508,0.422,335.259,335.681,777326
[CALIB_PROFILE] | 10.0 | | 10.0 **10.0**2839,223,0.418,151.628,152.046,777549
[CALIB_PROFILE] | 10.0 | | 10.0 **10.0**2840,31,0.407,55.325,55.732,777580
[CALIB_PROFILE] | 10.0 | | 10.0 **10.0**2841,508,0.412,335.286,335.698,778088
[CALIB_PROFILE] | 10.0 | | 10.0 **10.0**2842,508,0.407,336.278,336.685,778596
[CALIB_PROFILE] | 10.0 | | 10.0 **10.0**2843,508,0.413,337.253,337.667,779104
[CALIB_PROFILE] | 10.0 | | 10.0 **10.0**2844,508,0.415,334.292,334.707,779612
[CALIB_PROFILE] | 10.0 | | 10.0 **10.0**2845,508,0.421,336.300,336.721,780120
[CALIB_PROFILE] | 10.0 | | 10.0 **10.0**2846,508,0.409,336.581,336.990,780628
[CALIB_PROFILE] | 10.0 | | 10.0 **10.0**2847,508,0.406,336.137,336.543,781136
[CALIB_PROFILE] | 10.0 | | 10.0 **10.0**2848,508,0.417,335.071,335.487,781644
[CALIB_PROFILE] | 10.0 | | 10.0 **10.0**2849,30,0.417,54.815,55.232,781674
[CALIB_PROFILE] | 10.0 | | 10.0 **10.0**2850,75,0.412,75.689,76.101,781749
[CALIB_PROFILE] | 10.0 | | 10.0 **10.0**2851,55,0.414,66.517,66.931,781804
[CALIB_PROFILE] | 10.0 | | 10.0 **10.0**2852,57,0.417,67.330,67.747,781861
[CALIB_PROFILE] | 10.0 | | 10.0 **10.0**2853,475,0.407,316.731,317.138,782336
[CALIB_PROFILE] | 10.0 | | 10.0 **10.0**2854,508,0.418,336.984,337.403,782844
[CALIB_PROFILE] | 10.0 | | 10.0 **10.0**2855,508,0.410,336.917,337.328,783352
[CALIB_PROFILE] | 10.0 | | 10.0 **10.0**2856,508,0.409,335.190,335.599,783860
[CALIB_PROFILE] | 10.0 | | 10.0 **10.0**2857,508,0.414,336.974,337.389,784368
[CALIB_PROFILE] | 10.0 | | 10.0 **10.0**2858,9,0.413,45.284,45.697,784377
[CALIB_PROFILE] | 10.0 | | 10.0 **10.0**2859,200,0.407,139.101,139.508,784577
[CALIB_PROFILE] | 10.0 | | 10.0 **10.0**2860,156,0.416,116.069,116.486,784733
[CALIB_PROFILE] | 10.0 | | 10.0 **10.0**2861,62,0.405,69.830,70.236,784795
[CALIB_PROFILE] | 10.0 | | 10.0 **10.0**2862,24,0.408,52.069,52.478,784819
[CALIB_PROFILE] | 10.0 | | 10.0 **10.0**2863,97,0.405,86.100,86.505,784916
[CALIB_PROFILE] | 10.0 | | 10.0 **10.0**2864,41,0.409,59.994,60.403,784957
[CALIB_PROFILE] | 10.0 | | 10.0 **10.0**2865,81,0.422,78.573,78.995,785038
[CALIB_PROFILE] | 10.0 | | 10.0 **10.0**2866,508,0.407,334.268,334.675,785546
[CALIB_PROFILE] | 10.0 | | 10.0 **10.0**2867,172,0.420,124.042,124.463,785718
[CALIB_PROFILE] | 10.0 | | 10.0 **10.0**2868,508,0.408,336.451,336.859,786226
[CALIB_PROFILE] | 10.0 | | 10.0 **10.0**2869,508,0.406,337.142,337.549,786734
[CALIB_PROFILE] | 10.0 | | 10.0 **10.0**2870,508,0.427,335.788,336.216,787242
[CALIB_PROFILE] | 10.0 | | 10.0 **10.0**2871,508,0.430,336.990,337.421,787750
[CALIB_PROFILE] | 10.0 | | 10.0 **10.0**2872,508,0.407,336.447,336.854,788258
[CALIB_PROFILE] | 10.0 | | 10.0 **10.0**2873,508,0.414,335.321,335.736,788766
[CALIB_PROFILE] | 10.0 | | 10.0 **10.0**2874,508,0.413,336.387,336.800,789274
[CALIB_PROFILE] | 10.0 | | 10.0 **10.0**2875,508,0.427,334.445,334.873,789782
[CALIB_PROFILE] | 10.0 | | 10.0 **10.0**2876,281,0.416,219.155,219.571,790063
[CALIB_PROFILE] | 10.0 | | 10.0 **10.0**2877,508,0.414,336.060,336.474,790571
[CALIB_PROFILE] | 10.0 | | 10.0 **10.0**2878,88,0.417,81.818,82.235,790659
[CALIB_PROFILE] | 10.0 | | 10.0 **10.0**2879,27,0.407,53.492,53.900,790686
[CALIB_PROFILE] | 10.0 | | 10.0 **10.0**2880,1,0.412,4.445,4.858,790687
[CALIB_PROFILE] | 10.0 | | 10.0 **10.0**2881,5,0.428,43.472,43.900,790692
[CALIB_PROFILE] | 10.0 | | 10.0 **10.0**2882,95,0.422,85.229,85.651,790787
[CALIB_PROFILE] | 10.0 | | 10.0 **10.0**2883,7,0.410,44.315,44.725,790794
[CALIB_PROFILE] | 10.0 | | 10.0 **10.0**2884,88,0.411,81.612,82.023,790882
[CALIB_PROFILE] | 10.0 | | 10.0 **10.0**2885,36,0.406,57.654,58.060,790918
[CALIB_PROFILE] | 10.0 | | 10.0 **10.0**2886,19,0.405,49.758,50.163,790937
[CALIB_PROFILE] | 10.0 | | 10.0 **10.0**2887,57,0.411,67.211,67.622,790994
[CALIB_PROFILE] | 10.0 | | 10.0 **10.0**2888,26,0.413,52.899,53.311,791020
[CALIB_PROFILE] | 10.0 | | 10.0 **10.0**2889,57,0.407,67.212,67.619,791077
[CALIB_PROFILE] | 10.0 | | 10.0 **10.0**2890,55,0.406,66.330,66.736,791132
[CALIB_PROFILE] | 10.0 | | 10.0 **10.0**2891,21,0.415,50.658,51.073,791153
[CALIB_PROFILE] | 10.0 | | 10.0 **10.0**2892,508,0.410,334.496,334.907,791661
[CALIB_PROFILE] | 10.0 | | 10.0 **10.0**2893,508,0.414,335.163,335.578,792169
[CALIB_PROFILE] | 10.0 | | 10.0 **10.0**2894,508,0.407,336.919,337.327,792677
[CALIB_PROFILE] | 10.0 | | 10.0 **10.0**2895,508,0.422,334.364,334.786,793185
[CALIB_PROFILE] | 10.0 | | 10.0 **10.0**2896,508,0.452,336.430,336.882,793693
[CALIB_PROFILE] | 10.0 | | 10.0 **10.0**2897,508,0.412,337.376,337.788,794201
[CALIB_PROFILE] | 10.0 | | 10.0 **10.0**2898,508,0.410,335.795,336.205,794709
[CALIB_PROFILE] | 10.0 | | 10.0 **10.0**2899,40,0.411,59.527,59.938,794749
[CALIB_PROFILE] | 10.0 | | 10.0 **10.0**2900,47,0.414,62.728,63.142,794796
[CALIB_PROFILE] | 10.0 | | 10.0 **10.0**2901,508,0.411,335.995,336.406,795304
[CALIB_PROFILE] | 10.0 | | 10.0 **10.0**2902,508,0.421,335.094,335.515,795812
[CALIB_PROFILE] | 10.0 | | 10.0 **10.0**2903,508,0.420,335.819,336.239,796320
[CALIB_PROFILE] | 10.0 | | 10.0 **10.0**2904,508,0.419,334.706,335.126,796828
[CALIB_PROFILE] | 10.0 | | 10.0 **10.0**2905,508,0.412,336.049,336.461,797336
[CALIB_PROFILE] | 10.0 | | 10.0 **10.0**2906,508,0.410,335.141,335.552,797844
[CALIB_PROFILE] | 10.0 | | 10.0 **10.0**2907,508,0.405,335.837,336.242,798352
[CALIB_PROFILE] | 10.0 | | 10.0 **10.0**2908,23,0.414,51.626,52.040,798375
[CALIB_PROFILE] | 10.0 | | 10.0 **10.0**2909,508,0.406,334.296,334.703,798883
[CALIB_PROFILE] | 10.0 | | 10.0 **10.0**2910,508,0.406,334.723,335.128,799391
[CALIB_PROFILE] | 10.0 | | 10.0 **10.0**2911,508,0.414,335.327,335.742,799899
[CALIB_PROFILE] | 10.0 | | 10.0 **10.0**2912,508,0.411,335.806,336.217,800407
[CALIB_PROFILE] | 10.0 | | 10.0 **10.0**2913,508,0.413,334.776,335.190,800915
[CALIB_PROFILE] | 10.0 | | 10.0 **10.0**2914,508,0.409,336.091,336.500,801423
[CALIB_PROFILE] | 10.0 | | 10.0 **10.0**2915,508,0.414,335.827,336.242,801931
[CALIB_PROFILE] | 10.0 | | 10.0 **10.0**2916,70,0.449,73.411,73.859,802001
[CALIB_PROFILE] | 10.0 | | 10.0 **10.0**2917,19,0.410,49.764,50.174,802020
[CALIB_PROFILE] | 10.0 | | 10.0 **10.0**2918,47,0.405,62.637,63.042,802067
[CALIB_PROFILE] | 10.0 | | 10.0 **10.0**2919,205,0.407,141.265,141.672,802272
[CALIB_PROFILE] | 10.0 | | 10.0 **10.0**2920,174,0.407,125.427,125.834,802446
[CALIB_PROFILE] | 10.0 | | 10.0 **10.0**2921,101,0.418,88.032,88.450,802547
[CALIB_PROFILE] | 10.0 | | 10.0 **10.0**2922,27,0.408,53.438,53.846,802574
[CALIB_PROFILE] | 10.0 | | 10.0 **10.0**2923,7,0.407,44.320,44.727,802581
[CALIB_PROFILE] | 10.0 | | 10.0 **10.0**2924,17,0.405,48.852,49.257,802598
[CALIB_PROFILE] | 10.0 | | 10.0 **10.0**2925,27,0.406,53.357,53.763,802625
[CALIB_PROFILE] | 10.0 | | 10.0 **10.0**2926,14,0.405,47.480,47.886,802639
[CALIB_PROFILE] | 10.0 | | 10.0 **10.0**2927,21,0.407,50.624,51.031,802660
[CALIB_PROFILE] | 10.0 | | 10.0 **10.0**2928,25,0.407,52.499,52.906,802685
[CALIB_PROFILE] | 10.0 | | 10.0 **10.0**2929,508,0.411,334.444,334.856,803193
[CALIB_PROFILE] | 10.0 | | 10.0 **10.0**2930,508,0.412,335.534,335.946,803701
[CALIB_PROFILE] | 10.0 | | 10.0 **10.0**2931,508,0.419,337.560,337.979,804209
[CALIB_PROFILE] | 10.0 | | 10.0 **10.0**2932,508,0.419,334.001,334.420,804717
[CALIB_PROFILE] | 10.0 | | 10.0 **10.0**2933,508,0.413,336.584,336.997,805225
[CALIB_PROFILE] | 10.0 | | 10.0 **10.0**2934,508,0.410,336.432,336.842,805733
[CALIB_PROFILE] | 10.0 | | 10.0 **10.0**2935,508,0.411,337.270,337.681,806241
[CALIB_PROFILE] | 10.0 | | 10.0 **10.0**2936,24,0.415,52.000,52.415,806265
[CALIB_PROFILE] | 10.0 | | 10.0 **10.0**2937,49,0.410,63.516,63.926,806314
[CALIB_PROFILE] | 10.0 | | 10.0 **10.0**2938,508,0.405,335.210,335.615,806822
[CALIB_PROFILE] | 10.0 | | 10.0 **10.0**2939,30,0.418,54.787,55.205,806852
[CALIB_PROFILE] | 10.0 | | 10.0 **10.0**2940,508,0.416,334.473,334.889,807360
[CALIB_PROFILE] | 10.0 | | 10.0 **10.0**2941,249,0.410,165.049,165.459,807609
[CALIB_PROFILE] | 10.0 | | 10.0 **10.0**2942,508,0.411,335.141,335.552,808117
[CALIB_PROFILE] | 10.0 | | 10.0 **10.0**2943,253,0.410,167.593,168.003,808370
[CALIB_PROFILE] | 10.0 | | 10.0 **10.0**2944,508,0.413,335.704,336.117,808878
[CALIB_PROFILE] | 10.0 | | 10.0 **10.0**2945,508,0.410,336.159,336.569,809386
[CALIB_PROFILE] | 10.0 | | 10.0 **10.0**2946,508,0.451,336.460,336.911,809894
[CALIB_PROFILE] | 10.0 | | 10.0 **10.0**2947,508,0.417,337.162,337.579,810402
[CALIB_PROFILE] | 10.0 | | 10.0 **10.0**2948,508,0.411,335.441,335.853,810910
[CALIB_PROFILE] | 10.0 | | 10.0 **10.0**2949,508,0.412,335.345,335.758,811418
[CALIB_PROFILE] | 10.0 | | 10.0 **10.0**2950,508,0.408,336.137,336.545,811926
[CALIB_PROFILE] | 10.0 | | 10.0 **10.0**2951,508,0.414,335.022,335.437,812434
[CALIB_PROFILE] | 10.0 | | 10.0 **10.0**2952,508,0.411,335.825,336.236,812942
[CALIB_PROFILE] | 10.0 | | 10.0 **10.0**2953,508,0.416,335.998,336.415,813450
[CALIB_PROFILE] | 10.0 | | 10.0 **10.0**2954,358,0.412,254.936,255.348,813808
[CALIB_PROFILE] | 10.0 | | 10.0 **10.0**2955,442,0.411,298.556,298.968,814250
[CALIB_PROFILE] | 10.0 | | 10.0 **10.0**2956,508,0.424,335.456,335.880,814758
[CALIB_PROFILE] | 10.0 | | 10.0 **10.0**2957,4,0.408,43.038,43.447,814762
[CALIB_PROFILE] | 10.0 | | 10.0 **10.0**2958,112,0.407,93.606,94.013,814874
[CALIB_PROFILE] | 10.0 | | 10.0 **10.0**2959,6,0.416,44.030,44.446,814880
[CALIB_PROFILE] | 10.0 | | 10.0 **10.0**2960,86,0.415,80.810,81.225,814966
[CALIB_PROFILE] | 10.0 | | 10.0 **10.0**2961,5,0.409,43.501,43.910,814971
[CALIB_PROFILE] | 10.0 | | 10.0 **10.0**2962,70,0.405,73.235,73.640,815041
[CALIB_PROFILE] | 10.0 | | 10.0 **10.0**2963,6,0.412,43.890,44.302,815047
[CALIB_PROFILE] | 10.0 | | 10.0 **10.0**2964,82,0.405,79.111,79.517,815129
[CALIB_PROFILE] | 10.0 | | 10.0 **10.0**2965,53,0.417,65.490,65.907,815182
[CALIB_PROFILE] | 10.0 | | 10.0 **10.0**2966,4,0.417,42.967,43.384,815186
[CALIB_PROFILE] | 10.0 | | 10.0 **10.0**2967,33,0.419,56.268,56.687,815219
[CALIB_PROFILE] | 10.0 | | 10.0 **10.0**2968,50,0.412,64.061,64.474,815269
[CALIB_PROFILE] | 10.0 | | 10.0 **10.0**2969,40,0.412,59.547,59.959,815309
[CALIB_PROFILE] | 10.0 | | 10.0 **10.0**2970,508,0.407,334.919,335.326,815817
[CALIB_PROFILE] | 10.0 | | 10.0 **10.0**2971,508,0.407,335.325,335.732,816325
[CALIB_PROFILE] | 10.0 | | 10.0 **10.0**2972,508,0.425,337.434,337.859,816833
[CALIB_PROFILE] | 10.0 | | 10.0 **10.0**2973,508,0.407,334.875,335.283,817341
[CALIB_PROFILE] | 10.0 | | 10.0 **10.0**2974,508,0.408,336.471,336.880,817849
[CALIB_PROFILE] | 10.0 | | 10.0 **10.0**2975,508,0.411,336.820,337.231,818357
[CALIB_PROFILE] | 10.0 | | 10.0 **10.0**2976,508,0.417,335.753,336.170,818865
[CALIB_PROFILE] | 10.0 | | 10.0 **10.0**2977,79,0.428,77.734,78.162,818944
[CALIB_PROFILE] | 10.0 | | 10.0 **10.0**2978,508,0.418,334.244,334.662,819452
[CALIB_PROFILE] | 10.0 | | 10.0 **10.0**2979,508,0.418,335.469,335.887,819960
[CALIB_PROFILE] | 10.0 | | 10.0 **10.0**2980,508,0.419,336.913,337.332,820468
[CALIB_PROFILE] | 10.0 | | 10.0 **10.0**2981,508,0.449,336.685,337.133,820976
[CALIB_PROFILE] | 10.0 | | 10.0 **10.0**2982,508,0.411,335.687,336.098,821484
[CALIB_PROFILE] | 10.0 | | 10.0 **10.0**2983,198,0.415,137.784,138.199,821682
[CALIB_PROFILE] | 10.0 | | 10.0 **10.0**2984,508,0.415,336.760,337.175,822190
[CALIB_PROFILE] | 10.0 | | 10.0 **10.0**2985,64,0.418,70.517,70.935,822254
[CALIB_PROFILE] | 10.0 | | 10.0 **10.0**2986,48,0.408,63.181,63.589,822302
[CALIB_PROFILE] | 10.0 | | 10.0 **10.0**2987,508,0.407,336.486,336.893,822810
[CALIB_PROFILE] | 10.0 | | 10.0 **10.0**2988,508,0.409,335.959,336.368,823318
[CALIB_PROFILE] | 10.0 | | 10.0 **10.0**2989,508,0.408,336.170,336.578,823826
[CALIB_PROFILE] | 10.0 | | 10.0 **10.0**2990,508,0.411,336.617,337.029,824334
[CALIB_PROFILE] | 10.0 | | 10.0 **10.0**2991,508,0.415,335.792,336.208,824842
[CALIB_PROFILE] | 10.0 | | 10.0 **10.0**2992,508,0.411,335.663,336.074,825350
[CALIB_PROFILE] | 10.0 | | 10.0 **10.0**2993,508,0.414,337.233,337.648,825858
[CALIB_PROFILE] | 10.0 | | 10.0 **10.0**2994,334,0.411,243.840,244.252,826192
[CALIB_PROFILE] | 10.0 | | 10.0 **10.0**2995,508,0.406,336.092,336.498,826700
[CALIB_PROFILE] | 10.0 | | 10.0 **10.0**2996,508,0.416,337.183,337.599,827208
[CALIB_PROFILE] | 10.0 | | 10.0 **10.0**2997,508,0.409,336.260,336.669,827716
[CALIB_PROFILE] | 10.0 | | 10.0 **10.0**2998,508,0.445,336.312,336.758,828224
[CALIB_PROFILE] | 10.0 | | 10.0 **10.0**2999,508,0.415,336.341,336.755,828732
[CALIB_PROFILE] | 10.0 | | 10.0 **10.0**3000,508,0.415,337.744,338.159,829240
[CALIB_PROFILE] | 10.0 | | 10.0 **10.0**3001,508,0.436,335.229,335.665,829748
[CALIB_PROFILE] | 10.0 | | 10.0 **10.0**3002,508,0.423,336.507,336.930,830256
[CALIB_PROFILE] | 10.0 | | 10.0 **10.0**3003,508,0.417,337.489,337.906,830764
[CALIB_PROFILE] | 10.0 | | 10.0 **10.0**3004,508,0.422,336.314,336.736,831272
[CALIB_PROFILE] | 10.0 | | 10.0 **10.0**3005,24,0.453,51.962,52.415,831296
[CALIB_PROFILE] | 10.0 | | 10.0 **10.0**3006,52,0.409,64.973,65.382,831348
[CALIB_PROFILE] | 10.0 | | 10.0 **10.0**3007,33,0.414,56.262,56.676,831381
[CALIB_PROFILE] | 10.0 | | 10.0 **10.0**3008,508,0.417,335.178,335.595,831889
[CALIB_PROFILE] | 10.0 | | 10.0 **10.0**3009,27,0.419,53.546,53.965,831916
[CALIB_PROFILE] | 10.0 | | 10.0 **10.0**3010,508,0.414,335.571,335.986,832424
[CALIB_PROFILE] | 10.0 | | 10.0 **10.0**3011,508,0.417,337.107,337.524,832932
[CALIB_PROFILE] | 10.0 | | 10.0 **10.0**3012,173,0.416,124.989,125.405,833105
[CALIB_PROFILE] | 10.0 | | 10.0 **10.0**3013,61,0.419,69.269,69.688,833166
[CALIB_PROFILE] | 10.0 | | 10.0 **10.0**3014,508,0.414,336.424,336.838,833674
[CALIB_PROFILE] | 10.0 | | 10.0 **10.0**3015,508,0.410,335.751,336.161,834182
[CALIB_PROFILE] | 10.0 | | 10.0 **10.0**3016,117,0.454,95.935,96.388,834299
[CALIB_PROFILE] | 10.0 | | 10.0 **10.0**3017,508,0.408,335.681,336.090,834807
[CALIB_PROFILE] | 10.0 | | 10.0 **10.0**3018,508,0.408,336.233,336.641,835315
[CALIB_PROFILE] | 10.0 | | 10.0 **10.0**3019,508,0.428,337.264,337.693,835823
[CALIB_PROFILE] | 10.0 | | 10.0 **10.0**3020,508,0.419,334.487,334.906,836331
[CALIB_PROFILE] | 10.0 | | 10.0 **10.0**3021,508,0.408,336.107,336.516,836839
[CALIB_PROFILE] | 10.0 | | 10.0 **10.0**3022,508,0.413,337.238,337.651,837347
[CALIB_PROFILE] | 10.0 | | 10.0 **10.0**3023,508,0.415,337.301,337.716,837855
[CALIB_PROFILE] | 10.0 | | 10.0 **10.0**3024,30,0.408,54.819,55.227,837885
[CALIB_PROFILE] | 10.0 | | 10.0 **10.0**3025,508,0.416,335.282,335.698,838393
[CALIB_PROFILE] | 10.0 | | 10.0 **10.0**3026,35,0.449,57.161,57.610,838428
[CALIB_PROFILE] | 10.0 | | 10.0 **10.0**3027,39,0.408,59.063,59.472,838467
[CALIB_PROFILE] | 10.0 | | 10.0 **10.0**3028,508,0.408,335.429,335.838,838975
[CALIB_PROFILE] | 10.0 | | 10.0 **10.0**3029,508,0.413,336.311,336.723,839483
[CALIB_PROFILE] | 10.0 | | 10.0 **10.0**3030,508,0.411,336.303,336.715,839991
[CALIB_PROFILE] | 10.0 | | 10.0 **10.0**3031,508,0.416,336.459,336.875,840499
[CALIB_PROFILE] | 10.0 | | 10.0 **10.0**3032,508,0.412,335.611,336.023,841007
[CALIB_PROFILE] | 10.0 | | 10.0 **10.0**3033,508,0.414,335.970,336.384,841515
[CALIB_PROFILE] | 10.0 | | 10.0 **10.0**3034,508,0.412,335.075,335.487,842023
[CALIB_PROFILE] | 10.0 | | 10.0 **10.0**3035,508,0.416,335.592,336.008,842531
[CALIB_PROFILE] | 10.0 | | 10.0 **10.0**3036,508,0.419,336.039,336.459,843039
[CALIB_PROFILE] | 10.0 | | 10.0 **10.0**3037,508,0.415,335.811,336.227,843547
[CALIB_PROFILE] | 10.0 | | 10.0 **10.0**3038,508,0.409,335.477,335.886,844055
[CALIB_PROFILE] | 10.0 | | 10.0 **10.0**3039,179,0.410,128.102,128.512,844234
[CALIB_PROFILE] | 10.0 | | 10.0 **10.0**3040,508,0.421,336.029,336.450,844742
[CALIB_PROFILE] | 10.0 | | 10.0 **10.0**3041,508,0.420,335.756,336.176,845250
[CALIB_PROFILE] | 10.0 | | 10.0 **10.0**3042,508,0.411,337.156,337.568,845758
[CALIB_PROFILE] | 10.0 | | 10.0 **10.0**3043,508,0.412,334.538,334.951,846266
[CALIB_PROFILE] | 10.0 | | 10.0 **10.0**3044,508,0.409,336.723,337.132,846774
[CALIB_PROFILE] | 10.0 | | 10.0 **10.0**3045,508,0.412,336.463,336.875,847282
[CALIB_PROFILE] | 10.0 | | 10.0 **10.0**3046,508,0.412,336.235,336.647,847790
[CALIB_PROFILE] | 10.0 | | 10.0 **10.0**3047,207,0.425,143.233,143.658,847997
[CALIB_PROFILE] | 10.0 | | 10.0 **10.0**3048,508,0.419,335.200,335.619,848505
[CALIB_PROFILE] | 10.0 | | 10.0 **10.0**3049,508,0.409,337.345,337.754,849013
[CALIB_PROFILE] | 10.0 | | 10.0 **10.0**3050,383,0.421,268.195,268.616,849396
[CALIB_PROFILE] | 10.0 | | 10.0 **10.0**3051,508,0.409,337.398,337.807,849904
[CALIB_PROFILE] | 10.0 | | 10.0 **10.0**3052,508,0.411,337.140,337.551,850412
[CALIB_PROFILE] | 10.0 | | 10.0 **10.0**3053,508,0.416,335.228,335.644,850920
[CALIB_PROFILE] | 10.0 | | 10.0 **10.0**3054,41,0.420,60.113,60.534,850961
[CALIB_PROFILE] | 10.0 | | 10.0 **10.0**3055,508,0.411,336.937,337.349,851469
[CALIB_PROFILE] | 10.0 | | 10.0 **10.0**3056,16,0.408,48.483,48.891,851485
[CALIB_PROFILE] | 10.0 | | 10.0 **10.0**3057,508,0.408,335.612,336.021,851993
[CALIB_PROFILE] | 10.0 | | 10.0 **10.0**3058,508,0.442,336.356,336.799,852501
[CALIB_PROFILE] | 10.0 | | 10.0 **10.0**3059,508,0.419,337.653,338.072,853009
[CALIB_PROFILE] | 10.0 | | 10.0 **10.0**3060,508,0.411,334.858,335.269,853517
[CALIB_PROFILE] | 10.0 | | 10.0 **10.0**3061,508,0.427,335.719,336.147,854025
[CALIB_PROFILE] | 10.0 | | 10.0 **10.0**3062,508,0.421,337.233,337.654,854533
[CALIB_PROFILE] | 10.0 | | 10.0 **10.0**3063,508,0.409,336.888,337.297,855041
[CALIB_PROFILE] | 10.0 | | 10.0 **10.0**3064,508,0.434,335.626,336.059,855549
[CALIB_PROFILE] | 10.0 | | 10.0 **10.0**3065,11,0.420,46.041,46.461,855560
[CALIB_PROFILE] | 10.0 | | 10.0 **10.0**3066,508,0.405,334.558,334.962,856068
[CALIB_PROFILE] | 10.0 | | 10.0 **10.0**3067,508,0.412,334.946,335.358,856576
[CALIB_PROFILE] | 10.0 | | 10.0 **10.0**3068,508,0.439,335.863,336.303,857084
[CALIB_PROFILE] | 10.0 | | 10.0 **10.0**3069,508,0.411,337.810,338.222,857592
[CALIB_PROFILE] | 10.0 | | 10.0 **10.0**3070,508,0.415,337.245,337.660,858100
[CALIB_PROFILE] | 10.0 | | 10.0 **10.0**3071,14,0.410,47.557,47.967,858114
[CALIB_PROFILE] | 10.0 | | 10.0 **10.0**3072,104,0.407,89.403,89.810,858218
[CALIB_PROFILE] | 10.0 | | 10.0 **10.0**3073,31,0.419,55.276,55.695,858249
[CALIB_PROFILE] | 10.0 | | 10.0 **10.0**3074,250,0.407,166.404,166.810,858499
[CALIB_PROFILE] | 10.0 | | 10.0 **10.0**3075,45,0.410,61.897,62.307,858544
[CALIB_PROFILE] | 10.0 | | 10.0 **10.0**3076,508,0.410,335.012,335.422,859052
[CALIB_PROFILE] | 10.0 | | 10.0 **10.0**3077,31,0.414,55.351,55.765,859083
[CALIB_PROFILE] | 10.0 | | 10.0 **10.0**3078,60,0.415,68.869,69.284,859143
[CALIB_PROFILE] | 10.0 | | 10.0 **10.0**3079,17,0.407,48.874,49.282,859160
[CALIB_PROFILE] | 10.0 | | 10.0 **10.0**3080,508,0.413,335.520,335.933,859668
[CALIB_PROFILE] | 10.0 | | 10.0 **10.0**3081,482,0.409,321.222,321.631,860150
[CALIB_PROFILE] | 10.0 | | 10.0 **10.0**3082,508,0.417,335.686,336.103,860658
[CALIB_PROFILE] | 10.0 | | 10.0 **10.0**3083,32,0.416,55.734,56.150,860690
[CALIB_PROFILE] | 10.0 | | 10.0 **10.0**3084,508,0.413,336.476,336.889,861198
[CALIB_PROFILE] | 10.0 | | 10.0 **10.0**3085,508,0.408,335.278,335.686,861706
[CALIB_PROFILE] | 10.0 | | 10.0 **10.0**3086,508,0.412,336.208,336.620,862214
[CALIB_PROFILE] | 10.0 | | 10.0 **10.0**3087,95,0.438,85.442,85.880,862309
[CALIB_PROFILE] | 10.0 | | 10.0 **10.0**3088,4,0.417,43.067,43.485,862313
[CALIB_PROFILE] | 10.0 | | 10.0 **10.0**3089,99,0.409,87.072,87.481,862412
[CALIB_PROFILE] | 10.0 | | 10.0 **10.0**3090,3,0.424,9.399,9.824,862415
[CALIB_PROFILE] | 10.0 | | 10.0 **10.0**3091,11,0.411,46.248,46.660,862426
[CALIB_PROFILE] | 10.0 | | 10.0 **10.0**3092,60,0.404,68.681,69.085,862486
[CALIB_PROFILE] | 10.0 | | 10.0 **10.0**3093,49,0.405,63.603,64.008,862535
[CALIB_PROFILE] | 10.0 | | 10.0 **10.0**3094,42,0.406,60.393,60.800,862577
[CALIB_PROFILE] | 10.0 | | 10.0 **10.0**3095,35,0.409,57.160,57.569,862612
[CALIB_PROFILE] | 10.0 | | 10.0 **10.0**3096,4,0.412,42.944,43.356,862616
[CALIB_PROFILE] | 10.0 | | 10.0 **10.0**3097,16,0.406,48.385,48.791,862632
[CALIB_PROFILE] | 10.0 | | 10.0 **10.0**3098,10,0.412,45.648,46.061,862642
[CALIB_PROFILE] | 10.0 | | 10.0 **10.0**3099,17,0.410,48.822,49.233,862659
[CALIB_PROFILE] | 10.0 | | 10.0 **10.0**3100,18,0.404,49.277,49.681,862677
[CALIB_PROFILE] | 10.0 | | 10.0 **10.0**3101,14,0.418,47.469,47.887,862691
[CALIB_PROFILE] | 10.0 | | 10.0 **10.0**3102,3,0.416,9.392,9.808,862694
[CALIB_PROFILE] | 10.0 | | 10.0 **10.0**3103,69,0.415,72.825,73.240,862763
[CALIB_PROFILE] | 10.0 | | 10.0 **10.0**3104,4,0.416,42.933,43.349,862767
[CALIB_PROFILE] | 10.0 | | 10.0 **10.0**3105,74,0.410,75.197,75.607,862841
[CALIB_PROFILE] | 10.0 | | 10.0 **10.0**3106,28,0.415,53.887,54.302,862869
[CALIB_PROFILE] | 10.0 | | 10.0 **10.0**3107,508,0.413,334.323,334.736,863377
[CALIB_PROFILE] | 10.0 | | 10.0 **10.0**3108,508,0.417,335.683,336.101,863885
[CALIB_PROFILE] | 10.0 | | 10.0 **10.0**3109,508,0.413,337.394,337.807,864393
[CALIB_PROFILE] | 10.0 | | 10.0 **10.0**3110,508,0.423,334.050,334.473,864901
[CALIB_PROFILE] | 10.0 | | 10.0 **10.0**3111,508,0.411,335.660,336.071,865409
[CALIB_PROFILE] | 10.0 | | 10.0 **10.0**3112,508,0.408,337.263,337.671,865917
[CALIB_PROFILE] | 10.0 | | 10.0 **10.0**3113,508,0.413,335.900,336.314,866425
[CALIB_PROFILE] | 10.0 | | 10.0 **10.0**3114,7,0.419,44.339,44.759,866432
[CALIB_PROFILE] | 10.0 | | 10.0 **10.0**3115,65,0.408,71.044,71.453,866497
[CALIB_PROFILE] | 10.0 | | 10.0 **10.0**3116,419,0.413,286.975,287.389,866916
[CALIB_PROFILE] | 10.0 | | 10.0 **10.0**3117,28,0.410,53.914,54.324,866944
[CALIB_PROFILE] | 10.0 | | 10.0 **10.0**3118,508,0.407,336.737,337.144,867452
[CALIB_PROFILE] | 10.0 | | 10.0 **10.0**3119,508,0.420,336.030,336.450,867960
[CALIB_PROFILE] | 10.0 | | 10.0 **10.0**3120,508,0.411,336.000,336.411,868468
[CALIB_PROFILE] | 10.0 | | 10.0 **10.0**3121,299,0.418,227.045,227.463,868767
[CALIB_PROFILE] | 10.0 | | 10.0 **10.0**3122,299,0.408,227.069,227.477,869066
[CALIB_PROFILE] | 10.0 | | 10.0 **10.0**3123,39,0.410,59.078,59.488,869105
[CALIB_PROFILE] | 10.0 | | 10.0 **10.0**3124,508,0.417,335.799,336.216,869613
[CALIB_PROFILE] | 10.0 | | 10.0 **10.0**3125,508,0.423,338.605,339.029,870121
[CALIB_PROFILE] | 10.0 | | 10.0 **10.0**3126,508,0.413,338.312,338.725,870629
[CALIB_PROFILE] | 10.0 | | 10.0 **10.0**3127,471,0.410,316.278,316.688,871100
[CALIB_PROFILE] | 10.0 | | 10.0 **10.0**3128,18,0.413,49.269,49.683,871118
[CALIB_PROFILE] | 10.0 | | 10.0 **10.0**3129,86,0.411,80.871,81.283,871204
[CALIB_PROFILE] | 10.0 | | 10.0 **10.0**3130,42,0.422,60.370,60.793,871246
[CALIB_PROFILE] | 10.0 | | 10.0 **10.0**3131,1,0.406,4.449,4.855,871247
[CALIB_PROFILE] | 10.0 | | 10.0 **10.0**3132,108,0.425,91.406,91.831,871355
[CALIB_PROFILE] | 10.0 | | 10.0 **10.0**3133,55,0.410,66.440,66.851,871410
[CALIB_PROFILE] | 10.0 | | 10.0 **10.0**3134,1,0.411,4.452,4.863,871411
[CALIB_PROFILE] | 10.0 | | 10.0 **10.0**3135,4,0.427,43.063,43.490,871415
[CALIB_PROFILE] | 10.0 | | 10.0 **10.0**3136,17,0.409,48.840,49.250,871432
[CALIB_PROFILE] | 10.0 | | 10.0 **10.0**3137,11,0.410,46.168,46.579,871443
[CALIB_PROFILE] | 10.0 | | 10.0 **10.0**3138,19,0.406,49.768,50.174,871462
[CALIB_PROFILE] | 10.0 | | 10.0 **10.0**3139,508,0.407,334.714,335.121,871970
[CALIB_PROFILE] | 10.0 | | 10.0 **10.0**3140,508,0.419,336.145,336.565,872478
[CALIB_PROFILE] | 10.0 | | 10.0 **10.0**3141,508,0.422,336.723,337.146,872986
[CALIB_PROFILE] | 10.0 | | 10.0 **10.0**3142,508,0.414,334.256,334.670,873494
[CALIB_PROFILE] | 10.0 | | 10.0 **10.0**3143,508,0.456,336.704,337.160,874002
[CALIB_PROFILE] | 10.0 | | 10.0 **10.0**3144,508,0.413,336.644,337.057,874510
[CALIB_PROFILE] | 10.0 | | 10.0 **10.0**3145,508,0.414,336.252,336.666,875018
[CALIB_PROFILE] | 10.0 | | 10.0 **10.0**3146,7,0.416,44.400,44.816,875025
[CALIB_PROFILE] | 10.0 | | 10.0 **10.0**3147,508,0.416,336.001,336.417,875533
[CALIB_PROFILE] | 10.0 | | 10.0 **10.0**3148,508,0.420,335.836,336.256,876041
[CALIB_PROFILE] | 10.0 | | 10.0 **10.0**3149,508,0.417,337.687,338.104,876549
[CALIB_PROFILE] | 10.0 | | 10.0 **10.0**3150,508,0.417,335.629,336.046,877057
[CALIB_PROFILE] | 10.0 | | 10.0 **10.0**3151,508,0.418,338.183,338.601,877565
[CALIB_PROFILE] | 10.0 | | 10.0 **10.0**3152,508,0.413,336.205,336.619,878073
[CALIB_PROFILE] | 10.0 | | 10.0 **10.0**3153,508,0.427,336.272,336.700,878581
[CALIB_PROFILE] | 10.0 | | 10.0 **10.0**3154,47,0.420,62.751,63.171,878628
[CALIB_PROFILE] | 10.0 | | 10.0 **10.0**3155,27,0.412,53.389,53.802,878655
[CALIB_PROFILE] | 10.0 | | 10.0 **10.0**3156,73,0.411,74.734,75.145,878728
[CALIB_PROFILE] | 10.0 | | 10.0 **10.0**3157,57,0.412,67.278,67.690,878785
[CALIB_PROFILE] | 10.0 | | 10.0 **10.0**3158,40,0.409,59.415,59.824,878825
[CALIB_PROFILE] | 10.0 | | 10.0 **10.0**3159,53,0.405,65.452,65.857,878878
[CALIB_PROFILE] | 10.0 | | 10.0 **10.0**3160,15,0.419,48.007,48.426,878893
[CALIB_PROFILE] | 10.0 | | 10.0 **10.0**3161,51,0.414,64.514,64.928,878944
[CALIB_PROFILE] | 10.0 | | 10.0 **10.0**3162,16,0.412,48.416,48.828,878960
[CALIB_PROFILE] | 10.0 | | 10.0 **10.0**3163,77,0.406,76.579,76.986,879037
[CALIB_PROFILE] | 10.0 | | 10.0 **10.0**3164,508,0.413,336.430,336.844,879545
[CALIB_PROFILE] | 10.0 | | 10.0 **10.0**3165,508,0.412,335.237,335.649,880053
[CALIB_PROFILE] | 10.0 | | 10.0 **10.0**3166,508,0.423,335.388,335.811,880561
[CALIB_PROFILE] | 10.0 | | 10.0 **10.0**3167,425,0.415,290.124,290.540,880986
[CALIB_PROFILE] | 10.0 | | 10.0 **10.0**3168,508,0.412,336.481,336.894,881494
[CALIB_PROFILE] | 10.0 | | 10.0 **10.0**3169,508,0.409,335.290,335.700,882002
[CALIB_PROFILE] | 10.0 | | 10.0 **10.0**3170,104,0.421,89.546,89.968,882106
[CALIB_PROFILE] | 10.0 | | 10.0 **10.0**3171,42,0.414,60.490,60.904,882148
[CALIB_PROFILE] | 10.0 | | 10.0 **10.0**3172,18,0.409,49.328,49.738,882166
[CALIB_PROFILE] | 10.0 | | 10.0 **10.0**3173,9,0.421,45.393,45.815,882175
[CALIB_PROFILE] | 10.0 | | 10.0 **10.0**3174,13,0.408,47.062,47.470,882188
[CALIB_PROFILE] | 10.0 | | 10.0 **10.0**3175,13,0.411,47.051,47.463,882201
[CALIB_PROFILE] | 10.0 | | 10.0 **10.0**3176,313,0.401,233.380,233.781,882514
[CALIB_PROFILE] | 10.0 | | 10.0 **10.0**3177,77,0.408,76.554,76.963,882591
[CALIB_PROFILE] | 10.0 | | 10.0 **10.0**3178,1,0.406,4.459,4.866,882592
[CALIB_PROFILE] | 10.0 | | 10.0 **10.0**3179,7,0.420,44.377,44.797,882599
[CALIB_PROFILE] | 10.0 | | 10.0 **10.0**3180,26,0.413,52.870,53.283,882625
[CALIB_PROFILE] | 10.0 | | 10.0 **10.0**3181,9,0.408,45.193,45.601,882634
[CALIB_PROFILE] | 10.0 | | 10.0 **10.0**3182,187,0.419,132.018,132.437,882821
[CALIB_PROFILE] | 10.0 | | 10.0 **10.0**3183,46,0.415,62.286,62.701,882867
[CALIB_PROFILE] | 10.0 | | 10.0 **10.0**3184,1,0.411,4.444,4.855,882868
[CALIB_PROFILE] | 10.0 | | 10.0 **10.0**3185,4,0.426,43.018,43.445,882872
[CALIB_PROFILE] | 10.0 | | 10.0 **10.0**3186,187,0.411,131.863,132.274,883059
[CALIB_PROFILE] | 10.0 | | 10.0 **10.0**3187,508,0.409,334.909,335.318,883567
[CALIB_PROFILE] | 10.0 | | 10.0 **10.0**3188,508,0.414,336.017,336.431,884075
[CALIB_PROFILE] | 10.0 | | 10.0 **10.0**3189,508,0.412,336.383,336.795,884583
[CALIB_PROFILE] | 10.0 | | 10.0 **10.0**3190,508,0.419,334.329,334.748,885091
[CALIB_PROFILE] | 10.0 | | 10.0 **10.0**3191,508,0.413,336.221,336.635,885599
[CALIB_PROFILE] | 10.0 | | 10.0 **10.0**3192,508,0.410,337.867,338.278,886107
[CALIB_PROFILE] | 10.0 | | 10.0 **10.0**3193,508,0.417,336.110,336.527,886615
[CALIB_PROFILE] | 10.0 | | 10.0 **10.0**3194,37,0.419,58.176,58.595,886652
[CALIB_PROFILE] | 10.0 | | 10.0 **10.0**3195,35,0.416,57.147,57.563,886687
[CALIB_PROFILE] | 10.0 | | 10.0 **10.0**3196,508,0.413,335.107,335.521,887195
[CALIB_PROFILE] | 10.0 | | 10.0 **10.0**3197,508,0.405,338.348,338.753,887703
[CALIB_PROFILE] | 10.0 | | 10.0 **10.0**3198,508,0.422,337.192,337.614,888211
[CALIB_PROFILE] | 10.0 | | 10.0 **10.0**3199,508,0.409,336.719,337.128,888719
[CALIB_PROFILE] | 10.0 | | 10.0 **10.0**3200,508,0.419,338.281,338.699,889227
[CALIB_PROFILE] | 10.0 | | 10.0 **10.0**3201,508,0.423,337.362,337.786,889735
[CALIB_PROFILE] | 10.0 | | 10.0 **10.0**3202,508,0.419,337.521,337.940,890243
[CALIB_PROFILE] | 10.0 | | 10.0 **10.0**3203,508,0.408,336.907,337.315,890751
[CALIB_PROFILE] | 10.0 | | 10.0 **10.0**3204,370,0.445,262.481,262.926,891121
[CALIB_PROFILE] | 10.0 | | 10.0 **10.0**3205,508,0.409,334.448,334.857,891629
[CALIB_PROFILE] | 10.0 | | 10.0 **10.0**3206,508,0.405,336.826,337.231,892137
[CALIB_PROFILE] | 10.0 | | 10.0 **10.0**3207,508,0.411,336.387,336.797,892645
[CALIB_PROFILE] | 10.0 | | 10.0 **10.0**3208,508,0.409,336.347,336.757,893153
[CALIB_PROFILE] | 10.0 | | 10.0 **10.0**3209,508,0.411,337.379,337.790,893661
[CALIB_PROFILE] | 10.0 | | 10.0 **10.0**3210,508,0.413,334.147,334.560,894169
[CALIB_PROFILE] | 10.0 | | 10.0 **10.0**3211,508,0.408,336.579,336.987,894677
[CALIB_PROFILE] | 10.0 | | 10.0 **10.0**3212,508,0.406,337.370,337.777,895185
[CALIB_PROFILE] | 10.0 | | 10.0 **10.0**3213,508,0.409,335.522,335.932,895693
[CALIB_PROFILE] | 10.0 | | 10.0 **10.0**3214,405,0.408,280.799,281.208,896098
[CALIB_PROFILE] | 10.0 | | 10.0 **10.0**3215,508,0.406,336.611,337.018,896606
[CALIB_PROFILE] | 10.0 | | 10.0 **10.0**3216,508,0.418,336.405,336.823,897114
[CALIB_PROFILE] | 10.0 | | 10.0 **10.0**3217,508,0.408,336.898,337.306,897622
[CALIB_PROFILE] | 10.0 | | 10.0 **10.0**3218,508,0.414,336.493,336.907,898130
[CALIB_PROFILE] | 10.0 | | 10.0 **10.0**3219,508,0.414,336.734,337.149,898638
[CALIB_PROFILE] | 10.0 | | 10.0 **10.0**3220,508,0.415,336.227,336.643,899146
[CALIB_PROFILE] | 10.0 | | 10.0 **10.0**3221,508,0.410,335.988,336.399,899654
[CALIB_PROFILE] | 10.0 | | 10.0 **10.0**3222,508,0.417,336.644,337.061,900162
[CALIB_PROFILE] | 10.0 | | 10.0 **10.0**3223,508,0.417,337.820,338.238,900670
[CALIB_PROFILE] | 10.0 | | 10.0 **10.0**3224,508,0.408,337.189,337.597,901178
[CALIB_PROFILE] | 10.0 | | 10.0 **10.0**3225,508,0.421,337.376,337.797,901686
[CALIB_PROFILE] | 10.0 | | 10.0 **10.0**3226,508,0.423,335.504,335.927,902194
[CALIB_PROFILE] | 10.0 | | 10.0 **10.0**3227,508,0.414,337.056,337.470,902702
[CALIB_PROFILE] | 10.0 | | 10.0 **10.0**3228,508,0.413,335.671,336.084,903210
[CALIB_PROFILE] | 10.0 | | 10.0 **10.0**3229,508,0.410,336.835,337.245,903718
[CALIB_PROFILE] | 10.0 | | 10.0 **10.0**3230,508,0.414,338.647,339.061,904226
[CALIB_PROFILE] | 10.0 | | 10.0 **10.0**3231,508,0.419,336.269,336.689,904734
[CALIB_PROFILE] | 10.0 | | 10.0 **10.0**3232,481,0.410,321.559,321.970,905215
[CALIB_PROFILE] | 10.0 | | 10.0 **10.0**3233,508,0.410,336.055,336.465,905723
[CALIB_PROFILE] | 10.0 | | 10.0 **10.0**3234,508,0.415,338.251,338.666,906231
[CALIB_PROFILE] | 10.0 | | 10.0 **10.0**3235,508,0.411,337.632,338.043,906739
[CALIB_PROFILE] | 10.0 | | 10.0 **10.0**3236,508,0.426,336.204,336.631,907247
[CALIB_PROFILE] | 10.0 | | 10.0 **10.0**3237,508,0.417,337.771,338.188,907755
[CALIB_PROFILE] | 10.0 | | 10.0 **10.0**3238,508,0.408,334.924,335.332,908263
[CALIB_PROFILE] | 10.0 | | 10.0 **10.0**3239,481,0.416,322.640,323.057,908744
[CALIB_PROFILE] | 10.0 | | 10.0 **10.0**3240,508,0.423,336.891,337.315,909252
[CALIB_PROFILE] | 10.0 | | 10.0 **10.0**3241,42,0.406,60.511,60.918,909294
[CALIB_PROFILE] | 10.0 | | 10.0 **10.0**3242,50,0.406,64.123,64.530,909344
[CALIB_PROFILE] | 10.0 | | 10.0 **10.0**3243,1,0.413,4.461,4.874,909345
[CALIB_PROFILE] | 10.0 | | 10.0 **10.0**3244,13,0.417,47.080,47.498,909358
[CALIB_PROFILE] | 10.0 | | 10.0 **10.0**3245,3,0.412,9.391,9.803,909361
[CALIB_PROFILE] | 10.0 | | 10.0 **10.0**3246,54,0.413,65.899,66.313,909415
[CALIB_PROFILE] | 10.0 | | 10.0 **10.0**3247,128,0.414,101.574,101.987,909543
[CALIB_PROFILE] | 10.0 | | 10.0 **10.0**3248,1,0.409,4.465,4.874,909544
[CALIB_PROFILE] | 10.0 | | 10.0 **10.0**3249,3,0.419,9.429,9.848,909547
[CALIB_PROFILE] | 10.0 | | 10.0 **10.0**3250,3,0.409,9.435,9.844,909550
[CALIB_PROFILE] | 10.0 | | 10.0 **10.0**3251,408,0.405,280.183,280.588,909958
[CALIB_PROFILE] | 10.0 | | 10.0 **10.0**3252,3,0.411,9.448,9.860,909961
[CALIB_PROFILE] | 10.0 | | 10.0 **10.0**3253,207,0.409,143.003,143.412,910168
[CALIB_PROFILE] | 10.0 | | 10.0 **10.0**3254,1,0.421,4.528,4.949,910169
[CALIB_PROFILE] | 10.0 | | 10.0 **10.0**3255,3,0.421,9.421,9.842,910172
[CALIB_PROFILE] | 10.0 | | 10.0 **10.0**3256,59,0.416,68.363,68.780,910231
[CALIB_PROFILE] | 10.0 | | 10.0 **10.0**3257,3,0.406,9.414,9.820,910234
[CALIB_PROFILE] | 10.0 | | 10.0 **10.0**3258,29,0.409,54.293,54.702,910263
[CALIB_PROFILE] | 10.0 | | 10.0 **10.0**3259,42,0.409,60.377,60.786,910305
[CALIB_PROFILE] | 10.0 | | 10.0 **10.0**3260,17,0.414,48.891,49.306,910322
[CALIB_PROFILE] | 10.0 | | 10.0 **10.0**3261,42,0.407,60.333,60.740,910364
[CALIB_PROFILE] | 10.0 | | 10.0 **10.0**3262,27,0.413,53.382,53.795,910391
[CALIB_PROFILE] | 10.0 | | 10.0 **10.0**3263,17,0.408,48.860,49.268,910408
[CALIB_PROFILE] | 10.0 | | 10.0 **10.0**3264,3,0.409,9.420,9.829,910411
[CALIB_PROFILE] | 10.0 | | 10.0 **10.0**3265,45,0.410,61.780,62.190,910456
[CALIB_PROFILE] | 10.0 | | 10.0 **10.0**3266,1,0.407,4.455,4.863,910457
[CALIB_PROFILE] | 10.0 | | 10.0 **10.0**3267,6,0.421,43.945,44.366,910463
[CALIB_PROFILE] | 10.0 | | 10.0 **10.0**3268,26,0.418,52.909,53.328,910489
[CALIB_PROFILE] | 10.0 | | 10.0 **10.0**3269,14,0.413,47.502,47.915,910503
[CALIB_PROFILE] | 10.0 | | 10.0 **10.0**3270,34,0.407,56.707,57.114,910537
[CALIB_PROFILE] | 10.0 | | 10.0 **10.0**3271,48,0.412,63.117,63.529,910585
[CALIB_PROFILE] | 10.0 | | 10.0 **10.0**3272,61,0.411,69.156,69.566,910646
[CALIB_PROFILE] | 10.0 | | 10.0 **10.0**3273,51,0.418,64.531,64.949,910697
[CALIB_PROFILE] | 10.0 | | 10.0 **10.0**3274,18,0.410,49.299,49.709,910715
[CALIB_PROFILE] | 10.0 | | 10.0 **10.0**3275,87,0.410,81.406,81.815,910802
[CALIB_PROFILE] | 10.0 | | 10.0 **10.0**3276,29,0.412,54.275,54.687,910831
[CALIB_PROFILE] | 10.0 | | 10.0 **10.0**3277,79,0.407,77.532,77.939,910910
[CALIB_PROFILE] | 10.0 | | 10.0 **10.0**3278,62,0.411,69.543,69.955,910972
[CALIB_PROFILE] | 10.0 | | 10.0 **10.0**3279,31,0.411,55.223,55.634,911003
[CALIB_PROFILE] | 10.0 | | 10.0 **10.0**3280,29,0.406,54.288,54.694,911032
[CALIB_PROFILE] | 10.0 | | 10.0 **10.0**3281,25,0.407,52.426,52.834,911057
[CALIB_PROFILE] | 10.0 | | 10.0 **10.0**3282,30,0.405,54.787,55.193,911087
[CALIB_PROFILE] | 10.0 | | 10.0 **10.0**3283,57,0.406,67.302,67.709,911144
[CALIB_PROFILE] | 10.0 | | 10.0 **10.0**3284,25,0.424,52.543,52.967,911169
[CALIB_PROFILE] | 10.0 | | 10.0 **10.0**3285,1,0.419,4.456,4.876,911170
[CALIB_PROFILE] | 10.0 | | 10.0 **10.0**3286,3,0.438,9.455,9.893,911173
[CALIB_PROFILE] | 10.0 | | 10.0 **10.0**3287,89,0.417,82.288,82.705,911262
[CALIB_PROFILE] | 10.0 | | 10.0 **10.0**3288,5,0.413,43.566,43.979,911267
[CALIB_PROFILE] | 10.0 | | 10.0 **10.0**3289,112,0.407,93.584,93.991,911379
[CALIB_PROFILE] | 10.0 | | 10.0 **10.0**3290,3,0.407,9.440,9.848,911382
[CALIB_PROFILE] | 10.0 | | 10.0 **10.0**3291,15,0.409,48.010,48.419,911397
[CALIB_PROFILE] | 10.0 | | 10.0 **10.0**3292,11,0.423,46.179,46.602,911408
[CALIB_PROFILE] | 10.0 | | 10.0 **10.0**3293,12,0.408,46.581,46.989,911420
[CALIB_PROFILE] | 10.0 | | 10.0 **10.0**3294,94,0.405,84.739,85.144,911514
[CALIB_PROFILE] | 10.0 | | 10.0 **10.0**3295,1,0.421,4.466,4.888,911515
[CALIB_PROFILE] | 10.0 | | 10.0 **10.0**3296,4,0.420,42.979,43.400,911519
[CALIB_PROFILE] | 10.0 | | 10.0 **10.0**3297,168,0.414,121.459,121.873,911687
[CALIB_PROFILE] | 10.0 | | 10.0 **10.0**3298,1,0.414,4.496,4.911,911688
[CALIB_PROFILE] | 10.0 | | 10.0 **10.0**3299,6,0.428,43.938,44.367,911694
[CALIB_PROFILE] | 10.0 | | 10.0 **10.0**3300,56,0.408,66.821,67.229,911750
[CALIB_PROFILE] | 10.0 | | 10.0 **10.0**3301,35,0.408,57.173,57.582,911785
[CALIB_PROFILE] | 10.0 | | 10.0 **10.0**3302,53,0.415,65.418,65.832,911838
[CALIB_PROFILE] | 10.0 | | 10.0 **10.0**3303,81,0.413,78.396,78.809,911919
[CALIB_PROFILE] | 10.0 | | 10.0 **10.0**3304,45,0.416,61.762,62.178,911964
[CALIB_PROFILE] | 10.0 | | 10.0 **10.0**3305,46,0.413,62.217,62.630,912010
[CALIB_PROFILE] | 10.0 | | 10.0 **10.0**3306,1,0.408,4.465,4.874,912011
[CALIB_PROFILE] | 10.0 | | 10.0 **10.0**3307,3,0.422,9.439,9.861,912014
[CALIB_PROFILE] | 10.0 | | 10.0 **10.0**3308,9,0.410,45.274,45.684,912023
[CALIB_PROFILE] | 10.0 | | 10.0 **10.0**3309,7,0.415,44.280,44.696,912030
[CALIB_PROFILE] | 10.0 | | 10.0 **10.0**3310,7,0.410,44.299,44.709,912037
[CALIB_PROFILE] | 10.0 | | 10.0 **10.0**3311,8,0.407,44.786,45.193,912045
[CALIB_PROFILE] | 10.0 | | 10.0 **10.0**3312,7,0.403,44.310,44.713,912052
[CALIB_PROFILE] | 10.0 | | 10.0 **10.0**3313,20,0.416,50.190,50.606,912072
[CALIB_PROFILE] | 10.0 | | 10.0 **10.0**3314,10,0.411,45.628,46.039,912082
[CALIB_PROFILE] | 10.0 | | 10.0 **10.0**3315,1,0.414,4.463,4.877,912083
[CALIB_PROFILE] | 10.0 | | 10.0 **10.0**3316,3,0.427,9.422,9.849,912086
[CALIB_PROFILE] | 10.0 | | 10.0 **10.0**3317,68,0.416,72.362,72.778,912154
[CALIB_PROFILE] | 10.0 | | 10.0 **10.0**3318,1,0.407,4.482,4.890,912155
[CALIB_PROFILE] | 10.0 | | 10.0 **10.0**3319,3,0.419,9.422,9.841,912158
[CALIB_PROFILE] | 10.0 | | 10.0 **10.0**3320,93,0.410,83.929,84.340,912251
[CALIB_PROFILE] | 10.0 | | 10.0 **10.0**3321,62,0.408,69.558,69.966,912313
[CALIB_PROFILE] | 10.0 | | 10.0 **10.0**3322,1,0.408,4.452,4.860,912314
[CALIB_PROFILE] | 10.0 | | 10.0 **10.0**3323,9,0.415,45.246,45.661,912323
[CALIB_PROFILE] | 10.0 | | 10.0 **10.0**3324,508,0.420,334.028,334.449,912831
[CALIB_PROFILE] | 10.0 | | 10.0 **10.0**3325,508,0.409,335.778,336.188,913339
[CALIB_PROFILE] | 10.0 | | 10.0 **10.0**3326,508,0.415,336.933,337.348,913847
[CALIB_PROFILE] | 10.0 | | 10.0 **10.0**3327,508,0.414,334.639,335.053,914355
[CALIB_PROFILE] | 10.0 | | 10.0 **10.0**3328,508,0.409,336.280,336.689,914863
[CALIB_PROFILE] | 10.0 | | 10.0 **10.0**3329,508,0.420,337.280,337.701,915371
[CALIB_PROFILE] | 10.0 | | 10.0 **10.0**3330,508,0.418,336.055,336.473,915879
[CALIB_PROFILE] | 10.0 | | 10.0 **10.0**3331,50,0.419,64.052,64.471,915929
[CALIB_PROFILE] | 10.0 | | 10.0 **10.0**3332,36,0.415,57.595,58.010,915965
[CALIB_PROFILE] | 10.0 | | 10.0 **10.0**3333,508,0.418,335.208,335.626,916473
[CALIB_PROFILE] | 10.0 | | 10.0 **10.0**3334,508,0.417,335.772,336.189,916981
[CALIB_PROFILE] | 10.0 | | 10.0 **10.0**3335,57,0.408,67.424,67.832,917038
[CALIB_PROFILE] | 10.0 | | 10.0 **10.0**3336,508,0.455,334.966,335.421,917546
[CALIB_PROFILE] | 10.0 | | 10.0 **10.0**3337,508,0.412,336.715,337.127,918054
[CALIB_PROFILE] | 10.0 | | 10.0 **10.0**3338,30,0.417,54.729,55.146,918084
[CALIB_PROFILE] | 10.0 | | 10.0 **10.0**3339,72,0.413,74.160,74.573,918156
[CALIB_PROFILE] | 10.0 | | 10.0 **10.0**3340,508,0.406,335.297,335.702,918664
[CALIB_PROFILE] | 10.0 | | 10.0 **10.0**3341,508,0.408,336.683,337.091,919172
[CALIB_PROFILE] | 10.0 | | 10.0 **10.0**3342,508,0.408,334.638,335.046,919680
[CALIB_PROFILE] | 10.0 | | 10.0 **10.0**3343,508,0.406,335.354,335.759,920188
[CALIB_PROFILE] | 10.0 | | 10.0 **10.0**3344,508,0.407,334.668,335.076,920696
[CALIB_PROFILE] | 10.0 | | 10.0 **10.0**3345,408,0.405,280.595,281.000,921104
[CALIB_PROFILE] | 10.0 | | 10.0 **10.0**3346,508,0.405,335.977,336.382,921612
[CALIB_PROFILE] | 10.0 | | 10.0 **10.0**3347,508,0.413,334.393,334.806,922120
[CALIB_PROFILE] | 10.0 | | 10.0 **10.0**3348,508,0.406,334.744,335.150,922628
[CALIB_PROFILE] | 10.0 | | 10.0 **10.0**3349,508,0.412,335.043,335.455,923136
[CALIB_PROFILE] | 10.0 | | 10.0 **10.0**3350,508,0.412,335.517,335.930,923644
[CALIB_PROFILE] | 10.0 | | 10.0 **10.0**3351,508,0.414,334.973,335.387,924152
[CALIB_PROFILE] | 10.0 | | 10.0 **10.0**3352,457,0.408,308.050,308.457,924609
[CALIB_PROFILE] | 10.0 | | 10.0 **10.0**3353,508,0.413,335.130,335.543,925117
[CALIB_PROFILE] | 10.0 | | 10.0 **10.0**3354,508,0.407,335.387,335.795,925625
[CALIB_PROFILE] | 10.0 | | 10.0 **10.0**3355,508,0.406,334.718,335.124,926133
[CALIB_PROFILE] | 10.0 | | 10.0 **10.0**3356,426,0.410,289.904,290.315,926559
[CALIB_PROFILE] | 10.0 | | 10.0 **10.0**3357,14,0.428,47.542,47.970,926573
[CALIB_PROFILE] | 10.0 | | 10.0 **10.0**3358,19,0.411,49.754,50.165,926592
[CALIB_PROFILE] | 10.0 | | 10.0 **10.0**3359,4,0.405,42.945,43.350,926596
[CALIB_PROFILE] | 10.0 | | 10.0 **10.0**3360,120,0.406,97.285,97.691,926716
[CALIB_PROFILE] | 10.0 | | 10.0 **10.0**3361,1,0.417,4.502,4.919,926717
[CALIB_PROFILE] | 10.0 | | 10.0 **10.0**3362,6,0.417,43.948,44.366,926723
[CALIB_PROFILE] | 10.0 | | 10.0 **10.0**3363,77,0.406,76.671,77.078,926800
[CALIB_PROFILE] | 10.0 | | 10.0 **10.0**3364,74,0.404,75.253,75.657,926874
[CALIB_PROFILE] | 10.0 | | 10.0 **10.0**3365,47,0.408,62.712,63.121,926921
[CALIB_PROFILE] | 10.0 | | 10.0 **10.0**3366,1,0.405,4.454,4.859,926922
[CALIB_PROFILE] | 10.0 | | 10.0 **10.0**3367,8,0.419,44.845,45.264,926930
[CALIB_PROFILE] | 10.0 | | 10.0 **10.0**3368,95,0.405,84.961,85.366,927025
[CALIB_PROFILE] | 10.0 | | 10.0 **10.0**3369,1,0.426,4.504,4.930,927026
[CALIB_PROFILE] | 10.0 | | 10.0 **10.0**3370,7,0.431,44.382,44.813,927033
[CALIB_PROFILE] | 10.0 | | 10.0 **10.0**3371,42,0.416,60.318,60.734,927075
[CALIB_PROFILE] | 10.0 | | 10.0 **10.0**3372,38,0.405,58.402,58.807,927113
[CALIB_PROFILE] | 10.0 | | 10.0 **10.0**3373,80,0.407,77.888,78.296,927193
[CALIB_PROFILE] | 10.0 | | 10.0 **10.0**3374,24,0.407,52.042,52.449,927217
[CALIB_PROFILE] | 10.0 | | 10.0 **10.0**3375,508,0.409,335.045,335.454,927725
[CALIB_PROFILE] | 10.0 | | 10.0 **10.0**3376,508,0.405,336.054,336.460,928233
[CALIB_PROFILE] | 10.0 | | 10.0 **10.0**3377,508,0.433,337.123,337.556,928741
[CALIB_PROFILE] | 10.0 | | 10.0 **10.0**3378,508,0.407,334.657,335.065,929249
[CALIB_PROFILE] | 10.0 | | 10.0 **10.0**3379,508,0.406,336.319,336.725,929757
[CALIB_PROFILE] | 10.0 | | 10.0 **10.0**3380,508,0.407,337.057,337.464,930265
[CALIB_PROFILE] | 10.0 | | 10.0 **10.0**3381,508,0.412,336.120,336.532,930773
[CALIB_PROFILE] | 10.0 | | 10.0 **10.0**3382,508,0.418,337.857,338.275,931281
[CALIB_PROFILE] | 10.0 | | 10.0 **10.0**3383,34,0.413,56.880,57.293,931315
[CALIB_PROFILE] | 10.0 | | 10.0 **10.0**3384,508,0.410,337.007,337.417,931823
[CALIB_PROFILE] | 10.0 | | 10.0 **10.0**3385,330,0.408,242.442,242.851,932153
[CALIB_PROFILE] | 10.0 | | 10.0 **10.0**3386,508,0.414,336.180,336.593,932661
[CALIB_PROFILE] | 10.0 | | 10.0 **10.0**3387,17,0.408,48.929,49.337,932678
[CALIB_PROFILE] | 10.0 | | 10.0 **10.0**3388,25,0.404,52.483,52.887,932703
[CALIB_PROFILE] | 10.0 | | 10.0 **10.0**3389,508,0.403,335.665,336.068,933211
[CALIB_PROFILE] | 10.0 | | 10.0 **10.0**3390,508,0.406,336.902,337.309,933719
[CALIB_PROFILE] | 10.0 | | 10.0 **10.0**3391,21,0.403,50.648,51.051,933740
[CALIB_PROFILE] | 10.0 | | 10.0 **10.0**3392,3,0.409,9.377,9.786,933743
[CALIB_PROFILE] | 10.0 | | 10.0 **10.0**3393,116,0.405,95.380,95.786,933859
[CALIB_PROFILE] | 10.0 | | 10.0 **10.0**3394,10,0.406,45.738,46.144,933869
[CALIB_PROFILE] | 10.0 | | 10.0 **10.0**3395,19,0.408,49.787,50.195,933888
[CALIB_PROFILE] | 10.0 | | 10.0 **10.0**3396,39,0.420,58.987,59.408,933927
[CALIB_PROFILE] | 10.0 | | 10.0 **10.0**3397,33,0.404,56.241,56.645,933960
[CALIB_PROFILE] | 10.0 | | 10.0 **10.0**3398,2,0.407,7.454,7.862,933962
[CALIB_PROFILE] | 10.0 | | 10.0 **10.0**3399,19,0.406,49.785,50.191,933981
[CALIB_PROFILE] | 10.0 | | 10.0 **10.0**3400,58,0.410,67.742,68.153,934039
[CALIB_PROFILE] | 10.0 | | 10.0 **10.0**3401,5,0.416,43.452,43.868,934044
[CALIB_PROFILE] | 10.0 | | 10.0 **10.0**3402,41,0.415,59.938,60.354,934085
[CALIB_PROFILE] | 10.0 | | 10.0 **10.0**3403,508,0.412,335.383,335.795,934593
[CALIB_PROFILE] | 10.0 | | 10.0 **10.0**3404,508,0.414,335.554,335.968,935101
[CALIB_PROFILE] | 10.0 | | 10.0 **10.0**3405,508,0.411,336.653,337.064,935609
[CALIB_PROFILE] | 10.0 | | 10.0 **10.0**3406,508,0.407,334.529,334.937,936117
[CALIB_PROFILE] | 10.0 | | 10.0 **10.0**3407,508,0.454,336.252,336.705,936625
[CALIB_PROFILE] | 10.0 | | 10.0 **10.0**3408,508,0.410,337.324,337.735,937133
[CALIB_PROFILE] | 10.0 | | 10.0 **10.0**3409,508,0.407,336.360,336.768,937641
[CALIB_PROFILE] | 10.0 | | 10.0 **10.0**3410,15,0.403,47.914,48.317,937656
[CALIB_PROFILE] | 10.0 | | 10.0 **10.0**3411,508,0.411,335.331,335.742,938164
[CALIB_PROFILE] | 10.0 | | 10.0 **10.0**3412,81,0.404,78.568,78.972,938245
[CALIB_PROFILE] | 10.0 | | 10.0 **10.0**3413,489,0.402,326.000,326.402,938734
[CALIB_PROFILE] | 10.0 | | 10.0 **10.0**3414,508,0.411,335.338,335.750,939242
[CALIB_PROFILE] | 10.0 | | 10.0 **10.0**3415,503,0.409,333.185,333.594,939745
[CALIB_PROFILE] | 10.0 | | 10.0 **10.0**3416,508,0.406,335.565,335.971,940253
[CALIB_PROFILE] | 10.0 | | 10.0 **10.0**3417,508,0.406,336.498,336.904,940761
[CALIB_PROFILE] | 10.0 | | 10.0 **10.0**3418,508,0.445,336.751,337.196,941269
[CALIB_PROFILE] | 10.0 | | 10.0 **10.0**3419,508,0.417,336.541,336.958,941777
[CALIB_PROFILE] | 10.0 | | 10.0 **10.0**3420,508,0.425,334.465,334.891,942285
[CALIB_PROFILE] | 10.0 | | 10.0 **10.0**3421,508,0.428,336.536,336.964,942793
[CALIB_PROFILE] | 10.0 | | 10.0 **10.0**3422,508,0.415,336.416,336.832,943301
[CALIB_PROFILE] | 10.0 | | 10.0 **10.0**3423,508,0.416,336.765,337.181,943809
[CALIB_PROFILE] | 10.0 | | 10.0 **10.0**3424,508,0.413,336.133,336.547,944317
[CALIB_PROFILE] | 10.0 | | 10.0 **10.0**3425,49,0.413,63.534,63.947,944366
[CALIB_PROFILE] | 10.0 | | 10.0 **10.0**3426,508,0.411,335.038,335.449,944874
[CALIB_PROFILE] | 10.0 | | 10.0 **10.0**3427,44,0.411,61.293,61.704,944918
[CALIB_PROFILE] | 10.0 | | 10.0 **10.0**3428,18,0.414,49.268,49.682,944936
[CALIB_PROFILE] | 10.0 | | 10.0 **10.0**3429,1,0.406,4.419,4.825,944937
[CALIB_PROFILE] | 10.0 | | 10.0 **10.0**3430,8,0.426,44.789,45.215,944945
[CALIB_PROFILE] | 10.0 | | 10.0 **10.0**3431,62,0.407,69.569,69.976,945007
[CALIB_PROFILE] | 10.0 | | 10.0 **10.0**3432,119,0.415,96.723,97.138,945126
[CALIB_PROFILE] | 10.0 | | 10.0 **10.0**3433,95,0.422,85.027,85.449,945221
[CALIB_PROFILE] | 10.0 | | 10.0 **10.0**3434,108,0.407,91.181,91.589,945329
[CALIB_PROFILE] | 10.0 | | 10.0 **10.0**3435,1,0.407,4.469,4.876,945330
[CALIB_PROFILE] | 10.0 | | 10.0 **10.0**3436,13,0.419,47.054,47.473,945343
[CALIB_PROFILE] | 10.0 | | 10.0 **10.0**3437,67,0.416,71.989,72.406,945410
[CALIB_PROFILE] | 10.0 | | 10.0 **10.0**3438,50,0.402,64.127,64.530,945460
[CALIB_PROFILE] | 10.0 | | 10.0 **10.0**3439,70,0.414,73.283,73.697,945530
[CALIB_PROFILE] | 10.0 | | 10.0 **10.0**3440,1,0.408,4.478,4.886,945531
[CALIB_PROFILE] | 10.0 | | 10.0 **10.0**3441,121,0.412,97.861,98.273,945652
[CALIB_PROFILE] | 10.0 | | 10.0 **10.0**3442,15,0.414,47.938,48.352,945667
[CALIB_PROFILE] | 10.0 | | 10.0 **10.0**3443,26,0.411,52.886,53.297,945693
[CALIB_PROFILE] | 10.0 | | 10.0 **10.0**3444,508,0.406,335.177,335.583,946201
[CALIB_PROFILE] | 10.0 | | 10.0 **10.0**3445,508,0.406,336.696,337.102,946709
[CALIB_PROFILE] | 10.0 | | 10.0 **10.0**3446,508,0.407,337.620,338.027,947217
[CALIB_PROFILE] | 10.0 | | 10.0 **10.0**3447,508,0.410,335.236,335.646,947725
[CALIB_PROFILE] | 10.0 | | 10.0 **10.0**3448,508,0.409,336.587,336.996,948233
[CALIB_PROFILE] | 10.0 | | 10.0 **10.0**3449,508,0.409,337.162,337.571,948741
[CALIB_PROFILE] | 10.0 | | 10.0 **10.0**3450,508,0.404,335.789,336.194,949249
[CALIB_PROFILE] | 10.0 | | 10.0 **10.0**3451,59,0.411,68.150,68.561,949308
[CALIB_PROFILE] | 10.0 | | 10.0 **10.0**3452,508,0.410,335.772,336.182,949816
[CALIB_PROFILE] | 10.0 | | 10.0 **10.0**3453,494,0.404,327.085,327.490,950310
[CALIB_PROFILE] | 10.0 | | 10.0 **10.0**3454,508,0.411,335.499,335.910,950818
[CALIB_PROFILE] | 10.0 | | 10.0 **10.0**3455,508,0.410,336.721,337.131,951326
[CALIB_PROFILE] | 10.0 | | 10.0 **10.0**3456,64,0.412,70.584,70.996,951390
[CALIB_PROFILE] | 10.0 | | 10.0 **10.0**3457,242,0.403,161.872,162.276,951632
[CALIB_PROFILE] | 10.0 | | 10.0 **10.0**3458,418,0.406,286.248,286.654,952050
[CALIB_PROFILE] | 10.0 | | 10.0 **10.0**3459,508,0.427,336.223,336.650,952558
[CALIB_PROFILE] | 10.0 | | 10.0 **10.0**3460,508,0.411,337.110,337.521,953066
[CALIB_PROFILE] | 10.0 | | 10.0 **10.0**3461,508,0.442,335.048,335.490,953574
[CALIB_PROFILE] | 10.0 | | 10.0 **10.0**3462,508,0.408,334.690,335.098,954082
[CALIB_PROFILE] | 10.0 | | 10.0 **10.0**3463,2,0.413,7.489,7.903,954084
[CALIB_PROFILE] | 10.0 | | 10.0 **10.0**3464,4,0.412,42.911,43.323,954088
[CALIB_PROFILE] | 10.0 | | 10.0 **10.0**3465,59,0.410,68.115,68.526,954147
[CALIB_PROFILE] | 10.0 | | 10.0 **10.0**3466,48,0.408,63.213,63.621,954195
[CALIB_PROFILE] | 10.0 | | 10.0 **10.0**3467,36,0.409,57.522,57.931,954231
[CALIB_PROFILE] | 10.0 | | 10.0 **10.0**3468,74,0.404,75.131,75.535,954305
[CALIB_PROFILE] | 10.0 | | 10.0 **10.0**3469,8,0.409,44.779,45.188,954313
[CALIB_PROFILE] | 10.0 | | 10.0 **10.0**3470,56,0.406,66.774,67.180,954369
[CALIB_PROFILE] | 10.0 | | 10.0 **10.0**3471,3,0.402,9.367,9.769,954372
[CALIB_PROFILE] | 10.0 | | 10.0 **10.0**3472,45,0.411,61.822,62.234,954417
[CALIB_PROFILE] | 10.0 | | 10.0 **10.0**3473,36,0.402,57.535,57.937,954453
[CALIB_PROFILE] | 10.0 | | 10.0 **10.0**3474,508,0.411,335.254,335.665,954961
[CALIB_PROFILE] | 10.0 | | 10.0 **10.0**3475,508,0.455,335.347,335.802,955469
[CALIB_PROFILE] | 10.0 | | 10.0 **10.0**3476,508,0.415,336.464,336.879,955977
[CALIB_PROFILE] | 10.0 | | 10.0 **10.0**3477,508,0.407,334.268,334.675,956485
[CALIB_PROFILE] | 10.0 | | 10.0 **10.0**3478,508,0.413,336.503,336.916,956993
[CALIB_PROFILE] | 10.0 | | 10.0 **10.0**3479,508,0.414,337.438,337.852,957501
[CALIB_PROFILE] | 10.0 | | 10.0 **10.0**3480,508,0.418,336.353,336.771,958009
[CALIB_PROFILE] | 10.0 | | 10.0 **10.0**3481,23,0.413,51.623,52.036,958032
[CALIB_PROFILE] | 10.0 | | 10.0 **10.0**3482,56,0.414,66.832,67.246,958088
[CALIB_PROFILE] | 10.0 | | 10.0 **10.0**3483,508,0.404,333.378,333.782,958596
[CALIB_PROFILE] | 10.0 | | 10.0 **10.0**3484,47,0.412,62.794,63.207,958643
[CALIB_PROFILE] | 10.0 | | 10.0 **10.0**3485,31,0.404,55.187,55.591,958674
[CALIB_PROFILE] | 10.0 | | 10.0 **10.0**3486,31,0.409,55.210,55.619,958705
[CALIB_PROFILE] | 10.0 | | 10.0 **10.0**3487,60,0.400,68.636,69.036,958765
[CALIB_PROFILE] | 10.0 | | 10.0 **10.0**3488,16,0.404,48.412,48.817,958781
[CALIB_PROFILE] | 10.0 | | 10.0 **10.0**3489,97,0.410,86.068,86.478,958878
[CALIB_PROFILE] | 10.0 | | 10.0 **10.0**3490,508,0.408,334.850,335.259,959386
[CALIB_PROFILE] | 10.0 | | 10.0 **10.0**3491,13,0.415,47.011,47.426,959399
[CALIB_PROFILE] | 10.0 | | 10.0 **10.0**3492,508,0.403,335.375,335.779,959907
[CALIB_PROFILE] | 10.0 | | 10.0 **10.0**3493,93,0.406,83.996,84.402,960000
[CALIB_PROFILE] | 10.0 | | 10.0 **10.0**3494,508,0.406,336.029,336.435,960508
[CALIB_PROFILE] | 10.0 | | 10.0 **10.0**3495,16,0.405,48.354,48.760,960524
[CALIB_PROFILE] | 10.0 | | 10.0 **10.0**3496,508,0.440,336.947,337.387,961032
[CALIB_PROFILE] | 10.0 | | 10.0 **10.0**3497,43,0.412,60.942,61.353,961075
[CALIB_PROFILE] | 10.0 | | 10.0 **10.0**3498,118,0.413,96.360,96.773,961193
[CALIB_PROFILE] | 10.0 | | 10.0 **10.0**3499,508,0.403,334.464,334.868,961701
[CALIB_PROFILE] | 10.0 | | 10.0 **10.0**3500,31,0.407,55.225,55.633,961732
[CALIB_PROFILE] | 10.0 | | 10.0 **10.0**3501,508,0.412,335.323,335.735,962240
[CALIB_PROFILE] | 10.0 | | 10.0 **10.0**3502,200,0.412,139.333,139.745,962440
[CALIB_PROFILE] | 10.0 | | 10.0 **10.0**3503,508,0.408,334.835,335.244,962948
[CALIB_PROFILE] | 10.0 | | 10.0 **10.0**3504,54,0.415,66.015,66.431,963002
[CALIB_PROFILE] | 10.0 | | 10.0 **10.0**3505,508,0.407,333.925,334.332,963510
[CALIB_PROFILE] | 10.0 | | 10.0 **10.0**3506,84,0.403,80.144,80.547,963594
[CALIB_PROFILE] | 10.0 | | 10.0 **10.0**3507,23,0.403,51.606,52.010,963617
[CALIB_PROFILE] | 10.0 | | 10.0 **10.0**3508,6,0.404,43.857,44.261,963623
[CALIB_PROFILE] | 10.0 | | 10.0 **10.0**3509,177,0.408,126.772,127.180,963800
[CALIB_PROFILE] | 10.0 | | 10.0 **10.0**3510,6,0.405,43.886,44.291,963806
[CALIB_PROFILE] | 10.0 | | 10.0 **10.0**3511,41,0.406,59.883,60.289,963847
[CALIB_PROFILE] | 10.0 | | 10.0 **10.0**3512,31,0.407,55.174,55.581,963878
[CALIB_PROFILE] | 10.0 | | 10.0 **10.0**3513,30,0.410,54.738,55.149,963908
[CALIB_PROFILE] | 10.0 | | 10.0 **10.0**3514,42,0.414,60.385,60.799,963950
[CALIB_PROFILE] | 10.0 | | 10.0 **10.0**3515,25,0.410,52.440,52.850,963975
[CALIB_PROFILE] | 10.0 | | 10.0 **10.0**3516,24,0.402,52.002,52.404,963999
[CALIB_PROFILE] | 10.0 | | 10.0 **10.0**3517,4,0.411,42.889,43.300,964003
[CALIB_PROFILE] | 10.0 | | 10.0 **10.0**3518,93,0.406,84.039,84.445,964096
[CALIB_PROFILE] | 10.0 | | 10.0 **10.0**3519,6,0.410,43.877,44.287,964102
[CALIB_PROFILE] | 10.0 | | 10.0 **10.0**3520,21,0.405,50.552,50.958,964123
[CALIB_PROFILE] | 10.0 | | 10.0 **10.0**3521,28,0.407,53.797,54.204,964151
[CALIB_PROFILE] | 10.0 | | 10.0 **10.0**3522,19,0.405,49.698,50.103,964170
[CALIB_PROFILE] | 10.0 | | 10.0 **10.0**3523,58,0.403,67.686,68.090,964228
[CALIB_PROFILE] | 10.0 | | 10.0 **10.0**3524,28,0.406,53.782,54.188,964256
[CALIB_PROFILE] | 10.0 | | 10.0 **10.0**3525,508,0.409,335.184,335.593,964764
[CALIB_PROFILE] | 10.0 | | 10.0 **10.0**3526,508,0.406,335.064,335.470,965272
[CALIB_PROFILE] | 10.0 | | 10.0 **10.0**3527,508,0.409,337.040,337.450,965780
[CALIB_PROFILE] | 10.0 | | 10.0 **10.0**3528,508,0.449,335.093,335.543,966288
[CALIB_PROFILE] | 10.0 | | 10.0 **10.0**3529,508,0.413,336.491,336.905,966796
[CALIB_PROFILE] | 10.0 | | 10.0 **10.0**3530,508,0.450,336.295,336.746,967304
[CALIB_PROFILE] | 10.0 | | 10.0 **10.0**3531,508,0.408,335.619,336.027,967812
[CALIB_PROFILE] | 10.0 | | 10.0 **10.0**3532,59,0.406,68.353,68.760,967871
[CALIB_PROFILE] | 10.0 | | 10.0 **10.0**3533,52,0.407,64.918,65.325,967923
[CALIB_PROFILE] | 10.0 | | 10.0 **10.0**3534,508,0.407,336.369,336.776,968431
[CALIB_PROFILE] | 10.0 | | 10.0 **10.0**3535,53,0.410,65.357,65.768,968484
[CALIB_PROFILE] | 10.0 | | 10.0 **10.0**3536,508,0.409,335.669,336.078,968992
[CALIB_PROFILE] | 10.0 | | 10.0 **10.0**3537,69,0.407,72.888,73.295,969061
[CALIB_PROFILE] | 10.0 | | 10.0 **10.0**3538,508,0.401,335.327,335.728,969569
[CALIB_PROFILE] | 10.0 | | 10.0 **10.0**3539,157,0.408,116.837,117.245,969726
[CALIB_PROFILE] | 10.0 | | 10.0 **10.0**3540,508,0.418,335.753,336.171,970234
[CALIB_PROFILE] | 10.0 | | 10.0 **10.0**3541,508,0.414,335.925,336.339,970742
[CALIB_PROFILE] | 10.0 | | 10.0 **10.0**3542,508,0.405,336.634,337.039,971250
[CALIB_PROFILE] | 10.0 | | 10.0 **10.0**3543,32,0.413,55.653,56.066,971282
[CALIB_PROFILE] | 10.0 | | 10.0 **10.0**3544,508,0.407,335.007,335.415,971790
[CALIB_PROFILE] | 10.0 | | 10.0 **10.0**3545,508,0.407,335.466,335.873,972298
[CALIB_PROFILE] | 10.0 | | 10.0 **10.0**3546,508,0.407,336.670,337.077,972806
[CALIB_PROFILE] | 10.0 | | 10.0 **10.0**3547,26,0.413,53.100,53.514,972832
[CALIB_PROFILE] | 10.0 | | 10.0 **10.0**3548,378,0.433,265.557,265.990,973210
[CALIB_PROFILE] | 10.0 | | 10.0 **10.0**3549,508,0.405,335.918,336.323,973718
[CALIB_PROFILE] | 10.0 | | 10.0 **10.0**3550,508,0.411,336.321,336.732,974226
[CALIB_PROFILE] | 10.0 | | 10.0 **10.0**3551,508,0.407,335.776,336.183,974734
[CALIB_PROFILE] | 10.0 | | 10.0 **10.0**3552,508,0.405,334.028,334.433,975242
[CALIB_PROFILE] | 10.0 | | 10.0 **10.0**3553,508,0.409,337.022,337.431,975750
[CALIB_PROFILE] | 10.0 | | 10.0 **10.0**3554,508,0.409,336.386,336.795,976258
[CALIB_PROFILE] | 10.0 | | 10.0 **10.0**3555,473,0.410,316.881,317.291,976731
[CALIB_PROFILE] | 10.0 | | 10.0 **10.0**3556,508,0.405,334.185,334.589,977239
[CALIB_PROFILE] | 10.0 | | 10.0 **10.0**3557,508,0.408,337.449,337.857,977747
[CALIB_PROFILE] | 10.0 | | 10.0 **10.0**3558,508,0.405,337.292,337.696,978255
[CALIB_PROFILE] | 10.0 | | 10.0 **10.0**3559,508,0.412,337.482,337.895,978763
[CALIB_PROFILE] | 10.0 | | 10.0 **10.0**3560,508,0.412,336.286,336.699,979271
[CALIB_PROFILE] | 10.0 | | 10.0 **10.0**3561,86,0.403,80.695,81.098,979357
[CALIB_PROFILE] | 10.0 | | 10.0 **10.0**3562,21,0.405,50.674,51.079,979378
[CALIB_PROFILE] | 10.0 | | 10.0 **10.0**3563,4,0.407,42.872,43.279,979382
[CALIB_PROFILE] | 10.0 | | 10.0 **10.0**3564,17,0.407,48.810,49.218,979399
[CALIB_PROFILE] | 10.0 | | 10.0 **10.0**3565,102,0.402,88.502,88.904,979501
[CALIB_PROFILE] | 10.0 | | 10.0 **10.0**3566,4,0.417,42.930,43.347,979505
[CALIB_PROFILE] | 10.0 | | 10.0 **10.0**3567,12,0.403,46.576,46.980,979517
[CALIB_PROFILE] | 10.0 | | 10.0 **10.0**3568,49,0.402,63.581,63.984,979566
[CALIB_PROFILE] | 10.0 | | 10.0 **10.0**3569,56,0.403,66.770,67.174,979622
[CALIB_PROFILE] | 10.0 | | 10.0 **10.0**3570,8,0.408,44.778,45.186,979630
[CALIB_PROFILE] | 10.0 | | 10.0 **10.0**3571,12,0.409,46.535,46.943,979642
[CALIB_PROFILE] | 10.0 | | 10.0 **10.0**3572,78,0.408,77.117,77.525,979720
[CALIB_PROFILE] | 10.0 | | 10.0 **10.0**3573,14,0.401,47.535,47.936,979734
[CALIB_PROFILE] | 10.0 | | 10.0 **10.0**3574,6,0.405,43.877,44.282,979740
[CALIB_PROFILE] | 10.0 | | 10.0 **10.0**3575,133,0.400,104.040,104.446,979873
[CALIB_PROFILE] | 10.0 | | 10.0 **10.0**3576,3,0.428,9.388,9.816,979876
[CALIB_PROFILE] | 10.0 | | 10.0 **10.0**3577,129,0.410,102.049,102.460,980005
[CALIB_PROFILE] | 10.0 | | 10.0 **10.0**3578,57,0.414,67.259,67.673,980062
[CALIB_PROFILE] | 10.0 | | 10.0 **10.0**3579,34,0.411,56.763,57.175,980096
[CALIB_PROFILE] | 10.0 | | 10.0 **10.0**3580,508,0.405,335.225,335.630,980604
[CALIB_PROFILE] | 10.0 | | 10.0 **10.0**3581,508,0.411,335.762,336.174,981112
[CALIB_PROFILE] | 10.0 | | 10.0 **10.0**3582,508,0.406,336.934,337.340,981620
[CALIB_PROFILE] | 10.0 | | 10.0 **10.0**3583,508,0.410,334.752,335.162,982128
[CALIB_PROFILE] | 10.0 | | 10.0 **10.0**3584,508,0.414,335.799,336.214,982636
[CALIB_PROFILE] | 10.0 | | 10.0 **10.0**3585,508,0.430,336.840,337.270,983144
[CALIB_PROFILE] | 10.0 | | 10.0 **10.0**3586,508,0.405,336.409,336.814,983652
[CALIB_PROFILE] | 10.0 | | 10.0 **10.0**3587,45,0.411,61.920,62.332,983697
[CALIB_PROFILE] | 10.0 | | 10.0 **10.0**3588,44,0.409,61.273,61.683,983741
[CALIB_PROFILE] | 10.0 | | 10.0 **10.0**3589,34,0.412,56.720,57.132,983775
[CALIB_PROFILE] | 10.0 | | 10.0 **10.0**3590,36,0.403,57.542,57.946,983811
[CALIB_PROFILE] | 10.0 | | 10.0 **10.0**3591,508,0.407,336.932,337.339,984319
[CALIB_PROFILE] | 10.0 | | 10.0 **10.0**3592,508,0.412,336.833,337.246,984827
[CALIB_PROFILE] | 10.0 | | 10.0 **10.0**3593,508,0.413,338.158,338.570,985335
[CALIB_PROFILE] | 10.0 | | 10.0 **10.0**3594,508,0.411,337.017,337.428,985843
[CALIB_PROFILE] | 10.0 | | 10.0 **10.0**3595,508,0.416,336.789,337.205,986351
[CALIB_PROFILE] | 10.0 | | 10.0 **10.0**3596,508,0.412,336.922,337.335,986859
[CALIB_PROFILE] | 10.0 | | 10.0 **10.0**3597,508,0.411,336.512,336.923,987367
[CALIB_PROFILE] | 10.0 | | 10.0 **10.0**3598,508,0.410,337.701,338.110,987875
[CALIB_PROFILE] | 10.0 | | 10.0 **10.0**3599,436,0.412,296.932,297.345,988311
[CALIB_PROFILE] | 10.0 | | 10.0 **10.0**3600,508,0.407,336.347,336.755,988819
[CALIB_PROFILE] | 10.0 | | 10.0 **10.0**3601,140,0.406,107.930,108.336,988959
[CALIB_PROFILE] | 10.0 | | 10.0 **10.0**3602,54,0.412,65.899,66.311,989013
[CALIB_PROFILE] | 10.0 | | 10.0 **10.0**3603,66,0.409,71.245,71.655,989079
[CALIB_PROFILE] | 10.0 | | 10.0 **10.0**3604,22,0.410,51.176,51.587,989101
[CALIB_PROFILE] | 10.0 | | 10.0 **10.0**3605,63,0.403,70.032,70.436,989164
[CALIB_PROFILE] | 10.0 | | 10.0 **10.0**3606,22,0.409,51.160,51.568,989186
[CALIB_PROFILE] | 10.0 | | 10.0 **10.0**3607,14,0.405,47.506,47.911,989200
[CALIB_PROFILE] | 10.0 | | 10.0 **10.0**3608,508,0.407,336.068,336.475,989708
[CALIB_PROFILE] | 10.0 | | 10.0 **10.0**3609,508,0.418,334.438,334.856,990216
[CALIB_PROFILE] | 10.0 | | 10.0 **10.0**3610,508,0.413,334.716,335.129,990724
[CALIB_PROFILE] | 10.0 | | 10.0 **10.0**3611,508,0.411,334.598,335.010,991232
[CALIB_PROFILE] | 10.0 | | 10.0 **10.0**3612,508,0.409,336.166,336.575,991740
[CALIB_PROFILE] | 10.0 | | 10.0 **10.0**3613,45,0.407,61.794,62.201,991785
[CALIB_PROFILE] | 10.0 | | 10.0 **10.0**3614,508,0.406,335.871,336.277,992293
[CALIB_PROFILE] | 10.0 | | 10.0 **10.0**3615,77,0.408,76.593,77.001,992370
[CALIB_PROFILE] | 10.0 | | 10.0 **10.0**3616,52,0.430,64.980,65.410,992422
[CALIB_PROFILE] | 10.0 | | 10.0 **10.0**3617,7,0.411,44.322,44.733,992429
[CALIB_PROFILE] | 10.0 | | 10.0 **10.0**3618,99,0.408,86.983,87.391,992528
[CALIB_PROFILE] | 10.0 | | 10.0 **10.0**3619,23,0.416,51.634,52.051,992551
[CALIB_PROFILE] | 10.0 | | 10.0 **10.0**3620,4,0.414,42.939,43.353,992555
[CALIB_PROFILE] | 10.0 | | 10.0 **10.0**3621,43,0.418,60.824,61.242,992598
[CALIB_PROFILE] | 10.0 | | 10.0 **10.0**3622,508,0.406,335.680,336.086,993106
[CALIB_PROFILE] | 10.0 | | 10.0 **10.0**3623,508,0.442,336.469,336.912,993614
[CALIB_PROFILE] | 10.0 | | 10.0 **10.0**3624,164,0.406,120.577,120.984,993778
[CALIB_PROFILE] | 10.0 | | 10.0 **10.0**3625,508,0.405,336.165,336.570,994286
[CALIB_PROFILE] | 10.0 | | 10.0 **10.0**3626,508,0.410,335.620,336.031,994794
[CALIB_PROFILE] | 10.0 | | 10.0 **10.0**3627,508,0.425,335.338,335.763,995302
[CALIB_PROFILE] | 10.0 | | 10.0 **10.0**3628,508,0.449,337.375,337.824,995810
[CALIB_PROFILE] | 10.0 | | 10.0 **10.0**3629,508,0.404,334.301,334.705,996318
[CALIB_PROFILE] | 10.0 | | 10.0 **10.0**3630,508,0.444,335.958,336.402,996826
[CALIB_PROFILE] | 10.0 | | 10.0 **10.0**3631,508,0.410,337.196,337.605,997334
[CALIB_PROFILE] | 10.0 | | 10.0 **10.0**3632,508,0.403,335.933,336.336,997842
[CALIB_PROFILE] | 10.0 | | 10.0 **10.0**3633,508,0.412,336.250,336.662,998350
[CALIB_PROFILE] | 10.0 | | 10.0 **10.0**3634,508,0.434,336.565,337.000,998858
[CALIB_PROFILE] | 10.0 | | 10.0 **10.0**3635,508,0.413,337.188,337.601,999366
[CALIB_PROFILE] | 10.0 | | 10.0 **10.0**3636,434,0.410,295.120,295.530,999800
[CALIB_PROFILE] | 10.0 | | 10.0 **10.0**3637,200,0.408,139.106,139.514,1000000
total | 10.0 | | 10.0 **10.0**calibration | 10.0 | | 10.0 **10.0**samples: | 10.0 | | 10.0 **10.0**1000000 | 10.0 | | 10.0 **10.0**tokens | 10.0 | | 10.0 **10.0**× | 10.0 | | 10.0 **10.0**FA | 10.0 | | 10.0 **10.0**layers
[CALIB_PROFILE] | 10.0 | | 10.0 **10.0**SUMMARY | 10.0 | | 10.0 **10.0**total_tokens=1000000 | 10.0 | | 10.0 **10.0**loop_ms=717796.0 | 10.0 | | 10.0 **10.0**finalize_ms=15.3 | 10.0 | | 10.0 **10.0**effective_tok_per_sec=1393.2
saved | 10.0 | | 10.0 **10.0**sidecar: | 10.0 | | 10.0 **10.0**models/qwen3.5-35b-a3b.mq4.triattn.blended_v3.bin
Mean | 10.0 | | 10.0 **10.0**Resultant | 10.0 | | 10.0 **10.0**Length | 10.0 | | 10.0 **10.0**R_f | 10.0 | | 10.0 **10.0**across | 10.0 | | 10.0 **10.0**all | 10.0 | | 10.0 **10.0**(layer, | 10.0 | | 10.0 **10.0**head, | 10.0 | | 10.0 **10.0**band): | 10.0 | | 10.0 **10.0**mean=0.560, | 10.0 | | 10.0 **10.0**median=0.566, | 10.0 | | 10.0 **10.0**3.2% | 10.0 | | 10.0 **10.0**> | 10.0 | | 10.0 **10.0**0.95
paper | 10.0 | | 10.0 **10.0**target: | 10.0 | | 10.0 **10.0**~90% | 10.0 | | 10.0 **10.0**of | 10.0 | | 10.0 **10.0**heads | 10.0 | | 10.0 **10.0**R | 10.0 | | 10.0 **10.0**> | 10.0 | | 10.0 **10.0**0.95 | 10.0 | | 10.0 **10.0**(Figure | 10.0 | | 10.0 **10.0**2C)
note: | 10.0 | | 10.0 **10.0**R_f | 10.0 | | 10.0 **10.0**is | 10.0 | | 10.0 **10.0**validation-prompt-INDEPENDENT | 10.0 | | 10.0 **10.0**(a | 10.0 | | 10.0 **10.0**plus) | 10.0 | | 10.0 **10.0**but | 10.0 | | 10.0 **10.0**has | 10.0 | | 10.0 **10.0**LOW | 10.0 | | 10.0 **10.0**DYNAMIC | 10.0 | | 10.0 **10.0**RANGE | 10.0 | | 10.0 **10.0**— | 10.0 | | 10.0 **10.0**empirically | 10.0 | | 10.0 **10.0**on | 10.0 | | 10.0 **10.0**qwen3.5-9b, | 10.0 | | 10.0 **10.0**calibration | 10.0 | | 10.0 **10.0**corpora | 10.0 | | 10.0 **10.0**of | 10.0 | | 10.0 **10.0**20k | 10.0 | | 10.0 **10.0**/ | 10.0 | | 10.0 **10.0**50k | 10.0 | | 10.0 **10.0**/ | 10.0 | | 10.0 **10.0**100k | 10.0 | | 10.0 **10.0**Wikipedia | 10.0 | | 10.0 **10.0**tokens | 10.0 | | 10.0 **10.0**all | 10.0 | | 10.0 **10.0**land | 10.0 | | 10.0 **10.0**at | 10.0 | | 10.0 **10.0**R_f≈0.74 | 10.0 | | 10.0 **10.0**despite | 10.0 | | 10.0 **10.0**the | 10.0 | | 10.0 **10.0**5× | 10.0 | | 10.0 **10.0**size | 10.0 | | 10.0 **10.0**difference. | 10.0 | | 10.0 **10.0**Treat | 10.0 | | 10.0 **10.0**R_f | 10.0 | | 10.0 **10.0**as | 10.0 | | 10.0 **10.0**a | 10.0 | | 10.0 **10.0**floor | 10.0 | | 10.0 **10.0**check | 10.0 | | 10.0 **10.0**(is | 10.0 | | 10.0 **10.0**aggregation | 10.0 | | 10.0 **10.0**converging | 10.0 | | 10.0 **10.0**at | 10.0 | | 10.0 **10.0**all?), | 10.0 | | 10.0 **10.0**not | 10.0 | | 10.0 **10.0**as | 10.0 | | 10.0 **10.0**a | 10.0 | | 10.0 **10.0**ranking | 10.0 | | 10.0 **10.0**metric.
validation: | 10.0 | | 10.0 **10.0**27 | 10.0 | | 10.0 **10.0**tokens
layer | 10.0 | | 10.0 **10.0** | 10.0 | | 10.0 **10.0**3: | 10.0 | | 10.0 **10.0**r̄=0.227 | 10.0 | | 10.0 **10.0** | 10.0 | | 10.0 **10.0**[-0.360, | 10.0 | | 10.0 **10.0**0.688] | 10.0 | | 10.0 **10.0** | 10.0 | | 10.0 **10.0**25% | 10.0 | | 10.0 **10.0**of | 10.0 | | 10.0 **10.0**heads | 10.0 | | 10.0 **10.0**> | 10.0 | | 10.0 **10.0**0.5
layer | 10.0 | | 10.0 **10.0** | 10.0 | | 10.0 **10.0**7: | 10.0 | | 10.0 **10.0**r̄=0.244 | 10.0 | | 10.0 **10.0** | 10.0 | | 10.0 **10.0**[-0.257, | 10.0 | | 10.0 **10.0**0.643] | 10.0 | | 10.0 **10.0** | 10.0 | | 10.0 **10.0**25% | 10.0 | | 10.0 **10.0**of | 10.0 | | 10.0 **10.0**heads | 10.0 | | 10.0 **10.0**> | 10.0 | | 10.0 **10.0**0.5
layer | 10.0 | | 10.0 **10.0**11: | 10.0 | | 10.0 **10.0**r̄=0.239 | 10.0 | | 10.0 **10.0** | 10.0 | | 10.0 **10.0**[-0.372, | 10.0 | | 10.0 **10.0**0.684] | 10.0 | | 10.0 **10.0** | 10.0 | | 10.0 **10.0**31% | 10.0 | | 10.0 **10.0**of | 10.0 | | 10.0 **10.0**heads | 10.0 | | 10.0 **10.0**> | 10.0 | | 10.0 **10.0**0.5
layer | 10.0 | | 10.0 **10.0**15: | 10.0 | | 10.0 **10.0**r̄=0.349 | 10.0 | | 10.0 **10.0** | 10.0 | | 10.0 **10.0**[-0.294, | 10.0 | | 10.0 **10.0**0.654] | 10.0 | | 10.0 **10.0** | 10.0 | | 10.0 **10.0**31% | 10.0 | | 10.0 **10.0**of | 10.0 | | 10.0 **10.0**heads | 10.0 | | 10.0 **10.0**> | 10.0 | | 10.0 **10.0**0.5
layer | 10.0 | | 10.0 **10.0**19: | 10.0 | | 10.0 **10.0**r̄=0.457 | 10.0 | | 10.0 **10.0** | 10.0 | | 10.0 **10.0**[-0.215, | 10.0 | | 10.0 **10.0**0.769] | 10.0 | | 10.0 **10.0** | 10.0 | | 10.0 **10.0**38% | 10.0 | | 10.0 **10.0**of | 10.0 | | 10.0 **10.0**heads | 10.0 | | 10.0 **10.0**> | 10.0 | | 10.0 **10.0**0.5
layer | 10.0 | | 10.0 **10.0**23: | 10.0 | | 10.0 **10.0**r̄=0.248 | 10.0 | | 10.0 **10.0** | 10.0 | | 10.0 **10.0**[-0.483, | 10.0 | | 10.0 **10.0**0.640] | 10.0 | | 10.0 **10.0** | 10.0 | | 10.0 **10.0**19% | 10.0 | | 10.0 **10.0**of | 10.0 | | 10.0 **10.0**heads | 10.0 | | 10.0 **10.0**> | 10.0 | | 10.0 **10.0**0.5
layer | 10.0 | | 10.0 **10.0**27: | 10.0 | | 10.0 **10.0**r̄=0.361 | 10.0 | | 10.0 **10.0** | 10.0 | | 10.0 **10.0**[-0.241, | 10.0 | | 10.0 **10.0**0.901] | 10.0 | | 10.0 **10.0** | 10.0 | | 10.0 **10.0**44% | 10.0 | | 10.0 **10.0**of | 10.0 | | 10.0 **10.0**heads | 10.0 | | 10.0 **10.0**> | 10.0 | | 10.0 **10.0**0.5
layer | 10.0 | | 10.0 **10.0**31: | 10.0 | | 10.0 **10.0**r̄=0.547 | 10.0 | | 10.0 **10.0** | 10.0 | | 10.0 **10.0**[0.156, | 10.0 | | 10.0 **10.0**0.782] | 10.0 | | 10.0 **10.0** | 10.0 | | 10.0 **10.0**75% | 10.0 | | 10.0 **10.0**of | 10.0 | | 10.0 **10.0**heads | 10.0 | | 10.0 **10.0**> | 10.0 | | 10.0 **10.0**0.5
layer | 10.0 | | 10.0 **10.0**35: | 10.0 | | 10.0 **10.0**r̄=0.375 | 10.0 | | 10.0 **10.0** | 10.0 | | 10.0 **10.0**[-0.079, | 10.0 | | 10.0 **10.0**0.819] | 10.0 | | 10.0 **10.0** | 10.0 | | 10.0 **10.0**31% | 10.0 | | 10.0 **10.0**of | 10.0 | | 10.0 **10.0**heads | 10.0 | | 10.0 **10.0**> | 10.0 | | 10.0 **10.0**0.5
layer | 10.0 | | 10.0 **10.0**39: | 10.0 | | 10.0 **10.0**r̄=0.587 | 10.0 | | 10.0 **10.0** | 10.0 | | 10.0 **10.0**[0.084, | 10.0 | | 10.0 **10.0**0.913] | 10.0 | | 10.0 **10.0** | 10.0 | | 10.0 **10.0**75% | 10.0 | | 10.0 **10.0**of | 10.0 | | 10.0 **10.0**heads | 10.0 | | 10.0 **10.0**> | 10.0 | | 10.0 **10.0**0.5

=== | 10.0 | | 10.0 **10.0**overall | 10.0 | | 10.0 **10.0**mean | 10.0 | | 10.0 **10.0**r̄ | 10.0 | | 10.0 **10.0**across | 10.0 | | 10.0 **10.0**FA | 10.0 | | 10.0 **10.0**layers: | 10.0 | | 10.0 **10.0**0.363 | 10.0 | | 10.0 **10.0**===
paper | 10.0 | | 10.0 **10.0**target: | 10.0 | | 10.0 **10.0**≈0.5 | 10.0 | | 10.0 **10.0**(Figure | 10.0 | | 10.0 **10.0**3 | 10.0 | | 10.0 **10.0**mean), | 10.0 | | 10.0 **10.0**per-head | 10.0 | | 10.0 **10.0**0.6-0.9 | 10.0 | | 10.0 **10.0**common; | 10.0 | | 10.0 **10.0**calibration | 10.0 | | 10.0 **10.0**corpus | 10.0 | | 10.0 **10.0**is | 10.0 | | 10.0 **10.0**tiny | 10.0 | | 10.0 **10.0**here
note: | 10.0 | | 10.0 **10.0**r̄ | 10.0 | | 10.0 **10.0**plateaus | 10.0 | | 10.0 **10.0**by | 10.0 | | 10.0 **10.0**~20k | 10.0 | | 10.0 **10.0**calibration | 10.0 | | 10.0 **10.0**tokens | 10.0 | | 10.0 **10.0**under | 10.0 | | 10.0 **10.0**running-mean | 10.0 | | 10.0 **10.0**aggregation | 10.0 | | 10.0 **10.0**— | 10.0 | | 10.0 **10.0**more | 10.0 | | 10.0 **10.0**data | 10.0 | | 10.0 **10.0**does | 10.0 | | 10.0 **10.0**NOT | 10.0 | | 10.0 **10.0**improve | 10.0 | | 10.0 **10.0**r̄ | 10.0 | | 10.0 **10.0**past | 10.0 | | 10.0 **10.0**that | 10.0 | | 10.0 **10.0**point. | 10.0 | | 10.0 **10.0**r̄ | 10.0 | | 10.0 **10.0**is | 10.0 | | 10.0 **10.0**also | 10.0 | | 10.0 **10.0**validation-prompt-dependent; | 10.0 | | 10.0 **10.0**for | 10.0 | | 10.0 **10.0**sidecar | 10.0 | | 10.0 **10.0**quality | 10.0 | | 10.0 **10.0**decisions, | 10.0 | | 10.0 **10.0**validate | 10.0 | | 10.0 **10.0**against | 10.0 | | 10.0 **10.0**a | 10.0 | | 10.0 **10.0**downstream | 10.0 | | 10.0 **10.0**long-context | 10.0 | | 10.0 **10.0**recall | 10.0 | | 10.0 **10.0**test | 10.0 | | 10.0 **10.0**rather | 10.0 | | 10.0 **10.0**than | 10.0 | | 10.0 **10.0**this | 10.0 | | 10.0 **10.0**number | 10.0 | | 10.0 **10.0**alone.
