corpus: | 10.0 | | 10.0 **10.0**223865 | 10.0 | | 10.0 **10.0**chunks | 10.0 | | 10.0 **10.0**from | 10.0 | | 10.0 **10.0**benchmarks/calib/blended-corpus.txt
GPU: | 10.0 | | 10.0 **10.0**gfx942 | 10.0 | | 10.0 **10.0**(205.8 | 10.0 | | 10.0 **10.0**GB | 10.0 | | 10.0 **10.0**VRAM, | 10.0 | | 10.0 **10.0**HIP | 10.0 | | 10.0 **10.0**7.2)
[rocblas] | 10.0 | | 10.0 **10.0**loaded | 10.0 | | 10.0 **10.0**for | 10.0 | | 10.0 **10.0**gfx942
 | 10.0 | | 10.0 **10.0** | 10.0 | | 10.0 **10.0**loading | 10.0 | | 10.0 **10.0**token_embd...
 | 10.0 | | 10.0 **10.0** | 10.0 | | 10.0 **10.0** | 10.0 | | 10.0 **10.0** | 10.0 | | 10.0 **10.0**(Q8_0 | 10.0 | | 10.0 **10.0**raw, | 10.0 | | 10.0 **10.0**1350 | 10.0 | | 10.0 **10.0**MB)
 | 10.0 | | 10.0 **10.0** | 10.0 | | 10.0 **10.0**loading | 10.0 | | 10.0 **10.0**output_norm...
 | 10.0 | | 10.0 **10.0** | 10.0 | | 10.0 **10.0**loading | 10.0 | | 10.0 **10.0**output | 10.0 | | 10.0 **10.0**(separate | 10.0 | | 10.0 **10.0**lm_head, | 10.0 | | 10.0 **10.0**qt=13)...
 | 10.0 | | 10.0 **10.0** | 10.0 | | 10.0 **10.0**loading | 10.0 | | 10.0 **10.0**layer | 10.0 | | 10.0 **10.0**0/64 | 10.0 | | 10.0 **10.0**(LinearAttention)...
 | 10.0 | | 10.0 **10.0** | 10.0 | | 10.0 **10.0**loading | 10.0 | | 10.0 **10.0**layer | 10.0 | | 10.0 **10.0**1/64 | 10.0 | | 10.0 **10.0**(LinearAttention)...
 | 10.0 | | 10.0 **10.0** | 10.0 | | 10.0 **10.0**loading | 10.0 | | 10.0 **10.0**layer | 10.0 | | 10.0 **10.0**2/64 | 10.0 | | 10.0 **10.0**(LinearAttention)...
 | 10.0 | | 10.0 **10.0** | 10.0 | | 10.0 **10.0**loading | 10.0 | | 10.0 **10.0**layer | 10.0 | | 10.0 **10.0**3/64 | 10.0 | | 10.0 **10.0**(FullAttention)...
 | 10.0 | | 10.0 **10.0** | 10.0 | | 10.0 **10.0**loading | 10.0 | | 10.0 **10.0**layer | 10.0 | | 10.0 **10.0**4/64 | 10.0 | | 10.0 **10.0**(LinearAttention)...
 | 10.0 | | 10.0 **10.0** | 10.0 | | 10.0 **10.0**loading | 10.0 | | 10.0 **10.0**layer | 10.0 | | 10.0 **10.0**5/64 | 10.0 | | 10.0 **10.0**(LinearAttention)...
 | 10.0 | | 10.0 **10.0** | 10.0 | | 10.0 **10.0**loading | 10.0 | | 10.0 **10.0**layer | 10.0 | | 10.0 **10.0**6/64 | 10.0 | | 10.0 **10.0**(LinearAttention)...
 | 10.0 | | 10.0 **10.0** | 10.0 | | 10.0 **10.0**loading | 10.0 | | 10.0 **10.0**layer | 10.0 | | 10.0 **10.0**7/64 | 10.0 | | 10.0 **10.0**(FullAttention)...
 | 10.0 | | 10.0 **10.0** | 10.0 | | 10.0 **10.0**loading | 10.0 | | 10.0 **10.0**layer | 10.0 | | 10.0 **10.0**8/64 | 10.0 | | 10.0 **10.0**(LinearAttention)...
 | 10.0 | | 10.0 **10.0** | 10.0 | | 10.0 **10.0**loading | 10.0 | | 10.0 **10.0**layer | 10.0 | | 10.0 **10.0**9/64 | 10.0 | | 10.0 **10.0**(LinearAttention)...
 | 10.0 | | 10.0 **10.0** | 10.0 | | 10.0 **10.0**loading | 10.0 | | 10.0 **10.0**layer | 10.0 | | 10.0 **10.0**10/64 | 10.0 | | 10.0 **10.0**(LinearAttention)...
 | 10.0 | | 10.0 **10.0** | 10.0 | | 10.0 **10.0**loading | 10.0 | | 10.0 **10.0**layer | 10.0 | | 10.0 **10.0**11/64 | 10.0 | | 10.0 **10.0**(FullAttention)...
 | 10.0 | | 10.0 **10.0** | 10.0 | | 10.0 **10.0**loading | 10.0 | | 10.0 **10.0**layer | 10.0 | | 10.0 **10.0**12/64 | 10.0 | | 10.0 **10.0**(LinearAttention)...
 | 10.0 | | 10.0 **10.0** | 10.0 | | 10.0 **10.0**loading | 10.0 | | 10.0 **10.0**layer | 10.0 | | 10.0 **10.0**13/64 | 10.0 | | 10.0 **10.0**(LinearAttention)...
 | 10.0 | | 10.0 **10.0** | 10.0 | | 10.0 **10.0**loading | 10.0 | | 10.0 **10.0**layer | 10.0 | | 10.0 **10.0**14/64 | 10.0 | | 10.0 **10.0**(LinearAttention)...
 | 10.0 | | 10.0 **10.0** | 10.0 | | 10.0 **10.0**loading | 10.0 | | 10.0 **10.0**layer | 10.0 | | 10.0 **10.0**15/64 | 10.0 | | 10.0 **10.0**(FullAttention)...
 | 10.0 | | 10.0 **10.0** | 10.0 | | 10.0 **10.0**loading | 10.0 | | 10.0 **10.0**layer | 10.0 | | 10.0 **10.0**16/64 | 10.0 | | 10.0 **10.0**(LinearAttention)...
 | 10.0 | | 10.0 **10.0** | 10.0 | | 10.0 **10.0**loading | 10.0 | | 10.0 **10.0**layer | 10.0 | | 10.0 **10.0**17/64 | 10.0 | | 10.0 **10.0**(LinearAttention)...
 | 10.0 | | 10.0 **10.0** | 10.0 | | 10.0 **10.0**loading | 10.0 | | 10.0 **10.0**layer | 10.0 | | 10.0 **10.0**18/64 | 10.0 | | 10.0 **10.0**(LinearAttention)...
 | 10.0 | | 10.0 **10.0** | 10.0 | | 10.0 **10.0**loading | 10.0 | | 10.0 **10.0**layer | 10.0 | | 10.0 **10.0**19/64 | 10.0 | | 10.0 **10.0**(FullAttention)...
 | 10.0 | | 10.0 **10.0** | 10.0 | | 10.0 **10.0**loading | 10.0 | | 10.0 **10.0**layer | 10.0 | | 10.0 **10.0**20/64 | 10.0 | | 10.0 **10.0**(LinearAttention)...
 | 10.0 | | 10.0 **10.0** | 10.0 | | 10.0 **10.0**loading | 10.0 | | 10.0 **10.0**layer | 10.0 | | 10.0 **10.0**21/64 | 10.0 | | 10.0 **10.0**(LinearAttention)...
 | 10.0 | | 10.0 **10.0** | 10.0 | | 10.0 **10.0**loading | 10.0 | | 10.0 **10.0**layer | 10.0 | | 10.0 **10.0**22/64 | 10.0 | | 10.0 **10.0**(LinearAttention)...
 | 10.0 | | 10.0 **10.0** | 10.0 | | 10.0 **10.0**loading | 10.0 | | 10.0 **10.0**layer | 10.0 | | 10.0 **10.0**23/64 | 10.0 | | 10.0 **10.0**(FullAttention)...
 | 10.0 | | 10.0 **10.0** | 10.0 | | 10.0 **10.0**loading | 10.0 | | 10.0 **10.0**layer | 10.0 | | 10.0 **10.0**24/64 | 10.0 | | 10.0 **10.0**(LinearAttention)...
 | 10.0 | | 10.0 **10.0** | 10.0 | | 10.0 **10.0**loading | 10.0 | | 10.0 **10.0**layer | 10.0 | | 10.0 **10.0**25/64 | 10.0 | | 10.0 **10.0**(LinearAttention)...
 | 10.0 | | 10.0 **10.0** | 10.0 | | 10.0 **10.0**loading | 10.0 | | 10.0 **10.0**layer | 10.0 | | 10.0 **10.0**26/64 | 10.0 | | 10.0 **10.0**(LinearAttention)...
 | 10.0 | | 10.0 **10.0** | 10.0 | | 10.0 **10.0**loading | 10.0 | | 10.0 **10.0**layer | 10.0 | | 10.0 **10.0**27/64 | 10.0 | | 10.0 **10.0**(FullAttention)...
 | 10.0 | | 10.0 **10.0** | 10.0 | | 10.0 **10.0**loading | 10.0 | | 10.0 **10.0**layer | 10.0 | | 10.0 **10.0**28/64 | 10.0 | | 10.0 **10.0**(LinearAttention)...
 | 10.0 | | 10.0 **10.0** | 10.0 | | 10.0 **10.0**loading | 10.0 | | 10.0 **10.0**layer | 10.0 | | 10.0 **10.0**29/64 | 10.0 | | 10.0 **10.0**(LinearAttention)...
 | 10.0 | | 10.0 **10.0** | 10.0 | | 10.0 **10.0**loading | 10.0 | | 10.0 **10.0**layer | 10.0 | | 10.0 **10.0**30/64 | 10.0 | | 10.0 **10.0**(LinearAttention)...
 | 10.0 | | 10.0 **10.0** | 10.0 | | 10.0 **10.0**loading | 10.0 | | 10.0 **10.0**layer | 10.0 | | 10.0 **10.0**31/64 | 10.0 | | 10.0 **10.0**(FullAttention)...
 | 10.0 | | 10.0 **10.0** | 10.0 | | 10.0 **10.0**loading | 10.0 | | 10.0 **10.0**layer | 10.0 | | 10.0 **10.0**32/64 | 10.0 | | 10.0 **10.0**(LinearAttention)...
 | 10.0 | | 10.0 **10.0** | 10.0 | | 10.0 **10.0**loading | 10.0 | | 10.0 **10.0**layer | 10.0 | | 10.0 **10.0**33/64 | 10.0 | | 10.0 **10.0**(LinearAttention)...
 | 10.0 | | 10.0 **10.0** | 10.0 | | 10.0 **10.0**loading | 10.0 | | 10.0 **10.0**layer | 10.0 | | 10.0 **10.0**34/64 | 10.0 | | 10.0 **10.0**(LinearAttention)...
 | 10.0 | | 10.0 **10.0** | 10.0 | | 10.0 **10.0**loading | 10.0 | | 10.0 **10.0**layer | 10.0 | | 10.0 **10.0**35/64 | 10.0 | | 10.0 **10.0**(FullAttention)...
 | 10.0 | | 10.0 **10.0** | 10.0 | | 10.0 **10.0**loading | 10.0 | | 10.0 **10.0**layer | 10.0 | | 10.0 **10.0**36/64 | 10.0 | | 10.0 **10.0**(LinearAttention)...
 | 10.0 | | 10.0 **10.0** | 10.0 | | 10.0 **10.0**loading | 10.0 | | 10.0 **10.0**layer | 10.0 | | 10.0 **10.0**37/64 | 10.0 | | 10.0 **10.0**(LinearAttention)...
 | 10.0 | | 10.0 **10.0** | 10.0 | | 10.0 **10.0**loading | 10.0 | | 10.0 **10.0**layer | 10.0 | | 10.0 **10.0**38/64 | 10.0 | | 10.0 **10.0**(LinearAttention)...
 | 10.0 | | 10.0 **10.0** | 10.0 | | 10.0 **10.0**loading | 10.0 | | 10.0 **10.0**layer | 10.0 | | 10.0 **10.0**39/64 | 10.0 | | 10.0 **10.0**(FullAttention)...
 | 10.0 | | 10.0 **10.0** | 10.0 | | 10.0 **10.0**loading | 10.0 | | 10.0 **10.0**layer | 10.0 | | 10.0 **10.0**40/64 | 10.0 | | 10.0 **10.0**(LinearAttention)...
 | 10.0 | | 10.0 **10.0** | 10.0 | | 10.0 **10.0**loading | 10.0 | | 10.0 **10.0**layer | 10.0 | | 10.0 **10.0**41/64 | 10.0 | | 10.0 **10.0**(LinearAttention)...
 | 10.0 | | 10.0 **10.0** | 10.0 | | 10.0 **10.0**loading | 10.0 | | 10.0 **10.0**layer | 10.0 | | 10.0 **10.0**42/64 | 10.0 | | 10.0 **10.0**(LinearAttention)...
 | 10.0 | | 10.0 **10.0** | 10.0 | | 10.0 **10.0**loading | 10.0 | | 10.0 **10.0**layer | 10.0 | | 10.0 **10.0**43/64 | 10.0 | | 10.0 **10.0**(FullAttention)...
 | 10.0 | | 10.0 **10.0** | 10.0 | | 10.0 **10.0**loading | 10.0 | | 10.0 **10.0**layer | 10.0 | | 10.0 **10.0**44/64 | 10.0 | | 10.0 **10.0**(LinearAttention)...
 | 10.0 | | 10.0 **10.0** | 10.0 | | 10.0 **10.0**loading | 10.0 | | 10.0 **10.0**layer | 10.0 | | 10.0 **10.0**45/64 | 10.0 | | 10.0 **10.0**(LinearAttention)...
 | 10.0 | | 10.0 **10.0** | 10.0 | | 10.0 **10.0**loading | 10.0 | | 10.0 **10.0**layer | 10.0 | | 10.0 **10.0**46/64 | 10.0 | | 10.0 **10.0**(LinearAttention)...
 | 10.0 | | 10.0 **10.0** | 10.0 | | 10.0 **10.0**loading | 10.0 | | 10.0 **10.0**layer | 10.0 | | 10.0 **10.0**47/64 | 10.0 | | 10.0 **10.0**(FullAttention)...
 | 10.0 | | 10.0 **10.0** | 10.0 | | 10.0 **10.0**loading | 10.0 | | 10.0 **10.0**layer | 10.0 | | 10.0 **10.0**48/64 | 10.0 | | 10.0 **10.0**(LinearAttention)...
 | 10.0 | | 10.0 **10.0** | 10.0 | | 10.0 **10.0**loading | 10.0 | | 10.0 **10.0**layer | 10.0 | | 10.0 **10.0**49/64 | 10.0 | | 10.0 **10.0**(LinearAttention)...
 | 10.0 | | 10.0 **10.0** | 10.0 | | 10.0 **10.0**loading | 10.0 | | 10.0 **10.0**layer | 10.0 | | 10.0 **10.0**50/64 | 10.0 | | 10.0 **10.0**(LinearAttention)...
 | 10.0 | | 10.0 **10.0** | 10.0 | | 10.0 **10.0**loading | 10.0 | | 10.0 **10.0**layer | 10.0 | | 10.0 **10.0**51/64 | 10.0 | | 10.0 **10.0**(FullAttention)...
 | 10.0 | | 10.0 **10.0** | 10.0 | | 10.0 **10.0**loading | 10.0 | | 10.0 **10.0**layer | 10.0 | | 10.0 **10.0**52/64 | 10.0 | | 10.0 **10.0**(LinearAttention)...
 | 10.0 | | 10.0 **10.0** | 10.0 | | 10.0 **10.0**loading | 10.0 | | 10.0 **10.0**layer | 10.0 | | 10.0 **10.0**53/64 | 10.0 | | 10.0 **10.0**(LinearAttention)...
 | 10.0 | | 10.0 **10.0** | 10.0 | | 10.0 **10.0**loading | 10.0 | | 10.0 **10.0**layer | 10.0 | | 10.0 **10.0**54/64 | 10.0 | | 10.0 **10.0**(LinearAttention)...
 | 10.0 | | 10.0 **10.0** | 10.0 | | 10.0 **10.0**loading | 10.0 | | 10.0 **10.0**layer | 10.0 | | 10.0 **10.0**55/64 | 10.0 | | 10.0 **10.0**(FullAttention)...
 | 10.0 | | 10.0 **10.0** | 10.0 | | 10.0 **10.0**loading | 10.0 | | 10.0 **10.0**layer | 10.0 | | 10.0 **10.0**56/64 | 10.0 | | 10.0 **10.0**(LinearAttention)...
 | 10.0 | | 10.0 **10.0** | 10.0 | | 10.0 **10.0**loading | 10.0 | | 10.0 **10.0**layer | 10.0 | | 10.0 **10.0**57/64 | 10.0 | | 10.0 **10.0**(LinearAttention)...
 | 10.0 | | 10.0 **10.0** | 10.0 | | 10.0 **10.0**loading | 10.0 | | 10.0 **10.0**layer | 10.0 | | 10.0 **10.0**58/64 | 10.0 | | 10.0 **10.0**(LinearAttention)...
 | 10.0 | | 10.0 **10.0** | 10.0 | | 10.0 **10.0**loading | 10.0 | | 10.0 **10.0**layer | 10.0 | | 10.0 **10.0**59/64 | 10.0 | | 10.0 **10.0**(FullAttention)...
 | 10.0 | | 10.0 **10.0** | 10.0 | | 10.0 **10.0**loading | 10.0 | | 10.0 **10.0**layer | 10.0 | | 10.0 **10.0**60/64 | 10.0 | | 10.0 **10.0**(LinearAttention)...
 | 10.0 | | 10.0 **10.0** | 10.0 | | 10.0 **10.0**loading | 10.0 | | 10.0 **10.0**layer | 10.0 | | 10.0 **10.0**61/64 | 10.0 | | 10.0 **10.0**(LinearAttention)...
 | 10.0 | | 10.0 **10.0** | 10.0 | | 10.0 **10.0**loading | 10.0 | | 10.0 **10.0**layer | 10.0 | | 10.0 **10.0**62/64 | 10.0 | | 10.0 **10.0**(LinearAttention)...
 | 10.0 | | 10.0 **10.0** | 10.0 | | 10.0 **10.0**loading | 10.0 | | 10.0 **10.0**layer | 10.0 | | 10.0 **10.0**63/64 | 10.0 | | 10.0 **10.0**(FullAttention)...
calibration: | 10.0 | | 10.0 **10.0**223865 | 10.0 | | 10.0 **10.0**prompts, | 10.0 | | 10.0 **10.0**16 | 10.0 | | 10.0 **10.0**FA | 10.0 | | 10.0 **10.0**layers | 10.0 | | 10.0 **10.0**× | 10.0 | | 10.0 **10.0**24 | 10.0 | | 10.0 **10.0**heads | 10.0 | | 10.0 **10.0**× | 10.0 | | 10.0 **10.0**128 | 10.0 | | 10.0 **10.0**bands
calibration | 10.0 | | 10.0 **10.0**path: | 10.0 | | 10.0 **10.0**GPU | 10.0 | | 10.0 **10.0**(kernel | 10.0 | | 10.0 **10.0**triattn_accumulate_f32) | 10.0 | | 10.0 **10.0**[opt-in]
[CALIB_PROFILE] | 10.0 | | 10.0 **10.0**PRETOK | 10.0 | | 10.0 **10.0**total_ms=31462.9 | 10.0 | | 10.0 **10.0**n_chunks=1969 | 10.0 | | 10.0 **10.0**covered_tokens=540256
[CALIB_PROFILE] | 10.0 | | 10.0 **10.0**chunk_idx,n_tokens,memset_ms,forward_ms,total_ms,cumulative_tokens
[CALIB_PROFILE] | 10.0 | | 10.0 **10.0**0,508,1.043,456.211,457.255,508
[CALIB_PROFILE] | 10.0 | | 10.0 **10.0**1,508,0.786,398.910,399.695,1016
[CALIB_PROFILE] | 10.0 | | 10.0 **10.0**2,508,0.756,398.274,399.030,1524
[CALIB_PROFILE] | 10.0 | | 10.0 **10.0**3,508,0.841,398.209,399.050,2032
[CALIB_PROFILE] | 10.0 | | 10.0 **10.0**4,508,0.789,398.323,399.112,2540
[CALIB_PROFILE] | 10.0 | | 10.0 **10.0**5,508,0.797,398.216,399.013,3048
[CALIB_PROFILE] | 10.0 | | 10.0 **10.0**6,508,0.757,398.100,398.857,3556
[CALIB_PROFILE] | 10.0 | | 10.0 **10.0**7,168,0.745,176.845,177.590,3724
[CALIB_PROFILE] | 10.0 | | 10.0 **10.0**8,20,0.666,146.329,146.996,3744
[CALIB_PROFILE] | 10.0 | | 10.0 **10.0**9,49,0.651,150.628,151.279,3793
[CALIB_PROFILE] | 10.0 | | 10.0 **10.0**10,40,0.657,149.241,149.898,3833
[CALIB_PROFILE] | 10.0 | | 10.0 **10.0**11,508,0.648,398.091,398.738,4341
[CALIB_PROFILE] | 10.0 | | 10.0 **10.0**12,508,0.713,398.221,398.934,4849
[CALIB_PROFILE] | 10.0 | | 10.0 **10.0**13,430,0.716,376.222,376.939,5279
[CALIB_PROFILE] | 10.0 | | 10.0 **10.0**14,17,0.705,145.907,146.612,5296
[CALIB_PROFILE] | 10.0 | | 10.0 **10.0**15,48,0.666,150.428,151.094,5344
[CALIB_PROFILE] | 10.0 | | 10.0 **10.0**16,59,0.661,152.252,152.913,5403
[CALIB_PROFILE] | 10.0 | | 10.0 **10.0**17,34,0.680,148.228,148.908,5437
[CALIB_PROFILE] | 10.0 | | 10.0 **10.0**18,20,0.663,146.300,146.964,5457
[CALIB_PROFILE] | 10.0 | | 10.0 **10.0**19,15,0.656,145.685,146.341,5472
[CALIB_PROFILE] | 10.0 | | 10.0 **10.0**20,41,0.666,149.391,150.057,5513
[CALIB_PROFILE] | 10.0 | | 10.0 **10.0**21,16,0.652,145.772,146.424,5529
[CALIB_PROFILE] | 10.0 | | 10.0 **10.0**22,36,0.646,148.560,149.206,5565
[CALIB_PROFILE] | 10.0 | | 10.0 **10.0**23,22,0.652,146.582,147.234,5587
[CALIB_PROFILE] | 10.0 | | 10.0 **10.0**24,21,0.649,146.482,147.131,5608
[CALIB_PROFILE] | 10.0 | | 10.0 **10.0**25,508,0.669,398.176,398.845,6116
[CALIB_PROFILE] | 10.0 | | 10.0 **10.0**26,508,0.704,398.191,398.896,6624
[CALIB_PROFILE] | 10.0 | | 10.0 **10.0**27,508,0.759,398.160,398.919,7132
[CALIB_PROFILE] | 10.0 | | 10.0 **10.0**28,508,0.753,398.151,398.904,7640
[CALIB_PROFILE] | 10.0 | | 10.0 **10.0**29,508,0.766,398.049,398.815,8148
[CALIB_PROFILE] | 10.0 | | 10.0 **10.0**30,508,0.758,398.153,398.912,8656
[CALIB_PROFILE] | 10.0 | | 10.0 **10.0**31,508,0.753,398.118,398.871,9164
[CALIB_PROFILE] | 10.0 | | 10.0 **10.0**32,22,0.758,146.547,147.306,9186
[CALIB_PROFILE] | 10.0 | | 10.0 **10.0**33,69,0.664,153.903,154.567,9255
[CALIB_PROFILE] | 10.0 | | 10.0 **10.0**34,358,0.669,357.924,358.594,9613
[CALIB_PROFILE] | 10.0 | | 10.0 **10.0**35,114,0.761,164.077,164.838,9727
[CALIB_PROFILE] | 10.0 | | 10.0 **10.0**36,48,0.670,150.404,151.074,9775
[CALIB_PROFILE] | 10.0 | | 10.0 **10.0**37,72,0.652,154.336,154.989,9847
[CALIB_PROFILE] | 10.0 | | 10.0 **10.0**38,85,0.661,157.022,157.683,9932
[CALIB_PROFILE] | 10.0 | | 10.0 **10.0**39,11,0.659,145.247,145.906,9943
[CALIB_PROFILE] | 10.0 | | 10.0 **10.0**40,508,0.647,398.061,398.708,10451
[CALIB_PROFILE] | 10.0 | | 10.0 **10.0**41,508,0.691,398.267,398.958,10959
[CALIB_PROFILE] | 10.0 | | 10.0 **10.0**42,508,0.743,398.205,398.948,11467
[CALIB_PROFILE] | 10.0 | | 10.0 **10.0**43,508,0.767,398.155,398.922,11975
[CALIB_PROFILE] | 10.0 | | 10.0 **10.0**44,508,0.758,398.133,398.892,12483
[CALIB_PROFILE] | 10.0 | | 10.0 **10.0**45,508,0.770,398.191,398.962,12991
[CALIB_PROFILE] | 10.0 | | 10.0 **10.0**46,508,0.708,398.109,398.817,13499
[CALIB_PROFILE] | 10.0 | | 10.0 **10.0**47,31,0.768,147.815,148.583,13530
[CALIB_PROFILE] | 10.0 | | 10.0 **10.0**48,508,0.650,398.306,398.956,14038
[CALIB_PROFILE] | 10.0 | | 10.0 **10.0**49,508,0.757,398.119,398.877,14546
[CALIB_PROFILE] | 10.0 | | 10.0 **10.0**50,508,0.740,398.193,398.934,15054
[CALIB_PROFILE] | 10.0 | | 10.0 **10.0**51,508,0.689,398.198,398.887,15562
[CALIB_PROFILE] | 10.0 | | 10.0 **10.0**52,508,0.756,398.311,399.068,16070
[CALIB_PROFILE] | 10.0 | | 10.0 **10.0**53,508,0.747,398.273,399.020,16578
[CALIB_PROFILE] | 10.0 | | 10.0 **10.0**54,508,0.747,398.224,398.971,17086
[CALIB_PROFILE] | 10.0 | | 10.0 **10.0**55,508,0.738,398.090,398.827,17594
[CALIB_PROFILE] | 10.0 | | 10.0 **10.0**56,508,0.755,398.236,398.991,18102
[CALIB_PROFILE] | 10.0 | | 10.0 **10.0**57,508,0.757,398.141,398.899,18610
[CALIB_PROFILE] | 10.0 | | 10.0 **10.0**58,508,0.750,398.284,399.034,19118
[CALIB_PROFILE] | 10.0 | | 10.0 **10.0**59,508,0.748,398.267,399.015,19626
[CALIB_PROFILE] | 10.0 | | 10.0 **10.0**60,508,0.734,398.247,398.981,20134
[CALIB_PROFILE] | 10.0 | | 10.0 **10.0**61,508,0.752,398.152,398.904,20642
[CALIB_PROFILE] | 10.0 | | 10.0 **10.0**62,508,0.749,398.261,399.010,21150
[CALIB_PROFILE] | 10.0 | | 10.0 **10.0**63,508,0.752,398.186,398.938,21658
[CALIB_PROFILE] | 10.0 | | 10.0 **10.0**64,508,0.763,398.305,399.068,22166
[CALIB_PROFILE] | 10.0 | | 10.0 **10.0**65,508,0.738,398.102,398.840,22674
[CALIB_PROFILE] | 10.0 | | 10.0 **10.0**66,508,0.764,398.243,399.008,23182
[CALIB_PROFILE] | 10.0 | | 10.0 **10.0**67,508,0.696,398.211,398.907,23690
[CALIB_PROFILE] | 10.0 | | 10.0 **10.0**68,508,0.772,398.044,398.816,24198
[CALIB_PROFILE] | 10.0 | | 10.0 **10.0**69,481,0.748,390.111,390.859,24679
[CALIB_PROFILE] | 10.0 | | 10.0 **10.0**70,508,0.690,398.247,398.938,25187
[CALIB_PROFILE] | 10.0 | | 10.0 **10.0**71,508,0.742,398.291,399.033,25695
[CALIB_PROFILE] | 10.0 | | 10.0 **10.0**72,508,0.759,398.104,398.863,26203
[CALIB_PROFILE] | 10.0 | | 10.0 **10.0**73,508,0.748,398.252,399.000,26711
[CALIB_PROFILE] | 10.0 | | 10.0 **10.0**74,508,0.742,398.190,398.932,27219
[CALIB_PROFILE] | 10.0 | | 10.0 **10.0**75,298,0.751,345.181,345.932,27517
[CALIB_PROFILE] | 10.0 | | 10.0 **10.0**76,508,0.747,398.152,398.899,28025
[CALIB_PROFILE] | 10.0 | | 10.0 **10.0**77,11,0.692,145.221,145.914,28036
[CALIB_PROFILE] | 10.0 | | 10.0 **10.0**78,30,0.649,147.739,148.389,28066
[CALIB_PROFILE] | 10.0 | | 10.0 **10.0**79,83,0.659,156.611,157.270,28149
[CALIB_PROFILE] | 10.0 | | 10.0 **10.0**80,1,0.650,15.848,16.498,28150
[CALIB_PROFILE] | 10.0 | | 10.0 **10.0**81,13,0.670,145.540,146.210,28163
[CALIB_PROFILE] | 10.0 | | 10.0 **10.0**82,3,0.672,2572.179,2572.852,28166
[CALIB_PROFILE] | 10.0 | | 10.0 **10.0**83,54,0.798,151.482,152.280,28220
[CALIB_PROFILE] | 10.0 | | 10.0 **10.0**84,60,0.716,152.422,153.138,28280
[CALIB_PROFILE] | 10.0 | | 10.0 **10.0**85,1,0.690,14.247,14.937,28281
[CALIB_PROFILE] | 10.0 | | 10.0 **10.0**86,3,0.659,46.969,47.628,28284
[CALIB_PROFILE] | 10.0 | | 10.0 **10.0**87,4,0.662,144.559,145.221,28288
[CALIB_PROFILE] | 10.0 | | 10.0 **10.0**88,177,0.721,178.941,179.662,28465
[CALIB_PROFILE] | 10.0 | | 10.0 **10.0**89,3,0.722,47.258,47.981,28468
[CALIB_PROFILE] | 10.0 | | 10.0 **10.0**90,159,0.681,174.563,175.244,28627
[CALIB_PROFILE] | 10.0 | | 10.0 **10.0**91,3,0.712,47.099,47.812,28630
[CALIB_PROFILE] | 10.0 | | 10.0 **10.0**92,372,0.653,361.463,362.117,29002
[CALIB_PROFILE] | 10.0 | | 10.0 **10.0**93,1,0.690,14.252,14.942,29003
[CALIB_PROFILE] | 10.0 | | 10.0 **10.0**94,5,0.651,144.563,145.215,29008
[CALIB_PROFILE] | 10.0 | | 10.0 **10.0**95,11,0.683,145.211,145.894,29019
[CALIB_PROFILE] | 10.0 | | 10.0 **10.0**96,50,0.690,150.747,151.437,29069
[CALIB_PROFILE] | 10.0 | | 10.0 **10.0**97,47,0.667,150.338,151.006,29116
[CALIB_PROFILE] | 10.0 | | 10.0 **10.0**98,9,0.694,144.899,145.593,29125
[CALIB_PROFILE] | 10.0 | | 10.0 **10.0**99,12,0.672,145.296,145.968,29137
[CALIB_PROFILE] | 10.0 | | 10.0 **10.0**100,14,0.670,145.564,146.235,29151
[CALIB_PROFILE] | 10.0 | | 10.0 **10.0**101,24,0.670,146.790,147.460,29175
[CALIB_PROFILE] | 10.0 | | 10.0 **10.0**102,44,0.673,149.812,150.485,29219
[CALIB_PROFILE] | 10.0 | | 10.0 **10.0**103,9,0.664,144.925,145.589,29228
[CALIB_PROFILE] | 10.0 | | 10.0 **10.0**104,56,0.677,151.638,152.315,29284
[CALIB_PROFILE] | 10.0 | | 10.0 **10.0**105,7,0.669,144.723,145.392,29291
[CALIB_PROFILE] | 10.0 | | 10.0 **10.0**106,60,0.669,152.369,153.038,29351
[CALIB_PROFILE] | 10.0 | | 10.0 **10.0**107,7,0.668,144.691,145.360,29358
[CALIB_PROFILE] | 10.0 | | 10.0 **10.0**108,40,0.648,149.176,149.824,29398
[CALIB_PROFILE] | 10.0 | | 10.0 **10.0**109,1,0.672,14.204,14.876,29399
[CALIB_PROFILE] | 10.0 | | 10.0 **10.0**110,4,0.651,144.457,145.108,29403
[CALIB_PROFILE] | 10.0 | | 10.0 **10.0**111,54,0.684,151.344,152.028,29457
[CALIB_PROFILE] | 10.0 | | 10.0 **10.0**112,69,0.668,153.837,154.505,29526
[CALIB_PROFILE] | 10.0 | | 10.0 **10.0**113,56,0.671,151.638,152.309,29582
[CALIB_PROFILE] | 10.0 | | 10.0 **10.0**114,86,0.683,157.194,157.877,29668
[CALIB_PROFILE] | 10.0 | | 10.0 **10.0**115,1,0.697,14.237,14.935,29669
[CALIB_PROFILE] | 10.0 | | 10.0 **10.0**116,3,0.672,46.815,47.487,29672
[CALIB_PROFILE] | 10.0 | | 10.0 **10.0**117,49,0.677,150.722,151.399,29721
[CALIB_PROFILE] | 10.0 | | 10.0 **10.0**118,3,0.678,47.170,47.849,29724
[CALIB_PROFILE] | 10.0 | | 10.0 **10.0**119,26,0.634,147.190,147.824,29750
[CALIB_PROFILE] | 10.0 | | 10.0 **10.0**120,28,0.653,147.445,148.099,29778
[CALIB_PROFILE] | 10.0 | | 10.0 **10.0**121,17,0.652,145.923,146.576,29795
[CALIB_PROFILE] | 10.0 | | 10.0 **10.0**122,60,0.676,152.386,153.062,29855
[CALIB_PROFILE] | 10.0 | | 10.0 **10.0**123,17,0.679,145.886,146.566,29872
[CALIB_PROFILE] | 10.0 | | 10.0 **10.0**124,64,0.661,153.106,153.767,29936
[CALIB_PROFILE] | 10.0 | | 10.0 **10.0**125,1,0.661,14.249,14.910,29937
[CALIB_PROFILE] | 10.0 | | 10.0 **10.0**126,3,0.630,46.766,47.396,29940
[CALIB_PROFILE] | 10.0 | | 10.0 **10.0**127,9,0.649,145.002,145.652,29949
[CALIB_PROFILE] | 10.0 | | 10.0 **10.0**128,102,0.658,161.235,161.894,30051
[CALIB_PROFILE] | 10.0 | | 10.0 **10.0**129,1,0.664,14.173,14.837,30052
[CALIB_PROFILE] | 10.0 | | 10.0 **10.0**130,3,0.629,46.944,47.573,30055
[CALIB_PROFILE] | 10.0 | | 10.0 **10.0**131,50,0.642,150.888,151.531,30105
[CALIB_PROFILE] | 10.0 | | 10.0 **10.0**132,42,0.658,149.458,150.116,30147
[CALIB_PROFILE] | 10.0 | | 10.0 **10.0**133,55,0.670,151.535,152.206,30202
[CALIB_PROFILE] | 10.0 | | 10.0 **10.0**134,1,0.678,14.244,14.922,30203
[CALIB_PROFILE] | 10.0 | | 10.0 **10.0**135,3,0.644,46.945,47.590,30206
[CALIB_PROFILE] | 10.0 | | 10.0 **10.0**136,68,0.640,153.842,154.482,30274
[CALIB_PROFILE] | 10.0 | | 10.0 **10.0**137,64,0.664,153.117,153.781,30338
[CALIB_PROFILE] | 10.0 | | 10.0 **10.0**138,71,0.688,154.188,154.877,30409
[CALIB_PROFILE] | 10.0 | | 10.0 **10.0**139,1,0.664,14.229,14.893,30410
[CALIB_PROFILE] | 10.0 | | 10.0 **10.0**140,5,0.631,144.586,145.218,30415
[CALIB_PROFILE] | 10.0 | | 10.0 **10.0**141,82,0.670,156.336,157.006,30497
[CALIB_PROFILE] | 10.0 | | 10.0 **10.0**142,1,0.651,14.233,14.884,30498
[CALIB_PROFILE] | 10.0 | | 10.0 **10.0**143,3,0.636,47.045,47.681,30501
[CALIB_PROFILE] | 10.0 | | 10.0 **10.0**144,38,0.636,148.892,149.529,30539
[CALIB_PROFILE] | 10.0 | | 10.0 **10.0**145,1,0.653,14.217,14.870,30540
[CALIB_PROFILE] | 10.0 | | 10.0 **10.0**146,9,0.640,144.903,145.543,30549
[CALIB_PROFILE] | 10.0 | | 10.0 **10.0**147,508,0.719,398.158,398.877,31057
[CALIB_PROFILE] | 10.0 | | 10.0 **10.0**148,508,0.674,398.008,398.683,31565
[CALIB_PROFILE] | 10.0 | | 10.0 **10.0**149,508,1.010,398.030,399.040,32073
[CALIB_PROFILE] | 10.0 | | 10.0 **10.0**150,508,0.756,398.088,398.844,32581
[CALIB_PROFILE] | 10.0 | | 10.0 **10.0**151,508,0.779,398.119,398.899,33089
[CALIB_PROFILE] | 10.0 | | 10.0 **10.0**152,508,0.789,398.001,398.790,33597
[CALIB_PROFILE] | 10.0 | | 10.0 **10.0**153,508,0.771,398.168,398.939,34105
[CALIB_PROFILE] | 10.0 | | 10.0 **10.0**154,220,0.750,189.946,190.696,34325
[CALIB_PROFILE] | 10.0 | | 10.0 **10.0**155,508,0.676,398.079,398.755,34833
[CALIB_PROFILE] | 10.0 | | 10.0 **10.0**156,508,0.735,398.017,398.752,35341
[CALIB_PROFILE] | 10.0 | | 10.0 **10.0**157,508,0.723,398.126,398.849,35849
[CALIB_PROFILE] | 10.0 | | 10.0 **10.0**158,508,0.702,398.187,398.889,36357
[CALIB_PROFILE] | 10.0 | | 10.0 **10.0**159,493,0.698,393.620,394.319,36850
[CALIB_PROFILE] | 10.0 | | 10.0 **10.0**160,508,0.679,398.040,398.719,37358
[CALIB_PROFILE] | 10.0 | | 10.0 **10.0**161,508,0.702,398.050,398.752,37866
[CALIB_PROFILE] | 10.0 | | 10.0 **10.0**162,186,0.733,181.296,182.029,38052
[CALIB_PROFILE] | 10.0 | | 10.0 **10.0**163,508,0.684,398.099,398.783,38560
[CALIB_PROFILE] | 10.0 | | 10.0 **10.0**164,508,0.731,398.076,398.808,39068
[CALIB_PROFILE] | 10.0 | | 10.0 **10.0**165,508,0.707,398.262,398.969,39576
[CALIB_PROFILE] | 10.0 | | 10.0 **10.0**166,508,0.742,398.095,398.837,40084
[CALIB_PROFILE] | 10.0 | | 10.0 **10.0**167,41,0.758,149.381,150.139,40125
[CALIB_PROFILE] | 10.0 | | 10.0 **10.0**168,30,0.691,147.654,148.345,40155
[CALIB_PROFILE] | 10.0 | | 10.0 **10.0**169,68,0.691,153.726,154.417,40223
[CALIB_PROFILE] | 10.0 | | 10.0 **10.0**170,56,0.727,151.686,152.413,40279
[CALIB_PROFILE] | 10.0 | | 10.0 **10.0**171,55,0.692,151.488,152.180,40334
[CALIB_PROFILE] | 10.0 | | 10.0 **10.0**172,508,0.693,397.998,398.692,40842
[CALIB_PROFILE] | 10.0 | | 10.0 **10.0**173,508,0.752,398.011,398.763,41350
[CALIB_PROFILE] | 10.0 | | 10.0 **10.0**174,508,0.737,398.089,398.826,41858
[CALIB_PROFILE] | 10.0 | | 10.0 **10.0**175,508,0.771,398.141,398.912,42366
[CALIB_PROFILE] | 10.0 | | 10.0 **10.0**176,10,0.730,145.049,145.780,42376
[CALIB_PROFILE] | 10.0 | | 10.0 **10.0**177,144,0.679,170.106,170.785,42520
[CALIB_PROFILE] | 10.0 | | 10.0 **10.0**178,93,0.672,159.137,159.810,42613
[CALIB_PROFILE] | 10.0 | | 10.0 **10.0**179,102,0.673,161.259,161.933,42715
[CALIB_PROFILE] | 10.0 | | 10.0 **10.0**180,47,0.678,150.327,151.005,42762
[CALIB_PROFILE] | 10.0 | | 10.0 **10.0**181,29,0.677,147.519,148.196,42791
[CALIB_PROFILE] | 10.0 | | 10.0 **10.0**182,508,0.673,398.027,398.700,43299
[CALIB_PROFILE] | 10.0 | | 10.0 **10.0**183,508,0.677,398.204,398.882,43807
[CALIB_PROFILE] | 10.0 | | 10.0 **10.0**184,508,0.729,398.154,398.883,44315
[CALIB_PROFILE] | 10.0 | | 10.0 **10.0**185,508,0.745,398.228,398.973,44823
[CALIB_PROFILE] | 10.0 | | 10.0 **10.0**186,508,0.726,398.088,398.814,45331
[CALIB_PROFILE] | 10.0 | | 10.0 **10.0**187,508,0.719,398.123,398.842,45839
[CALIB_PROFILE] | 10.0 | | 10.0 **10.0**188,508,0.701,398.082,398.783,46347
[CALIB_PROFILE] | 10.0 | | 10.0 **10.0**189,33,0.727,148.077,148.804,46380
[CALIB_PROFILE] | 10.0 | | 10.0 **10.0**190,329,0.676,350.559,351.235,46709
[CALIB_PROFILE] | 10.0 | | 10.0 **10.0**191,508,0.674,398.151,398.826,47217
[CALIB_PROFILE] | 10.0 | | 10.0 **10.0**192,508,0.737,397.960,398.698,47725
[CALIB_PROFILE] | 10.0 | | 10.0 **10.0**193,508,0.740,398.111,398.852,48233
[CALIB_PROFILE] | 10.0 | | 10.0 **10.0**194,508,0.731,398.141,398.872,48741
[CALIB_PROFILE] | 10.0 | | 10.0 **10.0**195,508,0.714,398.134,398.848,49249
[CALIB_PROFILE] | 10.0 | | 10.0 **10.0**196,508,0.722,398.045,398.768,49757
[CALIB_PROFILE] | 10.0 | | 10.0 **10.0**197,508,0.754,398.113,398.867,50265
[CALIB_PROFILE] | 10.0 | | 10.0 **10.0**198,508,0.730,397.952,398.682,50773
[CALIB_PROFILE] | 10.0 | | 10.0 **10.0**199,508,0.729,398.228,398.957,51281
[CALIB_PROFILE] | 10.0 | | 10.0 **10.0**200,508,0.682,398.097,398.779,51789
[CALIB_PROFILE] | 10.0 | | 10.0 **10.0**201,508,0.751,398.126,398.877,52297
[CALIB_PROFILE] | 10.0 | | 10.0 **10.0**202,508,0.722,397.983,398.705,52805
[CALIB_PROFILE] | 10.0 | | 10.0 **10.0**203,508,0.741,398.184,398.925,53313
[CALIB_PROFILE] | 10.0 | | 10.0 **10.0**204,508,0.747,398.166,398.913,53821
[CALIB_PROFILE] | 10.0 | | 10.0 **10.0**205,508,0.734,398.259,398.994,54329
[CALIB_PROFILE] | 10.0 | | 10.0 **10.0**206,508,0.698,398.185,398.883,54837
[CALIB_PROFILE] | 10.0 | | 10.0 **10.0**207,508,0.738,398.099,398.837,55345
[CALIB_PROFILE] | 10.0 | | 10.0 **10.0**208,508,0.734,398.178,398.912,55853
[CALIB_PROFILE] | 10.0 | | 10.0 **10.0**209,481,0.723,390.117,390.841,56334
[CALIB_PROFILE] | 10.0 | | 10.0 **10.0**210,508,0.730,398.117,398.847,56842
[CALIB_PROFILE] | 10.0 | | 10.0 **10.0**211,508,0.772,398.086,398.858,57350
[CALIB_PROFILE] | 10.0 | | 10.0 **10.0**212,508,0.752,398.023,398.775,57858
[CALIB_PROFILE] | 10.0 | | 10.0 **10.0**213,508,0.731,398.258,398.990,58366
[CALIB_PROFILE] | 10.0 | | 10.0 **10.0**214,508,0.727,398.190,398.918,58874
[CALIB_PROFILE] | 10.0 | | 10.0 **10.0**215,298,0.733,345.093,345.827,59172
[CALIB_PROFILE] | 10.0 | | 10.0 **10.0**216,508,0.744,398.207,398.952,59680
[CALIB_PROFILE] | 10.0 | | 10.0 **10.0**217,508,0.760,398.041,398.801,60188
[CALIB_PROFILE] | 10.0 | | 10.0 **10.0**218,508,0.699,398.127,398.826,60696
[CALIB_PROFILE] | 10.0 | | 10.0 **10.0**219,508,0.815,398.072,398.887,61204
[CALIB_PROFILE] | 10.0 | | 10.0 **10.0**220,508,0.720,398.050,398.771,61712
[CALIB_PROFILE] | 10.0 | | 10.0 **10.0**221,508,0.736,398.158,398.894,62220
[CALIB_PROFILE] | 10.0 | | 10.0 **10.0**222,508,0.731,398.113,398.844,62728
[CALIB_PROFILE] | 10.0 | | 10.0 **10.0**223,508,0.701,398.216,398.917,63236
[CALIB_PROFILE] | 10.0 | | 10.0 **10.0**224,95,0.771,159.606,160.378,63331
[CALIB_PROFILE] | 10.0 | | 10.0 **10.0**225,508,0.681,398.066,398.748,63839
[CALIB_PROFILE] | 10.0 | | 10.0 **10.0**226,44,0.699,149.806,150.505,63883
[CALIB_PROFILE] | 10.0 | | 10.0 **10.0**227,1,0.684,14.204,14.888,63884
[CALIB_PROFILE] | 10.0 | | 10.0 **10.0**228,21,0.654,146.494,147.148,63905
[CALIB_PROFILE] | 10.0 | | 10.0 **10.0**229,1,0.684,14.231,14.914,63906
[CALIB_PROFILE] | 10.0 | | 10.0 **10.0**230,115,0.662,164.497,165.159,64021
[CALIB_PROFILE] | 10.0 | | 10.0 **10.0**231,1,0.681,14.229,14.911,64022
[CALIB_PROFILE] | 10.0 | | 10.0 **10.0**232,5,0.659,144.540,145.199,64027
[CALIB_PROFILE] | 10.0 | | 10.0 **10.0**233,144,0.682,170.115,170.797,64171
[CALIB_PROFILE] | 10.0 | | 10.0 **10.0**234,54,0.678,151.372,152.050,64225
[CALIB_PROFILE] | 10.0 | | 10.0 **10.0**235,1,0.677,14.227,14.904,64226
[CALIB_PROFILE] | 10.0 | | 10.0 **10.0**236,3,0.656,46.920,47.577,64229
[CALIB_PROFILE] | 10.0 | | 10.0 **10.0**237,426,0.663,375.080,375.743,64655
[CALIB_PROFILE] | 10.0 | | 10.0 **10.0**238,1,0.688,14.216,14.904,64656
[CALIB_PROFILE] | 10.0 | | 10.0 **10.0**239,7,0.683,144.768,145.451,64663
[CALIB_PROFILE] | 10.0 | | 10.0 **10.0**240,24,0.676,146.775,147.452,64687
[CALIB_PROFILE] | 10.0 | | 10.0 **10.0**241,8,0.681,144.814,145.496,64695
[CALIB_PROFILE] | 10.0 | | 10.0 **10.0**242,24,0.671,146.806,147.478,64719
[CALIB_PROFILE] | 10.0 | | 10.0 **10.0**243,48,0.675,150.451,151.127,64767
[CALIB_PROFILE] | 10.0 | | 10.0 **10.0**244,27,0.681,147.261,147.942,64794
[CALIB_PROFILE] | 10.0 | | 10.0 **10.0**245,26,0.673,147.102,147.775,64820
[CALIB_PROFILE] | 10.0 | | 10.0 **10.0**246,58,0.675,152.041,152.717,64878
[CALIB_PROFILE] | 10.0 | | 10.0 **10.0**247,57,0.679,151.927,152.606,64935
[CALIB_PROFILE] | 10.0 | | 10.0 **10.0**248,101,0.667,160.999,161.666,65036
[CALIB_PROFILE] | 10.0 | | 10.0 **10.0**249,56,0.682,151.674,152.357,65092
[CALIB_PROFILE] | 10.0 | | 10.0 **10.0**250,25,0.671,146.994,147.665,65117
[CALIB_PROFILE] | 10.0 | | 10.0 **10.0**251,89,0.679,158.028,158.708,65206
[CALIB_PROFILE] | 10.0 | | 10.0 **10.0**252,1,0.674,14.186,14.861,65207
[CALIB_PROFILE] | 10.0 | | 10.0 **10.0**253,3,0.661,47.032,47.693,65210
[CALIB_PROFILE] | 10.0 | | 10.0 **10.0**254,33,0.664,148.136,148.800,65243
[CALIB_PROFILE] | 10.0 | | 10.0 **10.0**255,35,0.678,148.412,149.090,65278
[CALIB_PROFILE] | 10.0 | | 10.0 **10.0**256,17,0.674,145.863,146.538,65295
[CALIB_PROFILE] | 10.0 | | 10.0 **10.0**257,11,0.679,145.216,145.895,65306
[CALIB_PROFILE] | 10.0 | | 10.0 **10.0**258,55,0.683,151.553,152.236,65361
[CALIB_PROFILE] | 10.0 | | 10.0 **10.0**259,17,0.685,145.848,146.533,65378
[CALIB_PROFILE] | 10.0 | | 10.0 **10.0**260,125,0.677,166.696,167.373,65503
[CALIB_PROFILE] | 10.0 | | 10.0 **10.0**261,1,0.677,14.207,14.884,65504
[CALIB_PROFILE] | 10.0 | | 10.0 **10.0**262,9,0.663,144.903,145.566,65513
[CALIB_PROFILE] | 10.0 | | 10.0 **10.0**263,49,0.672,150.598,151.271,65562
[CALIB_PROFILE] | 10.0 | | 10.0 **10.0**264,105,0.659,162.034,162.693,65667
[CALIB_PROFILE] | 10.0 | | 10.0 **10.0**265,1,0.670,14.217,14.887,65668
[CALIB_PROFILE] | 10.0 | | 10.0 **10.0**266,7,0.659,144.736,145.395,65675
[CALIB_PROFILE] | 10.0 | | 10.0 **10.0**267,102,0.678,161.249,161.927,65777
[CALIB_PROFILE] | 10.0 | | 10.0 **10.0**268,88,0.673,157.696,158.369,65865
[CALIB_PROFILE] | 10.0 | | 10.0 **10.0**269,1,0.694,14.186,14.880,65866
[CALIB_PROFILE] | 10.0 | | 10.0 **10.0**270,71,0.690,154.203,154.893,65937
[CALIB_PROFILE] | 10.0 | | 10.0 **10.0**271,1,0.673,14.167,14.840,65938
[CALIB_PROFILE] | 10.0 | | 10.0 **10.0**272,44,0.659,149.819,150.478,65982
[CALIB_PROFILE] | 10.0 | | 10.0 **10.0**273,508,0.689,398.254,398.943,66490
[CALIB_PROFILE] | 10.0 | | 10.0 **10.0**274,508,0.681,398.132,398.813,66998
[CALIB_PROFILE] | 10.0 | | 10.0 **10.0**275,508,0.729,398.238,398.966,67506
[CALIB_PROFILE] | 10.0 | | 10.0 **10.0**276,508,0.735,398.171,398.907,68014
[CALIB_PROFILE] | 10.0 | | 10.0 **10.0**277,508,0.752,398.076,398.828,68522
[CALIB_PROFILE] | 10.0 | | 10.0 **10.0**278,508,0.723,398.145,398.869,69030
[CALIB_PROFILE] | 10.0 | | 10.0 **10.0**279,508,0.748,398.141,398.889,69538
[CALIB_PROFILE] | 10.0 | | 10.0 **10.0**280,232,0.740,193.285,194.025,69770
[CALIB_PROFILE] | 10.0 | | 10.0 **10.0**281,508,0.679,398.160,398.839,70278
[CALIB_PROFILE] | 10.0 | | 10.0 **10.0**282,24,0.735,146.822,147.557,70302
[CALIB_PROFILE] | 10.0 | | 10.0 **10.0**283,40,0.672,149.165,149.837,70342
[CALIB_PROFILE] | 10.0 | | 10.0 **10.0**284,508,0.701,398.165,398.867,70850
[CALIB_PROFILE] | 10.0 | | 10.0 **10.0**285,508,0.736,398.130,398.866,71358
[CALIB_PROFILE] | 10.0 | | 10.0 **10.0**286,94,0.742,159.266,160.008,71452
[CALIB_PROFILE] | 10.0 | | 10.0 **10.0**287,508,0.677,398.103,398.780,71960
[CALIB_PROFILE] | 10.0 | | 10.0 **10.0**288,508,0.741,398.115,398.856,72468
[CALIB_PROFILE] | 10.0 | | 10.0 **10.0**289,135,0.726,167.891,168.617,72603
[CALIB_PROFILE] | 10.0 | | 10.0 **10.0**290,111,0.672,163.406,164.078,72714
[CALIB_PROFILE] | 10.0 | | 10.0 **10.0**291,10,0.678,145.095,145.773,72724
[CALIB_PROFILE] | 10.0 | | 10.0 **10.0**292,58,0.674,152.029,152.703,72782
[CALIB_PROFILE] | 10.0 | | 10.0 **10.0**293,46,0.677,150.152,150.829,72828
[CALIB_PROFILE] | 10.0 | | 10.0 **10.0**294,508,0.662,398.033,398.695,73336
[CALIB_PROFILE] | 10.0 | | 10.0 **10.0**295,508,0.689,398.168,398.857,73844
[CALIB_PROFILE] | 10.0 | | 10.0 **10.0**296,437,0.738,377.892,378.629,74281
[CALIB_PROFILE] | 10.0 | | 10.0 **10.0**297,42,0.694,149.478,150.172,74323
[CALIB_PROFILE] | 10.0 | | 10.0 **10.0**298,38,0.675,148.800,149.475,74361
[CALIB_PROFILE] | 10.0 | | 10.0 **10.0**299,39,0.675,149.081,149.757,74400
[CALIB_PROFILE] | 10.0 | | 10.0 **10.0**300,20,0.681,146.244,146.925,74420
[CALIB_PROFILE] | 10.0 | | 10.0 **10.0**301,69,0.679,153.823,154.502,74489
[CALIB_PROFILE] | 10.0 | | 10.0 **10.0**302,508,0.690,398.113,398.804,74997
[CALIB_PROFILE] | 10.0 | | 10.0 **10.0**303,98,0.742,160.231,160.973,75095
[CALIB_PROFILE] | 10.0 | | 10.0 **10.0**304,4,0.670,144.437,145.108,75099
[CALIB_PROFILE] | 10.0 | | 10.0 **10.0**305,59,0.678,152.208,152.886,75158
[CALIB_PROFILE] | 10.0 | | 10.0 **10.0**306,89,0.675,158.032,158.707,75247
[CALIB_PROFILE] | 10.0 | | 10.0 **10.0**307,146,0.682,170.811,171.493,75393
[CALIB_PROFILE] | 10.0 | | 10.0 **10.0**308,45,0.690,150.022,150.712,75438
[CALIB_PROFILE] | 10.0 | | 10.0 **10.0**309,53,0.672,151.194,151.866,75491
[CALIB_PROFILE] | 10.0 | | 10.0 **10.0**310,508,0.675,398.076,398.752,75999
[CALIB_PROFILE] | 10.0 | | 10.0 **10.0**311,508,0.678,398.197,398.876,76507
[CALIB_PROFILE] | 10.0 | | 10.0 **10.0**312,508,0.777,398.146,398.924,77015
[CALIB_PROFILE] | 10.0 | | 10.0 **10.0**313,508,0.734,398.086,398.821,77523
[CALIB_PROFILE] | 10.0 | | 10.0 **10.0**314,508,0.695,398.206,398.901,78031
[CALIB_PROFILE] | 10.0 | | 10.0 **10.0**315,508,0.732,398.075,398.807,78539
[CALIB_PROFILE] | 10.0 | | 10.0 **10.0**316,508,0.741,398.015,398.756,79047
[CALIB_PROFILE] | 10.0 | | 10.0 **10.0**317,42,0.741,149.489,150.230,79089
[CALIB_PROFILE] | 10.0 | | 10.0 **10.0**318,29,0.679,147.545,148.225,79118
[CALIB_PROFILE] | 10.0 | | 10.0 **10.0**319,508,0.679,398.205,398.884,79626
[CALIB_PROFILE] | 10.0 | | 10.0 **10.0**320,108,0.743,162.647,163.390,79734
[CALIB_PROFILE] | 10.0 | | 10.0 **10.0**321,21,0.671,146.416,147.088,79755
[CALIB_PROFILE] | 10.0 | | 10.0 **10.0**322,508,0.667,398.135,398.802,80263
[CALIB_PROFILE] | 10.0 | | 10.0 **10.0**323,249,0.676,198.231,198.907,80512
[CALIB_PROFILE] | 10.0 | | 10.0 **10.0**324,508,0.678,398.233,398.911,81020
[CALIB_PROFILE] | 10.0 | | 10.0 **10.0**325,31,0.732,147.798,148.530,81051
[CALIB_PROFILE] | 10.0 | | 10.0 **10.0**326,508,0.676,398.226,398.902,81559
[CALIB_PROFILE] | 10.0 | | 10.0 **10.0**327,508,0.717,398.243,398.960,82067
[CALIB_PROFILE] | 10.0 | | 10.0 **10.0**328,174,0.726,178.299,179.025,82241
[CALIB_PROFILE] | 10.0 | | 10.0 **10.0**329,508,0.674,398.217,398.891,82749
[CALIB_PROFILE] | 10.0 | | 10.0 **10.0**330,285,0.725,343.042,343.767,83034
[CALIB_PROFILE] | 10.0 | | 10.0 **10.0**331,34,0.734,148.213,148.947,83068
[CALIB_PROFILE] | 10.0 | | 10.0 **10.0**332,42,0.691,149.503,150.195,83110
[CALIB_PROFILE] | 10.0 | | 10.0 **10.0**333,508,0.672,398.199,398.871,83618
[CALIB_PROFILE] | 10.0 | | 10.0 **10.0**334,167,0.685,176.582,177.268,83785
[CALIB_PROFILE] | 10.0 | | 10.0 **10.0**335,10,0.683,145.095,145.778,83795
[CALIB_PROFILE] | 10.0 | | 10.0 **10.0**336,1,0.670,14.226,14.896,83796
[CALIB_PROFILE] | 10.0 | | 10.0 **10.0**337,139,0.656,168.836,169.492,83935
[CALIB_PROFILE] | 10.0 | | 10.0 **10.0**338,1,0.681,14.195,14.877,83936
[CALIB_PROFILE] | 10.0 | | 10.0 **10.0**339,125,0.696,166.647,167.343,84061
[CALIB_PROFILE] | 10.0 | | 10.0 **10.0**340,1,0.680,14.253,14.934,84062
[CALIB_PROFILE] | 10.0 | | 10.0 **10.0**341,8,0.668,144.750,145.418,84070
[CALIB_PROFILE] | 10.0 | | 10.0 **10.0**342,19,0.678,146.161,146.839,84089
[CALIB_PROFILE] | 10.0 | | 10.0 **10.0**343,12,0.675,145.323,145.998,84101
[CALIB_PROFILE] | 10.0 | | 10.0 **10.0**344,22,0.677,146.534,147.211,84123
[CALIB_PROFILE] | 10.0 | | 10.0 **10.0**345,24,0.765,146.835,147.600,84147
[CALIB_PROFILE] | 10.0 | | 10.0 **10.0**346,11,0.693,145.183,145.876,84158
[CALIB_PROFILE] | 10.0 | | 10.0 **10.0**347,508,0.694,398.173,398.867,84666
[CALIB_PROFILE] | 10.0 | | 10.0 **10.0**348,508,0.686,398.343,399.029,85174
[CALIB_PROFILE] | 10.0 | | 10.0 **10.0**349,508,0.705,398.136,398.842,85682
[CALIB_PROFILE] | 10.0 | | 10.0 **10.0**350,508,0.684,398.116,398.800,86190
[CALIB_PROFILE] | 10.0 | | 10.0 **10.0**351,508,0.679,398.172,398.851,86698
[CALIB_PROFILE] | 10.0 | | 10.0 **10.0**352,508,0.675,398.075,398.750,87206
[CALIB_PROFILE] | 10.0 | | 10.0 **10.0**353,508,0.676,398.113,398.790,87714
[CALIB_PROFILE] | 10.0 | | 10.0 **10.0**354,55,0.679,151.486,152.165,87769
[CALIB_PROFILE] | 10.0 | | 10.0 **10.0**355,508,0.670,398.090,398.760,88277
[CALIB_PROFILE] | 10.0 | | 10.0 **10.0**356,35,0.685,148.408,149.093,88312
[CALIB_PROFILE] | 10.0 | | 10.0 **10.0**357,508,0.671,398.159,398.830,88820
[CALIB_PROFILE] | 10.0 | | 10.0 **10.0**358,20,0.683,146.282,146.966,88840
[CALIB_PROFILE] | 10.0 | | 10.0 **10.0**359,508,0.676,398.075,398.751,89348
[CALIB_PROFILE] | 10.0 | | 10.0 **10.0**360,54,0.682,151.396,152.079,89402
[CALIB_PROFILE] | 10.0 | | 10.0 **10.0**361,508,0.688,398.206,398.895,89910
[CALIB_PROFILE] | 10.0 | | 10.0 **10.0**362,23,0.678,146.697,147.376,89933
[CALIB_PROFILE] | 10.0 | | 10.0 **10.0**363,508,0.674,398.199,398.873,90441
[CALIB_PROFILE] | 10.0 | | 10.0 **10.0**364,508,0.757,398.101,398.859,90949
[CALIB_PROFILE] | 10.0 | | 10.0 **10.0**365,508,0.737,398.085,398.823,91457
[CALIB_PROFILE] | 10.0 | | 10.0 **10.0**366,508,0.742,398.046,398.788,91965
[CALIB_PROFILE] | 10.0 | | 10.0 **10.0**367,21,0.742,146.394,147.136,91986
[CALIB_PROFILE] | 10.0 | | 10.0 **10.0**368,25,0.678,146.925,147.604,92011
[CALIB_PROFILE] | 10.0 | | 10.0 **10.0**369,508,0.676,398.074,398.750,92519
[CALIB_PROFILE] | 10.0 | | 10.0 **10.0**370,319,0.738,348.814,349.552,92838
[CALIB_PROFILE] | 10.0 | | 10.0 **10.0**371,508,0.731,398.167,398.898,93346
[CALIB_PROFILE] | 10.0 | | 10.0 **10.0**372,508,0.735,398.281,399.017,93854
[CALIB_PROFILE] | 10.0 | | 10.0 **10.0**373,67,0.749,153.498,154.247,93921
[CALIB_PROFILE] | 10.0 | | 10.0 **10.0**374,22,0.676,146.550,147.226,93943
[CALIB_PROFILE] | 10.0 | | 10.0 **10.0**375,19,0.673,146.143,146.816,93962
[CALIB_PROFILE] | 10.0 | | 10.0 **10.0**376,261,0.700,340.139,340.839,94223
[CALIB_PROFILE] | 10.0 | | 10.0 **10.0**377,6,0.742,144.564,145.307,94229
[CALIB_PROFILE] | 10.0 | | 10.0 **10.0**378,41,0.679,149.396,150.076,94270
[CALIB_PROFILE] | 10.0 | | 10.0 **10.0**379,59,0.672,152.211,152.884,94329
[CALIB_PROFILE] | 10.0 | | 10.0 **10.0**380,40,0.679,149.179,149.858,94369
[CALIB_PROFILE] | 10.0 | | 10.0 **10.0**381,38,0.697,148.806,149.504,94407
[CALIB_PROFILE] | 10.0 | | 10.0 **10.0**382,41,0.683,149.379,150.062,94448
[CALIB_PROFILE] | 10.0 | | 10.0 **10.0**383,43,0.687,149.749,150.436,94491
[CALIB_PROFILE] | 10.0 | | 10.0 **10.0**384,79,0.674,155.720,156.394,94570
[CALIB_PROFILE] | 10.0 | | 10.0 **10.0**385,36,0.684,148.526,149.210,94606
[CALIB_PROFILE] | 10.0 | | 10.0 **10.0**386,45,0.684,150.031,150.715,94651
[CALIB_PROFILE] | 10.0 | | 10.0 **10.0**387,68,0.680,153.691,154.372,94719
[CALIB_PROFILE] | 10.0 | | 10.0 **10.0**388,5,0.681,144.548,145.230,94724
[CALIB_PROFILE] | 10.0 | | 10.0 **10.0**389,14,0.675,145.542,146.217,94738
[CALIB_PROFILE] | 10.0 | | 10.0 **10.0**390,12,0.672,145.318,145.990,94750
[CALIB_PROFILE] | 10.0 | | 10.0 **10.0**391,19,0.671,146.138,146.810,94769
[CALIB_PROFILE] | 10.0 | | 10.0 **10.0**392,23,0.671,146.681,147.353,94792
[CALIB_PROFILE] | 10.0 | | 10.0 **10.0**393,13,0.676,145.431,146.107,94805
[CALIB_PROFILE] | 10.0 | | 10.0 **10.0**394,65,0.679,153.270,153.949,94870
[CALIB_PROFILE] | 10.0 | | 10.0 **10.0**395,24,0.674,146.798,147.472,94894
[CALIB_PROFILE] | 10.0 | | 10.0 **10.0**396,508,0.671,398.219,398.890,95402
[CALIB_PROFILE] | 10.0 | | 10.0 **10.0**397,508,0.676,398.195,398.871,95910
[CALIB_PROFILE] | 10.0 | | 10.0 **10.0**398,508,0.678,398.100,398.778,96418
[CALIB_PROFILE] | 10.0 | | 10.0 **10.0**399,508,0.682,398.180,398.862,96926
[CALIB_PROFILE] | 10.0 | | 10.0 **10.0**400,508,0.688,398.245,398.933,97434
[CALIB_PROFILE] | 10.0 | | 10.0 **10.0**401,508,0.679,398.152,398.832,97942
[CALIB_PROFILE] | 10.0 | | 10.0 **10.0**402,508,0.686,398.130,398.816,98450
[CALIB_PROFILE] | 10.0 | | 10.0 **10.0**403,309,0.674,346.869,347.543,98759
[CALIB_PROFILE] | 10.0 | | 10.0 **10.0**404,32,0.688,147.980,148.668,98791
[CALIB_PROFILE] | 10.0 | | 10.0 **10.0**405,40,0.692,149.157,149.849,98831
[CALIB_PROFILE] | 10.0 | | 10.0 **10.0**406,31,0.678,147.802,148.480,98862
[CALIB_PROFILE] | 10.0 | | 10.0 **10.0**407,27,0.675,147.229,147.905,98889
[CALIB_PROFILE] | 10.0 | | 10.0 **10.0**408,43,0.682,149.705,150.387,98932
[CALIB_PROFILE] | 10.0 | | 10.0 **10.0**409,508,0.674,398.107,398.781,99440
[CALIB_PROFILE] | 10.0 | | 10.0 **10.0**410,74,0.683,154.726,155.409,99514
[CALIB_PROFILE] | 10.0 | | 10.0 **10.0**411,192,0.693,182.742,183.436,99706
[CALIB_PROFILE] | 10.0 | | 10.0 **10.0**412,508,0.655,398.097,398.752,100214
[CALIB_PROFILE] | 10.0 | | 10.0 **10.0**413,508,0.737,398.138,398.874,100722
[CALIB_PROFILE] | 10.0 | | 10.0 **10.0**414,508,0.694,398.292,398.987,101230
[CALIB_PROFILE] | 10.0 | | 10.0 **10.0**415,110,0.789,163.210,163.999,101340
[CALIB_PROFILE] | 10.0 | | 10.0 **10.0**416,508,0.660,398.197,398.858,101848
[CALIB_PROFILE] | 10.0 | | 10.0 **10.0**417,508,0.683,398.143,398.827,102356
[CALIB_PROFILE] | 10.0 | | 10.0 **10.0**418,43,0.678,149.738,150.415,102399
[CALIB_PROFILE] | 10.0 | | 10.0 **10.0**419,38,0.694,148.794,149.488,102437
[CALIB_PROFILE] | 10.0 | | 10.0 **10.0**420,35,0.706,148.392,149.098,102472
[CALIB_PROFILE] | 10.0 | | 10.0 **10.0**421,508,0.704,398.181,398.885,102980
[CALIB_PROFILE] | 10.0 | | 10.0 **10.0**422,508,0.674,398.389,399.064,103488
[CALIB_PROFILE] | 10.0 | | 10.0 **10.0**423,508,0.688,398.208,398.897,103996
[CALIB_PROFILE] | 10.0 | | 10.0 **10.0**424,508,0.684,398.313,398.998,104504
[CALIB_PROFILE] | 10.0 | | 10.0 **10.0**425,508,0.706,398.152,398.858,105012
[CALIB_PROFILE] | 10.0 | | 10.0 **10.0**426,508,0.676,398.163,398.839,105520
[CALIB_PROFILE] | 10.0 | | 10.0 **10.0**427,508,0.680,398.081,398.761,106028
[CALIB_PROFILE] | 10.0 | | 10.0 **10.0**428,508,0.686,398.263,398.949,106536
[CALIB_PROFILE] | 10.0 | | 10.0 **10.0**429,4,0.678,144.476,145.154,106540
[CALIB_PROFILE] | 10.0 | | 10.0 **10.0**430,97,0.673,160.082,160.755,106637
[CALIB_PROFILE] | 10.0 | | 10.0 **10.0**431,91,0.684,158.629,159.314,106728
[CALIB_PROFILE] | 10.0 | | 10.0 **10.0**432,89,0.673,158.051,158.724,106817
[CALIB_PROFILE] | 10.0 | | 10.0 **10.0**433,37,0.677,148.725,149.403,106854
[CALIB_PROFILE] | 10.0 | | 10.0 **10.0**434,22,0.668,146.586,147.254,106876
[CALIB_PROFILE] | 10.0 | | 10.0 **10.0**435,508,0.676,398.203,398.880,107384
[CALIB_PROFILE] | 10.0 | | 10.0 **10.0**436,508,0.688,398.230,398.918,107892
[CALIB_PROFILE] | 10.0 | | 10.0 **10.0**437,508,0.680,398.269,398.950,108400
[CALIB_PROFILE] | 10.0 | | 10.0 **10.0**438,508,0.678,398.305,398.983,108908
[CALIB_PROFILE] | 10.0 | | 10.0 **10.0**439,508,0.682,398.274,398.957,109416
[CALIB_PROFILE] | 10.0 | | 10.0 **10.0**440,508,0.680,398.270,398.950,109924
[CALIB_PROFILE] | 10.0 | | 10.0 **10.0**441,508,0.682,398.282,398.964,110432
[CALIB_PROFILE] | 10.0 | | 10.0 **10.0**442,19,0.680,146.163,146.843,110451
[CALIB_PROFILE] | 10.0 | | 10.0 **10.0**443,94,0.676,159.307,159.983,110545
[CALIB_PROFILE] | 10.0 | | 10.0 **10.0**444,508,0.672,398.337,399.009,111053
[CALIB_PROFILE] | 10.0 | | 10.0 **10.0**445,508,0.674,398.321,398.995,111561
[CALIB_PROFILE] | 10.0 | | 10.0 **10.0**446,17,0.676,145.887,146.564,111578
[CALIB_PROFILE] | 10.0 | | 10.0 **10.0**447,508,0.678,398.185,398.863,112086
[CALIB_PROFILE] | 10.0 | | 10.0 **10.0**448,391,0.693,365.108,365.802,112477
[CALIB_PROFILE] | 10.0 | | 10.0 **10.0**449,508,0.690,398.198,398.888,112985
[CALIB_PROFILE] | 10.0 | | 10.0 **10.0**450,508,0.681,398.309,398.990,113493
[CALIB_PROFILE] | 10.0 | | 10.0 **10.0**451,508,0.684,398.210,398.894,114001
[CALIB_PROFILE] | 10.0 | | 10.0 **10.0**452,198,0.677,184.020,184.696,114199
[CALIB_PROFILE] | 10.0 | | 10.0 **10.0**453,508,0.662,398.298,398.960,114707
[CALIB_PROFILE] | 10.0 | | 10.0 **10.0**454,508,0.782,398.216,398.999,115215
[CALIB_PROFILE] | 10.0 | | 10.0 **10.0**455,508,0.680,398.383,399.063,115723
[CALIB_PROFILE] | 10.0 | | 10.0 **10.0**456,30,0.675,147.707,148.382,115753
[CALIB_PROFILE] | 10.0 | | 10.0 **10.0**457,508,0.689,398.211,398.900,116261
[CALIB_PROFILE] | 10.0 | | 10.0 **10.0**458,37,0.685,148.680,149.365,116298
[CALIB_PROFILE] | 10.0 | | 10.0 **10.0**459,508,0.681,398.292,398.973,116806
[CALIB_PROFILE] | 10.0 | | 10.0 **10.0**460,55,0.691,151.460,152.151,116861
[CALIB_PROFILE] | 10.0 | | 10.0 **10.0**461,508,0.674,398.273,398.947,117369
[CALIB_PROFILE] | 10.0 | | 10.0 **10.0**462,84,0.682,156.829,157.512,117453
[CALIB_PROFILE] | 10.0 | | 10.0 **10.0**463,19,0.688,146.166,146.854,117472
[CALIB_PROFILE] | 10.0 | | 10.0 **10.0**464,4,0.685,144.427,145.112,117476
[CALIB_PROFILE] | 10.0 | | 10.0 **10.0**465,6,0.686,144.609,145.295,117482
[CALIB_PROFILE] | 10.0 | | 10.0 **10.0**466,61,0.675,152.616,153.291,117543
[CALIB_PROFILE] | 10.0 | | 10.0 **10.0**467,81,0.672,156.129,156.802,117624
[CALIB_PROFILE] | 10.0 | | 10.0 **10.0**468,80,0.662,155.990,156.652,117704
[CALIB_PROFILE] | 10.0 | | 10.0 **10.0**469,57,0.660,151.897,152.557,117761
[CALIB_PROFILE] | 10.0 | | 10.0 **10.0**470,81,0.648,156.173,156.822,117842
[CALIB_PROFILE] | 10.0 | | 10.0 **10.0**471,6,0.683,144.623,145.306,117848
[CALIB_PROFILE] | 10.0 | | 10.0 **10.0**472,37,0.650,148.749,149.399,117885
[CALIB_PROFILE] | 10.0 | | 10.0 **10.0**473,44,0.652,149.888,150.540,117929
[CALIB_PROFILE] | 10.0 | | 10.0 **10.0**474,41,0.648,149.403,150.052,117970
[CALIB_PROFILE] | 10.0 | | 10.0 **10.0**475,31,0.658,147.867,148.525,118001
[CALIB_PROFILE] | 10.0 | | 10.0 **10.0**476,4,0.663,144.458,145.122,118005
[CALIB_PROFILE] | 10.0 | | 10.0 **10.0**477,18,0.651,146.019,146.670,118023
[CALIB_PROFILE] | 10.0 | | 10.0 **10.0**478,47,0.659,150.336,150.996,118070
[CALIB_PROFILE] | 10.0 | | 10.0 **10.0**479,508,0.676,398.244,398.921,118578
[CALIB_PROFILE] | 10.0 | | 10.0 **10.0**480,508,0.683,398.406,399.089,119086
[CALIB_PROFILE] | 10.0 | | 10.0 **10.0**481,508,0.729,398.291,399.021,119594
[CALIB_PROFILE] | 10.0 | | 10.0 **10.0**482,508,0.700,398.300,399.001,120102
[CALIB_PROFILE] | 10.0 | | 10.0 **10.0**483,508,0.727,398.303,399.030,120610
[CALIB_PROFILE] | 10.0 | | 10.0 **10.0**484,508,0.731,398.352,399.083,121118
[CALIB_PROFILE] | 10.0 | | 10.0 **10.0**485,508,0.724,398.180,398.904,121626
[CALIB_PROFILE] | 10.0 | | 10.0 **10.0**486,43,0.734,149.710,150.445,121669
[CALIB_PROFILE] | 10.0 | | 10.0 **10.0**487,203,0.681,185.251,185.932,121872
[CALIB_PROFILE] | 10.0 | | 10.0 **10.0**488,508,0.676,398.346,399.021,122380
[CALIB_PROFILE] | 10.0 | | 10.0 **10.0**489,508,0.758,398.367,399.126,122888
[CALIB_PROFILE] | 10.0 | | 10.0 **10.0**490,508,0.700,398.395,399.095,123396
[CALIB_PROFILE] | 10.0 | | 10.0 **10.0**491,448,0.679,380.881,381.560,123844
[CALIB_PROFILE] | 10.0 | | 10.0 **10.0**492,13,0.780,145.468,146.249,123857
[CALIB_PROFILE] | 10.0 | | 10.0 **10.0**493,370,0.679,361.027,361.706,124227
[CALIB_PROFILE] | 10.0 | | 10.0 **10.0**494,508,0.672,398.270,398.942,124735
[CALIB_PROFILE] | 10.0 | | 10.0 **10.0**495,508,0.677,398.342,399.019,125243
[CALIB_PROFILE] | 10.0 | | 10.0 **10.0**496,32,0.674,147.980,148.654,125275
[CALIB_PROFILE] | 10.0 | | 10.0 **10.0**497,508,0.683,398.274,398.957,125783
[CALIB_PROFILE] | 10.0 | | 10.0 **10.0**498,62,0.733,152.743,153.477,125845
[CALIB_PROFILE] | 10.0 | | 10.0 **10.0**499,38,0.687,148.879,149.566,125883
[CALIB_PROFILE] | 10.0 | | 10.0 **10.0**500,508,0.684,398.395,399.080,126391
[CALIB_PROFILE] | 10.0 | | 10.0 **10.0**501,508,0.684,398.411,399.096,126899
[CALIB_PROFILE] | 10.0 | | 10.0 **10.0**502,375,0.681,362.461,363.143,127274
[CALIB_PROFILE] | 10.0 | | 10.0 **10.0**503,508,0.759,398.313,399.072,127782
[CALIB_PROFILE] | 10.0 | | 10.0 **10.0**504,508,0.732,398.448,399.180,128290
[CALIB_PROFILE] | 10.0 | | 10.0 **10.0**505,508,0.761,398.450,399.211,128798
[CALIB_PROFILE] | 10.0 | | 10.0 **10.0**506,508,0.733,398.268,399.001,129306
[CALIB_PROFILE] | 10.0 | | 10.0 **10.0**507,508,0.735,398.167,398.901,129814
[CALIB_PROFILE] | 10.0 | | 10.0 **10.0**508,508,0.735,398.371,399.106,130322
[CALIB_PROFILE] | 10.0 | | 10.0 **10.0**509,508,0.729,398.286,399.015,130830
[CALIB_PROFILE] | 10.0 | | 10.0 **10.0**510,508,0.785,398.390,399.175,131338
[CALIB_PROFILE] | 10.0 | | 10.0 **10.0**511,508,0.726,398.180,398.906,131846
[CALIB_PROFILE] | 10.0 | | 10.0 **10.0**512,508,0.727,398.364,399.092,132354
[CALIB_PROFILE] | 10.0 | | 10.0 **10.0**513,100,0.726,160.688,161.414,132454
[CALIB_PROFILE] | 10.0 | | 10.0 **10.0**514,3,0.683,47.296,47.979,132457
[CALIB_PROFILE] | 10.0 | | 10.0 **10.0**515,186,0.678,181.437,182.115,132643
[CALIB_PROFILE] | 10.0 | | 10.0 **10.0**516,3,0.688,47.313,48.001,132646
[CALIB_PROFILE] | 10.0 | | 10.0 **10.0**517,63,0.683,153.006,153.689,132709
[CALIB_PROFILE] | 10.0 | | 10.0 **10.0**518,109,0.679,162.949,163.628,132818
[CALIB_PROFILE] | 10.0 | | 10.0 **10.0**519,64,0.682,153.088,153.770,132882
[CALIB_PROFILE] | 10.0 | | 10.0 **10.0**520,62,0.676,152.794,153.470,132944
[CALIB_PROFILE] | 10.0 | | 10.0 **10.0**521,3,0.679,47.324,48.003,132947
[CALIB_PROFILE] | 10.0 | | 10.0 **10.0**522,18,0.679,146.119,146.798,132965
[CALIB_PROFILE] | 10.0 | | 10.0 **10.0**523,37,0.754,148.745,149.499,133002
[CALIB_PROFILE] | 10.0 | | 10.0 **10.0**524,2,0.684,26.185,26.869,133004
[CALIB_PROFILE] | 10.0 | | 10.0 **10.0**525,72,0.699,154.434,155.133,133076
[CALIB_PROFILE] | 10.0 | | 10.0 **10.0**526,33,0.684,148.137,148.821,133109
[CALIB_PROFILE] | 10.0 | | 10.0 **10.0**527,508,0.688,398.362,399.050,133617
[CALIB_PROFILE] | 10.0 | | 10.0 **10.0**528,508,0.688,398.335,399.024,134125
[CALIB_PROFILE] | 10.0 | | 10.0 **10.0**529,508,0.689,398.349,399.038,134633
[CALIB_PROFILE] | 10.0 | | 10.0 **10.0**530,508,0.686,398.454,399.141,135141
[CALIB_PROFILE] | 10.0 | | 10.0 **10.0**531,508,0.678,398.392,399.071,135649
[CALIB_PROFILE] | 10.0 | | 10.0 **10.0**532,508,0.681,398.380,399.061,136157
[CALIB_PROFILE] | 10.0 | | 10.0 **10.0**533,508,0.715,398.320,399.035,136665
[CALIB_PROFILE] | 10.0 | | 10.0 **10.0**534,61,0.677,152.577,153.255,136726
[CALIB_PROFILE] | 10.0 | | 10.0 **10.0**535,34,0.676,148.242,148.917,136760
[CALIB_PROFILE] | 10.0 | | 10.0 **10.0**536,508,0.703,398.302,399.006,137268
[CALIB_PROFILE] | 10.0 | | 10.0 **10.0**537,508,0.683,398.392,399.076,137776
[CALIB_PROFILE] | 10.0 | | 10.0 **10.0**538,508,0.688,398.467,399.155,138284
[CALIB_PROFILE] | 10.0 | | 10.0 **10.0**539,382,0.685,364.074,364.759,138666
[CALIB_PROFILE] | 10.0 | | 10.0 **10.0**540,508,0.684,398.269,398.954,139174
[CALIB_PROFILE] | 10.0 | | 10.0 **10.0**541,508,0.683,398.462,399.145,139682
[CALIB_PROFILE] | 10.0 | | 10.0 **10.0**542,230,0.759,192.768,193.527,139912
[CALIB_PROFILE] | 10.0 | | 10.0 **10.0**543,22,0.678,146.546,147.224,139934
[CALIB_PROFILE] | 10.0 | | 10.0 **10.0**544,508,0.680,398.421,399.101,140442
[CALIB_PROFILE] | 10.0 | | 10.0 **10.0**545,18,0.748,146.047,146.795,140460
[CALIB_PROFILE] | 10.0 | | 10.0 **10.0**546,508,0.683,398.216,398.899,140968
[CALIB_PROFILE] | 10.0 | | 10.0 **10.0**547,25,0.739,147.016,147.756,140993
[CALIB_PROFILE] | 10.0 | | 10.0 **10.0**548,508,0.675,398.448,399.123,141501
[CALIB_PROFILE] | 10.0 | | 10.0 **10.0**549,15,0.735,145.691,146.426,141516
[CALIB_PROFILE] | 10.0 | | 10.0 **10.0**550,25,0.680,146.991,147.671,141541
[CALIB_PROFILE] | 10.0 | | 10.0 **10.0**551,508,0.680,398.245,398.926,142049
[CALIB_PROFILE] | 10.0 | | 10.0 **10.0**552,508,0.731,398.247,398.979,142557
[CALIB_PROFILE] | 10.0 | | 10.0 **10.0**553,508,0.733,398.433,399.167,143065
[CALIB_PROFILE] | 10.0 | | 10.0 **10.0**554,508,0.734,398.451,399.185,143573
[CALIB_PROFILE] | 10.0 | | 10.0 **10.0**555,508,0.741,398.272,399.013,144081
[CALIB_PROFILE] | 10.0 | | 10.0 **10.0**556,508,0.726,398.297,399.024,144589
[CALIB_PROFILE] | 10.0 | | 10.0 **10.0**557,508,0.696,398.203,398.899,145097
[CALIB_PROFILE] | 10.0 | | 10.0 **10.0**558,508,0.734,398.292,399.026,145605
[CALIB_PROFILE] | 10.0 | | 10.0 **10.0**559,508,0.754,398.285,399.039,146113
[CALIB_PROFILE] | 10.0 | | 10.0 **10.0**560,68,0.733,153.773,154.506,146181
[CALIB_PROFILE] | 10.0 | | 10.0 **10.0**561,508,0.682,398.269,398.951,146689
[CALIB_PROFILE] | 10.0 | | 10.0 **10.0**562,508,0.732,398.354,399.087,147197
[CALIB_PROFILE] | 10.0 | | 10.0 **10.0**563,508,0.740,398.235,398.976,147705
[CALIB_PROFILE] | 10.0 | | 10.0 **10.0**564,508,0.814,398.224,399.039,148213
[CALIB_PROFILE] | 10.0 | | 10.0 **10.0**565,508,0.722,398.292,399.014,148721
[CALIB_PROFILE] | 10.0 | | 10.0 **10.0**566,508,0.755,398.446,399.202,149229
[CALIB_PROFILE] | 10.0 | | 10.0 **10.0**567,508,0.737,398.312,399.049,149737
[CALIB_PROFILE] | 10.0 | | 10.0 **10.0**568,508,0.785,398.269,399.055,150245
[CALIB_PROFILE] | 10.0 | | 10.0 **10.0**569,508,0.732,398.460,399.192,150753
[CALIB_PROFILE] | 10.0 | | 10.0 **10.0**570,243,0.740,196.514,197.254,150996
[CALIB_PROFILE] | 10.0 | | 10.0 **10.0**571,28,0.687,147.438,148.125,151024
[CALIB_PROFILE] | 10.0 | | 10.0 **10.0**572,1,0.689,14.266,14.955,151025
[CALIB_PROFILE] | 10.0 | | 10.0 **10.0**573,7,0.669,144.773,145.442,151032
[CALIB_PROFILE] | 10.0 | | 10.0 **10.0**574,294,0.681,344.606,345.287,151326
[CALIB_PROFILE] | 10.0 | | 10.0 **10.0**575,1,0.779,14.262,15.041,151327
[CALIB_PROFILE] | 10.0 | | 10.0 **10.0**576,6,0.666,144.661,145.328,151333
[CALIB_PROFILE] | 10.0 | | 10.0 **10.0**577,89,0.688,158.008,158.696,151422
[CALIB_PROFILE] | 10.0 | | 10.0 **10.0**578,46,0.685,150.162,150.847,151468
[CALIB_PROFILE] | 10.0 | | 10.0 **10.0**579,36,0.685,148.540,149.225,151504
[CALIB_PROFILE] | 10.0 | | 10.0 **10.0**580,1,0.702,14.238,14.940,151505
[CALIB_PROFILE] | 10.0 | | 10.0 **10.0**581,7,0.671,144.824,145.496,151512
[CALIB_PROFILE] | 10.0 | | 10.0 **10.0**582,35,0.678,148.426,149.105,151547
[CALIB_PROFILE] | 10.0 | | 10.0 **10.0**583,37,0.724,148.734,149.458,151584
[CALIB_PROFILE] | 10.0 | | 10.0 **10.0**584,1,0.685,14.253,14.938,151585
[CALIB_PROFILE] | 10.0 | | 10.0 **10.0**585,7,0.665,144.757,145.422,151592
[CALIB_PROFILE] | 10.0 | | 10.0 **10.0**586,45,0.679,150.062,150.741,151637
[CALIB_PROFILE] | 10.0 | | 10.0 **10.0**587,109,0.684,162.926,163.610,151746
[CALIB_PROFILE] | 10.0 | | 10.0 **10.0**588,45,0.695,150.018,150.713,151791
[CALIB_PROFILE] | 10.0 | | 10.0 **10.0**589,51,0.682,150.950,151.632,151842
[CALIB_PROFILE] | 10.0 | | 10.0 **10.0**590,1,0.689,14.260,14.949,151843
[CALIB_PROFILE] | 10.0 | | 10.0 **10.0**591,8,0.668,144.850,145.518,151851
[CALIB_PROFILE] | 10.0 | | 10.0 **10.0**592,74,0.680,154.706,155.386,151925
[CALIB_PROFILE] | 10.0 | | 10.0 **10.0**593,1,0.689,14.241,14.930,151926
[CALIB_PROFILE] | 10.0 | | 10.0 **10.0**594,5,0.667,144.553,145.221,151931
[CALIB_PROFILE] | 10.0 | | 10.0 **10.0**595,22,0.681,146.595,147.276,151953
[CALIB_PROFILE] | 10.0 | | 10.0 **10.0**596,38,0.679,148.825,149.504,151991
[CALIB_PROFILE] | 10.0 | | 10.0 **10.0**597,41,0.697,149.417,150.114,152032
[CALIB_PROFILE] | 10.0 | | 10.0 **10.0**598,35,0.686,148.450,149.136,152067
[CALIB_PROFILE] | 10.0 | | 10.0 **10.0**599,508,0.685,398.341,399.026,152575
[CALIB_PROFILE] | 10.0 | | 10.0 **10.0**600,508,0.679,398.317,398.996,153083
[CALIB_PROFILE] | 10.0 | | 10.0 **10.0**601,508,0.693,398.316,399.009,153591
[CALIB_PROFILE] | 10.0 | | 10.0 **10.0**602,508,0.710,398.400,399.111,154099
[CALIB_PROFILE] | 10.0 | | 10.0 **10.0**603,508,0.683,398.344,399.027,154607
[CALIB_PROFILE] | 10.0 | | 10.0 **10.0**604,508,0.678,398.337,399.015,155115
[CALIB_PROFILE] | 10.0 | | 10.0 **10.0**605,508,0.678,398.431,399.109,155623
[CALIB_PROFILE] | 10.0 | | 10.0 **10.0**606,255,0.683,199.880,200.564,155878
[CALIB_PROFILE] | 10.0 | | 10.0 **10.0**607,508,0.686,398.499,399.186,156386
[CALIB_PROFILE] | 10.0 | | 10.0 **10.0**608,508,0.728,398.419,399.147,156894
[CALIB_PROFILE] | 10.0 | | 10.0 **10.0**609,508,0.744,398.354,399.098,157402
[CALIB_PROFILE] | 10.0 | | 10.0 **10.0**610,508,0.741,398.438,399.179,157910
[CALIB_PROFILE] | 10.0 | | 10.0 **10.0**611,508,0.737,398.379,399.116,158418
[CALIB_PROFILE] | 10.0 | | 10.0 **10.0**612,508,0.736,398.384,399.120,158926
[CALIB_PROFILE] | 10.0 | | 10.0 **10.0**613,508,0.742,398.321,399.063,159434
[CALIB_PROFILE] | 10.0 | | 10.0 **10.0**614,508,0.739,398.511,399.250,159942
[CALIB_PROFILE] | 10.0 | | 10.0 **10.0**615,508,0.762,398.314,399.076,160450
[CALIB_PROFILE] | 10.0 | | 10.0 **10.0**616,100,0.743,160.600,161.344,160550
[CALIB_PROFILE] | 10.0 | | 10.0 **10.0**617,508,0.684,398.396,399.081,161058
[CALIB_PROFILE] | 10.0 | | 10.0 **10.0**618,422,0.727,374.028,374.755,161480
[CALIB_PROFILE] | 10.0 | | 10.0 **10.0**619,508,0.761,398.286,399.047,161988
[CALIB_PROFILE] | 10.0 | | 10.0 **10.0**620,100,0.741,160.558,161.299,162088
[CALIB_PROFILE] | 10.0 | | 10.0 **10.0**621,508,0.676,398.251,398.927,162596
[CALIB_PROFILE] | 10.0 | | 10.0 **10.0**622,508,0.746,398.369,399.115,163104
[CALIB_PROFILE] | 10.0 | | 10.0 **10.0**623,508,0.793,398.212,399.006,163612
[CALIB_PROFILE] | 10.0 | | 10.0 **10.0**624,100,0.721,160.634,161.356,163712
[CALIB_PROFILE] | 10.0 | | 10.0 **10.0**625,508,0.688,398.240,398.928,164220
[CALIB_PROFILE] | 10.0 | | 10.0 **10.0**626,27,0.732,147.261,147.993,164247
[CALIB_PROFILE] | 10.0 | | 10.0 **10.0**627,4,0.686,144.476,145.162,164251
[CALIB_PROFILE] | 10.0 | | 10.0 **10.0**628,134,0.685,167.648,168.333,164385
[CALIB_PROFILE] | 10.0 | | 10.0 **10.0**629,5,0.684,144.572,145.257,164390
[CALIB_PROFILE] | 10.0 | | 10.0 **10.0**630,66,0.675,153.461,154.136,164456
[CALIB_PROFILE] | 10.0 | | 10.0 **10.0**631,26,0.686,147.143,147.829,164482
[CALIB_PROFILE] | 10.0 | | 10.0 **10.0**632,62,0.672,152.776,153.449,164544
[CALIB_PROFILE] | 10.0 | | 10.0 **10.0**633,26,0.688,147.093,147.781,164570
[CALIB_PROFILE] | 10.0 | | 10.0 **10.0**634,33,0.678,148.122,148.801,164603
[CALIB_PROFILE] | 10.0 | | 10.0 **10.0**635,508,0.688,398.283,398.972,165111
[CALIB_PROFILE] | 10.0 | | 10.0 **10.0**636,508,0.673,398.288,398.961,165619
[CALIB_PROFILE] | 10.0 | | 10.0 **10.0**637,508,0.696,398.511,399.207,166127
[CALIB_PROFILE] | 10.0 | | 10.0 **10.0**638,508,0.688,398.426,399.114,166635
[CALIB_PROFILE] | 10.0 | | 10.0 **10.0**639,508,0.738,398.259,398.997,167143
[CALIB_PROFILE] | 10.0 | | 10.0 **10.0**640,508,0.745,398.351,399.096,167651
[CALIB_PROFILE] | 10.0 | | 10.0 **10.0**641,508,0.739,398.270,399.010,168159
[CALIB_PROFILE] | 10.0 | | 10.0 **10.0**642,508,0.749,398.422,399.172,168667
[CALIB_PROFILE] | 10.0 | | 10.0 **10.0**643,508,0.733,398.270,399.004,169175
[CALIB_PROFILE] | 10.0 | | 10.0 **10.0**644,508,0.679,398.389,399.068,169683
[CALIB_PROFILE] | 10.0 | | 10.0 **10.0**645,508,0.731,398.296,399.027,170191
[CALIB_PROFILE] | 10.0 | | 10.0 **10.0**646,508,0.741,398.408,399.149,170699
[CALIB_PROFILE] | 10.0 | | 10.0 **10.0**647,508,0.737,398.265,399.002,171207
[CALIB_PROFILE] | 10.0 | | 10.0 **10.0**648,508,0.739,398.392,399.132,171715
[CALIB_PROFILE] | 10.0 | | 10.0 **10.0**649,508,0.736,398.337,399.073,172223
[CALIB_PROFILE] | 10.0 | | 10.0 **10.0**650,33,0.757,148.131,148.888,172256
[CALIB_PROFILE] | 10.0 | | 10.0 **10.0**651,508,0.680,398.347,399.027,172764
[CALIB_PROFILE] | 10.0 | | 10.0 **10.0**652,508,0.737,398.289,399.026,173272
[CALIB_PROFILE] | 10.0 | | 10.0 **10.0**653,508,0.734,398.371,399.105,173780
[CALIB_PROFILE] | 10.0 | | 10.0 **10.0**654,222,0.704,190.586,191.290,174002
[CALIB_PROFILE] | 10.0 | | 10.0 **10.0**655,508,0.676,398.326,399.002,174510
[CALIB_PROFILE] | 10.0 | | 10.0 **10.0**656,508,0.730,398.428,399.159,175018
[CALIB_PROFILE] | 10.0 | | 10.0 **10.0**657,508,0.736,398.220,398.957,175526
[CALIB_PROFILE] | 10.0 | | 10.0 **10.0**658,508,0.743,398.410,399.153,176034
[CALIB_PROFILE] | 10.0 | | 10.0 **10.0**659,508,0.733,398.285,399.018,176542
[CALIB_PROFILE] | 10.0 | | 10.0 **10.0**660,508,0.733,398.361,399.094,177050
[CALIB_PROFILE] | 10.0 | | 10.0 **10.0**661,508,0.732,398.437,399.169,177558
[CALIB_PROFILE] | 10.0 | | 10.0 **10.0**662,32,0.698,147.953,148.652,177590
[CALIB_PROFILE] | 10.0 | | 10.0 **10.0**663,62,0.685,152.775,153.460,177652
[CALIB_PROFILE] | 10.0 | | 10.0 **10.0**664,508,0.676,398.279,398.956,178160
[CALIB_PROFILE] | 10.0 | | 10.0 **10.0**665,77,0.786,155.294,156.080,178237
[CALIB_PROFILE] | 10.0 | | 10.0 **10.0**666,508,0.698,398.334,399.032,178745
[CALIB_PROFILE] | 10.0 | | 10.0 **10.0**667,508,0.730,398.330,399.060,179253
[CALIB_PROFILE] | 10.0 | | 10.0 **10.0**668,2,0.729,26.213,26.943,179255
[CALIB_PROFILE] | 10.0 | | 10.0 **10.0**669,33,0.670,148.150,148.820,179288
[CALIB_PROFILE] | 10.0 | | 10.0 **10.0**670,74,0.678,154.728,155.406,179362
[CALIB_PROFILE] | 10.0 | | 10.0 **10.0**671,59,0.674,152.246,152.920,179421
[CALIB_PROFILE] | 10.0 | | 10.0 **10.0**672,79,0.675,155.798,156.473,179500
[CALIB_PROFILE] | 10.0 | | 10.0 **10.0**673,86,0.677,157.254,157.932,179586
[CALIB_PROFILE] | 10.0 | | 10.0 **10.0**674,17,0.679,145.896,146.575,179603
[CALIB_PROFILE] | 10.0 | | 10.0 **10.0**675,17,0.683,145.866,146.549,179620
[CALIB_PROFILE] | 10.0 | | 10.0 **10.0**676,19,0.676,146.163,146.839,179639
[CALIB_PROFILE] | 10.0 | | 10.0 **10.0**677,508,0.696,398.456,399.152,180147
[CALIB_PROFILE] | 10.0 | | 10.0 **10.0**678,508,0.738,398.280,399.018,180655
[CALIB_PROFILE] | 10.0 | | 10.0 **10.0**679,508,0.725,398.266,398.991,181163
[CALIB_PROFILE] | 10.0 | | 10.0 **10.0**680,508,0.720,398.312,399.032,181671
[CALIB_PROFILE] | 10.0 | | 10.0 **10.0**681,508,0.731,398.294,399.025,182179
[CALIB_PROFILE] | 10.0 | | 10.0 **10.0**682,508,0.729,398.366,399.096,182687
[CALIB_PROFILE] | 10.0 | | 10.0 **10.0**683,508,0.733,398.184,398.917,183195
[CALIB_PROFILE] | 10.0 | | 10.0 **10.0**684,508,0.726,398.369,399.095,183703
[CALIB_PROFILE] | 10.0 | | 10.0 **10.0**685,33,0.769,148.111,148.880,183736
[CALIB_PROFILE] | 10.0 | | 10.0 **10.0**686,508,0.683,398.470,399.154,184244
[CALIB_PROFILE] | 10.0 | | 10.0 **10.0**687,508,0.682,398.401,399.083,184752
[CALIB_PROFILE] | 10.0 | | 10.0 **10.0**688,508,0.740,398.264,399.004,185260
[CALIB_PROFILE] | 10.0 | | 10.0 **10.0**689,508,0.705,398.209,398.914,185768
[CALIB_PROFILE] | 10.0 | | 10.0 **10.0**690,7,0.749,144.740,145.489,185775
[CALIB_PROFILE] | 10.0 | | 10.0 **10.0**691,508,0.697,398.301,398.998,186283
[CALIB_PROFILE] | 10.0 | | 10.0 **10.0**692,508,0.761,398.224,398.986,186791
[CALIB_PROFILE] | 10.0 | | 10.0 **10.0**693,508,0.761,398.376,399.137,187299
[CALIB_PROFILE] | 10.0 | | 10.0 **10.0**694,508,0.743,398.308,399.051,187807
[CALIB_PROFILE] | 10.0 | | 10.0 **10.0**695,4,0.703,144.494,145.197,187811
[CALIB_PROFILE] | 10.0 | | 10.0 **10.0**696,44,0.678,149.905,150.583,187855
[CALIB_PROFILE] | 10.0 | | 10.0 **10.0**697,28,0.681,147.461,148.142,187883
[CALIB_PROFILE] | 10.0 | | 10.0 **10.0**698,29,0.674,147.570,148.244,187912
[CALIB_PROFILE] | 10.0 | | 10.0 **10.0**699,21,0.680,146.464,147.144,187933
[CALIB_PROFILE] | 10.0 | | 10.0 **10.0**700,53,0.681,151.241,151.922,187986
[CALIB_PROFILE] | 10.0 | | 10.0 **10.0**701,45,0.683,150.003,150.686,188031
[CALIB_PROFILE] | 10.0 | | 10.0 **10.0**702,37,0.682,148.741,149.423,188068
[CALIB_PROFILE] | 10.0 | | 10.0 **10.0**703,508,0.683,398.370,399.053,188576
[CALIB_PROFILE] | 10.0 | | 10.0 **10.0**704,508,0.773,398.353,399.126,189084
[CALIB_PROFILE] | 10.0 | | 10.0 **10.0**705,22,0.746,146.566,147.312,189106
[CALIB_PROFILE] | 10.0 | | 10.0 **10.0**706,27,0.703,147.301,148.004,189133
[CALIB_PROFILE] | 10.0 | | 10.0 **10.0**707,9,0.683,144.941,145.624,189142
[CALIB_PROFILE] | 10.0 | | 10.0 **10.0**708,232,0.689,193.146,193.836,189374
[CALIB_PROFILE] | 10.0 | | 10.0 **10.0**709,508,0.683,398.290,398.973,189882
[CALIB_PROFILE] | 10.0 | | 10.0 **10.0**710,79,0.723,155.756,156.479,189961
[CALIB_PROFILE] | 10.0 | | 10.0 **10.0**711,64,0.723,153.154,153.878,190025
[CALIB_PROFILE] | 10.0 | | 10.0 **10.0**712,50,0.703,150.783,151.486,190075
[CALIB_PROFILE] | 10.0 | | 10.0 **10.0**713,400,0.701,367.525,368.226,190475
[CALIB_PROFILE] | 10.0 | | 10.0 **10.0**714,22,0.750,146.562,147.312,190497
[CALIB_PROFILE] | 10.0 | | 10.0 **10.0**715,91,0.693,158.649,159.341,190588
[CALIB_PROFILE] | 10.0 | | 10.0 **10.0**716,3,0.686,47.175,47.861,190591
[CALIB_PROFILE] | 10.0 | | 10.0 **10.0**717,94,0.680,159.424,160.104,190685
[CALIB_PROFILE] | 10.0 | | 10.0 **10.0**718,68,0.678,153.811,154.489,190753
[CALIB_PROFILE] | 10.0 | | 10.0 **10.0**719,94,0.681,159.361,160.042,190847
[CALIB_PROFILE] | 10.0 | | 10.0 **10.0**720,24,0.686,146.860,147.546,190871
[CALIB_PROFILE] | 10.0 | | 10.0 **10.0**721,508,0.678,398.162,398.840,191379
[CALIB_PROFILE] | 10.0 | | 10.0 **10.0**722,508,0.742,398.352,399.094,191887
[CALIB_PROFILE] | 10.0 | | 10.0 **10.0**723,508,0.731,398.296,399.026,192395
[CALIB_PROFILE] | 10.0 | | 10.0 **10.0**724,508,0.756,398.384,399.141,192903
[CALIB_PROFILE] | 10.0 | | 10.0 **10.0**725,508,0.759,398.290,399.049,193411
[CALIB_PROFILE] | 10.0 | | 10.0 **10.0**726,508,0.788,398.299,399.088,193919
[CALIB_PROFILE] | 10.0 | | 10.0 **10.0**727,508,0.685,398.223,398.908,194427
[CALIB_PROFILE] | 10.0 | | 10.0 **10.0**728,30,0.743,147.744,148.486,194457
[CALIB_PROFILE] | 10.0 | | 10.0 **10.0**729,55,0.675,151.582,152.258,194512
[CALIB_PROFILE] | 10.0 | | 10.0 **10.0**730,28,0.681,147.443,148.125,194540
[CALIB_PROFILE] | 10.0 | | 10.0 **10.0**731,508,0.781,398.438,399.219,195048
[CALIB_PROFILE] | 10.0 | | 10.0 **10.0**732,508,0.694,398.372,399.066,195556
[CALIB_PROFILE] | 10.0 | | 10.0 **10.0**733,484,0.731,391.209,391.940,196040
[CALIB_PROFILE] | 10.0 | | 10.0 **10.0**734,508,0.683,398.328,399.011,196548
[CALIB_PROFILE] | 10.0 | | 10.0 **10.0**735,508,0.696,398.381,399.077,197056
[CALIB_PROFILE] | 10.0 | | 10.0 **10.0**736,508,0.687,398.457,399.145,197564
[CALIB_PROFILE] | 10.0 | | 10.0 **10.0**737,36,0.686,148.580,149.266,197600
[CALIB_PROFILE] | 10.0 | | 10.0 **10.0**738,508,0.671,398.370,399.042,198108
[CALIB_PROFILE] | 10.0 | | 10.0 **10.0**739,508,0.683,398.378,399.061,198616
[CALIB_PROFILE] | 10.0 | | 10.0 **10.0**740,508,0.687,398.376,399.064,199124
[CALIB_PROFILE] | 10.0 | | 10.0 **10.0**741,321,0.693,349.425,350.119,199445
[CALIB_PROFILE] | 10.0 | | 10.0 **10.0**742,20,0.687,146.339,147.026,199465
[CALIB_PROFILE] | 10.0 | | 10.0 **10.0**743,4,0.680,144.486,145.166,199469
[CALIB_PROFILE] | 10.0 | | 10.0 **10.0**744,74,0.676,154.737,155.413,199543
[CALIB_PROFILE] | 10.0 | | 10.0 **10.0**745,3,0.695,47.477,48.173,199546
[CALIB_PROFILE] | 10.0 | | 10.0 **10.0**746,135,0.676,167.944,168.620,199681
[CALIB_PROFILE] | 10.0 | | 10.0 **10.0**747,3,0.681,47.376,48.056,199684
[CALIB_PROFILE] | 10.0 | | 10.0 **10.0**748,70,0.672,154.175,154.847,199754
[CALIB_PROFILE] | 10.0 | | 10.0 **10.0**749,9,0.676,144.981,145.657,199763
[CALIB_PROFILE] | 10.0 | | 10.0 **10.0**750,13,0.726,145.490,146.217,199776
[CALIB_PROFILE] | 10.0 | | 10.0 **10.0**751,98,0.680,160.275,160.955,199874
[CALIB_PROFILE] | 10.0 | | 10.0 **10.0**752,56,0.677,151.713,152.390,199930
[CALIB_PROFILE] | 10.0 | | 10.0 **10.0**753,16,0.697,145.832,146.529,199946
[CALIB_PROFILE] | 10.0 | | 10.0 **10.0**754,508,0.685,398.347,399.032,200454
[CALIB_PROFILE] | 10.0 | | 10.0 **10.0**755,508,0.697,398.410,399.108,200962
[CALIB_PROFILE] | 10.0 | | 10.0 **10.0**756,508,0.698,398.489,399.187,201470
[CALIB_PROFILE] | 10.0 | | 10.0 **10.0**757,508,0.740,398.351,399.092,201978
[CALIB_PROFILE] | 10.0 | | 10.0 **10.0**758,508,0.756,398.548,399.304,202486
[CALIB_PROFILE] | 10.0 | | 10.0 **10.0**759,508,0.739,398.322,399.061,202994
[CALIB_PROFILE] | 10.0 | | 10.0 **10.0**760,508,0.738,398.449,399.187,203502
[CALIB_PROFILE] | 10.0 | | 10.0 **10.0**761,508,0.758,398.334,399.093,204010
[CALIB_PROFILE] | 10.0 | | 10.0 **10.0**762,508,0.731,398.558,399.290,204518
[CALIB_PROFILE] | 10.0 | | 10.0 **10.0**763,40,0.737,149.175,149.912,204558
[CALIB_PROFILE] | 10.0 | | 10.0 **10.0**764,40,0.680,149.230,149.910,204598
[CALIB_PROFILE] | 10.0 | | 10.0 **10.0**765,46,0.676,150.202,150.878,204644
[CALIB_PROFILE] | 10.0 | | 10.0 **10.0**766,1,0.675,14.282,14.957,204645
[CALIB_PROFILE] | 10.0 | | 10.0 **10.0**767,63,0.666,153.023,153.689,204708
[CALIB_PROFILE] | 10.0 | | 10.0 **10.0**768,16,0.680,145.815,146.495,204724
[CALIB_PROFILE] | 10.0 | | 10.0 **10.0**769,508,0.685,398.330,399.015,205232
[CALIB_PROFILE] | 10.0 | | 10.0 **10.0**770,508,0.774,398.517,399.291,205740
[CALIB_PROFILE] | 10.0 | | 10.0 **10.0**771,508,0.699,398.431,399.130,206248
[CALIB_PROFILE] | 10.0 | | 10.0 **10.0**772,508,0.727,398.444,399.171,206756
[CALIB_PROFILE] | 10.0 | | 10.0 **10.0**773,508,0.698,398.471,399.169,207264
[CALIB_PROFILE] | 10.0 | | 10.0 **10.0**774,508,0.746,398.429,399.175,207772
[CALIB_PROFILE] | 10.0 | | 10.0 **10.0**775,508,0.742,398.507,399.249,208280
[CALIB_PROFILE] | 10.0 | | 10.0 **10.0**776,508,0.737,398.322,399.060,208788
[CALIB_PROFILE] | 10.0 | | 10.0 **10.0**777,508,0.735,398.461,399.196,209296
[CALIB_PROFILE] | 10.0 | | 10.0 **10.0**778,508,0.728,398.450,399.179,209804
[CALIB_PROFILE] | 10.0 | | 10.0 **10.0**779,508,0.765,398.480,399.245,210312
[CALIB_PROFILE] | 10.0 | | 10.0 **10.0**780,508,0.735,398.463,399.198,210820
[CALIB_PROFILE] | 10.0 | | 10.0 **10.0**781,508,0.735,398.527,399.263,211328
[CALIB_PROFILE] | 10.0 | | 10.0 **10.0**782,508,0.729,398.434,399.164,211836
[CALIB_PROFILE] | 10.0 | | 10.0 **10.0**783,508,0.723,398.523,399.246,212344
[CALIB_PROFILE] | 10.0 | | 10.0 **10.0**784,508,0.737,398.457,399.195,212852
[CALIB_PROFILE] | 10.0 | | 10.0 **10.0**785,508,0.741,398.452,399.192,213360
[CALIB_PROFILE] | 10.0 | | 10.0 **10.0**786,508,0.734,398.512,399.247,213868
[CALIB_PROFILE] | 10.0 | | 10.0 **10.0**787,62,0.736,152.799,153.535,213930
[CALIB_PROFILE] | 10.0 | | 10.0 **10.0**788,352,0.688,356.502,357.191,214282
[CALIB_PROFILE] | 10.0 | | 10.0 **10.0**789,508,0.741,398.371,399.112,214790
[CALIB_PROFILE] | 10.0 | | 10.0 **10.0**790,508,0.726,398.500,399.227,215298
[CALIB_PROFILE] | 10.0 | | 10.0 **10.0**791,41,0.745,149.455,150.200,215339
[CALIB_PROFILE] | 10.0 | | 10.0 **10.0**792,62,0.683,152.793,153.476,215401
[CALIB_PROFILE] | 10.0 | | 10.0 **10.0**793,508,0.683,398.390,399.073,215909
[CALIB_PROFILE] | 10.0 | | 10.0 **10.0**794,508,0.739,398.420,399.159,216417
[CALIB_PROFILE] | 10.0 | | 10.0 **10.0**795,508,0.763,398.447,399.211,216925
[CALIB_PROFILE] | 10.0 | | 10.0 **10.0**796,58,0.737,152.063,152.800,216983
[CALIB_PROFILE] | 10.0 | | 10.0 **10.0**797,54,0.676,151.405,152.081,217037
[CALIB_PROFILE] | 10.0 | | 10.0 **10.0**798,110,0.700,163.245,163.945,217147
[CALIB_PROFILE] | 10.0 | | 10.0 **10.0**799,52,0.705,151.153,151.858,217199
[CALIB_PROFILE] | 10.0 | | 10.0 **10.0**800,508,0.713,398.383,399.096,217707
[CALIB_PROFILE] | 10.0 | | 10.0 **10.0**801,508,0.714,398.500,399.215,218215
[CALIB_PROFILE] | 10.0 | | 10.0 **10.0**802,508,0.701,398.438,399.139,218723
[CALIB_PROFILE] | 10.0 | | 10.0 **10.0**803,508,0.689,398.508,399.198,219231
[CALIB_PROFILE] | 10.0 | | 10.0 **10.0**804,508,0.683,398.405,399.088,219739
[CALIB_PROFILE] | 10.0 | | 10.0 **10.0**805,508,0.680,398.275,398.955,220247
[CALIB_PROFILE] | 10.0 | | 10.0 **10.0**806,508,0.686,398.578,399.264,220755
[CALIB_PROFILE] | 10.0 | | 10.0 **10.0**807,508,0.698,398.518,399.216,221263
[CALIB_PROFILE] | 10.0 | | 10.0 **10.0**808,508,0.693,398.407,399.099,221771
[CALIB_PROFILE] | 10.0 | | 10.0 **10.0**809,4,0.686,144.482,145.169,221775
[CALIB_PROFILE] | 10.0 | | 10.0 **10.0**810,186,0.690,181.279,181.969,221961
[CALIB_PROFILE] | 10.0 | | 10.0 **10.0**811,49,0.678,150.686,151.364,222010
[CALIB_PROFILE] | 10.0 | | 10.0 **10.0**812,508,0.676,398.475,399.151,222518
[CALIB_PROFILE] | 10.0 | | 10.0 **10.0**813,99,0.696,160.481,161.177,222617
[CALIB_PROFILE] | 10.0 | | 10.0 **10.0**814,508,0.694,398.434,399.128,223125
[CALIB_PROFILE] | 10.0 | | 10.0 **10.0**815,508,0.699,398.393,399.093,223633
[CALIB_PROFILE] | 10.0 | | 10.0 **10.0**816,508,0.692,398.401,399.093,224141
[CALIB_PROFILE] | 10.0 | | 10.0 **10.0**817,508,0.686,398.449,399.136,224649
[CALIB_PROFILE] | 10.0 | | 10.0 **10.0**818,508,0.692,398.518,399.211,225157
[CALIB_PROFILE] | 10.0 | | 10.0 **10.0**819,508,0.690,398.549,399.239,225665
[CALIB_PROFILE] | 10.0 | | 10.0 **10.0**820,508,0.694,398.492,399.187,226173
[CALIB_PROFILE] | 10.0 | | 10.0 **10.0**821,54,0.690,151.415,152.105,226227
[CALIB_PROFILE] | 10.0 | | 10.0 **10.0**822,508,0.807,398.516,399.323,226735
[CALIB_PROFILE] | 10.0 | | 10.0 **10.0**823,251,0.692,198.879,199.571,226986
[CALIB_PROFILE] | 10.0 | | 10.0 **10.0**824,508,0.685,398.447,399.133,227494
[CALIB_PROFILE] | 10.0 | | 10.0 **10.0**825,48,0.745,150.459,151.204,227542
[CALIB_PROFILE] | 10.0 | | 10.0 **10.0**826,508,0.687,398.432,399.119,228050
[CALIB_PROFILE] | 10.0 | | 10.0 **10.0**827,508,0.746,398.438,399.185,228558
[CALIB_PROFILE] | 10.0 | | 10.0 **10.0**828,302,0.733,346.016,346.748,228860
[CALIB_PROFILE] | 10.0 | | 10.0 **10.0**829,508,0.742,398.423,399.165,229368
[CALIB_PROFILE] | 10.0 | | 10.0 **10.0**830,508,0.741,398.271,399.013,229876
[CALIB_PROFILE] | 10.0 | | 10.0 **10.0**831,508,0.747,398.521,399.269,230384
[CALIB_PROFILE] | 10.0 | | 10.0 **10.0**832,508,0.745,398.369,399.114,230892
[CALIB_PROFILE] | 10.0 | | 10.0 **10.0**833,248,0.732,198.074,198.806,231140
[CALIB_PROFILE] | 10.0 | | 10.0 **10.0**834,24,0.685,146.850,147.536,231164
[CALIB_PROFILE] | 10.0 | | 10.0 **10.0**835,508,0.686,398.395,399.081,231672
[CALIB_PROFILE] | 10.0 | | 10.0 **10.0**836,508,0.711,398.442,399.153,232180
[CALIB_PROFILE] | 10.0 | | 10.0 **10.0**837,337,0.735,352.613,353.347,232517
[CALIB_PROFILE] | 10.0 | | 10.0 **10.0**838,23,0.751,146.743,147.494,232540
[CALIB_PROFILE] | 10.0 | | 10.0 **10.0**839,4,0.693,144.501,145.194,232544
[CALIB_PROFILE] | 10.0 | | 10.0 **10.0**840,63,0.686,152.978,153.664,232607
[CALIB_PROFILE] | 10.0 | | 10.0 **10.0**841,4,0.732,144.496,145.228,232611
[CALIB_PROFILE] | 10.0 | | 10.0 **10.0**842,176,0.695,178.897,179.592,232787
[CALIB_PROFILE] | 10.0 | | 10.0 **10.0**843,4,0.691,144.503,145.194,232791
[CALIB_PROFILE] | 10.0 | | 10.0 **10.0**844,76,0.683,155.114,155.797,232867
[CALIB_PROFILE] | 10.0 | | 10.0 **10.0**845,508,0.682,398.446,399.129,233375
[CALIB_PROFILE] | 10.0 | | 10.0 **10.0**846,508,0.691,398.309,399.000,233883
[CALIB_PROFILE] | 10.0 | | 10.0 **10.0**847,508,0.759,398.489,399.248,234391
[CALIB_PROFILE] | 10.0 | | 10.0 **10.0**848,508,0.739,398.355,399.094,234899
[CALIB_PROFILE] | 10.0 | | 10.0 **10.0**849,508,0.765,398.275,399.040,235407
[CALIB_PROFILE] | 10.0 | | 10.0 **10.0**850,508,0.734,398.383,399.117,235915
[CALIB_PROFILE] | 10.0 | | 10.0 **10.0**851,508,0.847,398.430,399.277,236423
[CALIB_PROFILE] | 10.0 | | 10.0 **10.0**852,38,0.735,148.852,149.587,236461
[CALIB_PROFILE] | 10.0 | | 10.0 **10.0**853,17,0.681,145.930,146.612,236478
[CALIB_PROFILE] | 10.0 | | 10.0 **10.0**854,28,0.682,147.461,148.143,236506
[CALIB_PROFILE] | 10.0 | | 10.0 **10.0**855,51,0.682,150.946,151.628,236557
[CALIB_PROFILE] | 10.0 | | 10.0 **10.0**856,25,0.685,146.984,147.669,236582
[CALIB_PROFILE] | 10.0 | | 10.0 **10.0**857,34,0.756,148.281,149.037,236616
[CALIB_PROFILE] | 10.0 | | 10.0 **10.0**858,28,0.723,147.433,148.156,236644
[CALIB_PROFILE] | 10.0 | | 10.0 **10.0**859,508,0.695,398.434,399.129,237152
[CALIB_PROFILE] | 10.0 | | 10.0 **10.0**860,11,0.706,145.245,145.952,237163
[CALIB_PROFILE] | 10.0 | | 10.0 **10.0**861,6,0.682,144.614,145.296,237169
[CALIB_PROFILE] | 10.0 | | 10.0 **10.0**862,50,0.680,150.809,151.490,237219
[CALIB_PROFILE] | 10.0 | | 10.0 **10.0**863,108,0.712,162.719,163.432,237327
[CALIB_PROFILE] | 10.0 | | 10.0 **10.0**864,54,0.685,151.416,152.101,237381
[CALIB_PROFILE] | 10.0 | | 10.0 **10.0**865,38,0.681,148.856,149.538,237419
[CALIB_PROFILE] | 10.0 | | 10.0 **10.0**866,64,0.684,153.115,153.799,237483
[CALIB_PROFILE] | 10.0 | | 10.0 **10.0**867,46,0.689,150.200,150.889,237529
[CALIB_PROFILE] | 10.0 | | 10.0 **10.0**868,66,0.695,153.416,154.112,237595
[CALIB_PROFILE] | 10.0 | | 10.0 **10.0**869,32,0.689,148.011,148.700,237627
[CALIB_PROFILE] | 10.0 | | 10.0 **10.0**870,6,0.684,144.664,145.349,237633
[CALIB_PROFILE] | 10.0 | | 10.0 **10.0**871,219,0.738,189.813,190.551,237852
[CALIB_PROFILE] | 10.0 | | 10.0 **10.0**872,4,0.688,144.495,145.183,237856
[CALIB_PROFILE] | 10.0 | | 10.0 **10.0**873,105,0.742,161.986,162.729,237961
[CALIB_PROFILE] | 10.0 | | 10.0 **10.0**874,52,0.712,151.112,151.825,238013
[CALIB_PROFILE] | 10.0 | | 10.0 **10.0**875,30,0.682,147.723,148.405,238043
[CALIB_PROFILE] | 10.0 | | 10.0 **10.0**876,508,0.690,398.240,398.930,238551
[CALIB_PROFILE] | 10.0 | | 10.0 **10.0**877,508,0.690,398.424,399.115,239059
[CALIB_PROFILE] | 10.0 | | 10.0 **10.0**878,508,0.749,398.421,399.171,239567
[CALIB_PROFILE] | 10.0 | | 10.0 **10.0**879,508,0.748,398.389,399.137,240075
[CALIB_PROFILE] | 10.0 | | 10.0 **10.0**880,508,0.745,398.364,399.109,240583
[CALIB_PROFILE] | 10.0 | | 10.0 **10.0**881,508,0.749,398.258,399.007,241091
[CALIB_PROFILE] | 10.0 | | 10.0 **10.0**882,508,0.704,398.397,399.102,241599
[CALIB_PROFILE] | 10.0 | | 10.0 **10.0**883,9,0.736,144.946,145.683,241608
[CALIB_PROFILE] | 10.0 | | 10.0 **10.0**884,36,0.682,148.562,149.244,241644
[CALIB_PROFILE] | 10.0 | | 10.0 **10.0**885,508,0.683,398.426,399.109,242152
[CALIB_PROFILE] | 10.0 | | 10.0 **10.0**886,508,0.737,398.396,399.134,242660
[CALIB_PROFILE] | 10.0 | | 10.0 **10.0**887,43,0.733,149.732,150.465,242703
[CALIB_PROFILE] | 10.0 | | 10.0 **10.0**888,508,0.694,398.318,399.012,243211
[CALIB_PROFILE] | 10.0 | | 10.0 **10.0**889,508,0.750,398.498,399.248,243719
[CALIB_PROFILE] | 10.0 | | 10.0 **10.0**890,279,0.834,342.339,343.173,243998
[CALIB_PROFILE] | 10.0 | | 10.0 **10.0**891,465,0.752,385.558,386.310,244463
[CALIB_PROFILE] | 10.0 | | 10.0 **10.0**892,21,0.693,146.466,147.159,244484
[CALIB_PROFILE] | 10.0 | | 10.0 **10.0**893,17,0.698,145.948,146.647,244501
[CALIB_PROFILE] | 10.0 | | 10.0 **10.0**894,8,0.682,144.821,145.504,244509
[CALIB_PROFILE] | 10.0 | | 10.0 **10.0**895,152,0.689,172.513,173.202,244661
[CALIB_PROFILE] | 10.0 | | 10.0 **10.0**896,44,0.688,149.900,150.589,244705
[CALIB_PROFILE] | 10.0 | | 10.0 **10.0**897,1,0.693,14.277,14.970,244706
[CALIB_PROFILE] | 10.0 | | 10.0 **10.0**898,15,0.666,145.765,146.431,244721
[CALIB_PROFILE] | 10.0 | | 10.0 **10.0**899,13,0.677,145.472,146.149,244734
[CALIB_PROFILE] | 10.0 | | 10.0 **10.0**900,121,0.688,165.888,166.576,244855
[CALIB_PROFILE] | 10.0 | | 10.0 **10.0**901,102,0.686,161.375,162.061,244957
[CALIB_PROFILE] | 10.0 | | 10.0 **10.0**902,61,0.679,152.597,153.276,245018
[CALIB_PROFILE] | 10.0 | | 10.0 **10.0**903,41,0.715,149.397,150.113,245059
[CALIB_PROFILE] | 10.0 | | 10.0 **10.0**904,1,0.684,14.287,14.972,245060
[CALIB_PROFILE] | 10.0 | | 10.0 **10.0**905,36,0.664,148.592,149.256,245096
[CALIB_PROFILE] | 10.0 | | 10.0 **10.0**906,508,0.681,398.420,399.100,245604
[CALIB_PROFILE] | 10.0 | | 10.0 **10.0**907,508,0.742,398.330,399.072,246112
[CALIB_PROFILE] | 10.0 | | 10.0 **10.0**908,508,0.706,398.338,399.044,246620
[CALIB_PROFILE] | 10.0 | | 10.0 **10.0**909,508,0.745,398.494,399.239,247128
[CALIB_PROFILE] | 10.0 | | 10.0 **10.0**910,508,0.689,398.349,399.038,247636
[CALIB_PROFILE] | 10.0 | | 10.0 **10.0**911,508,0.734,398.444,399.179,248144
[CALIB_PROFILE] | 10.0 | | 10.0 **10.0**912,508,0.733,398.400,399.133,248652
[CALIB_PROFILE] | 10.0 | | 10.0 **10.0**913,50,0.749,150.751,151.500,248702
[CALIB_PROFILE] | 10.0 | | 10.0 **10.0**914,59,0.711,152.265,152.976,248761
[CALIB_PROFILE] | 10.0 | | 10.0 **10.0**915,508,0.676,398.354,399.030,249269
[CALIB_PROFILE] | 10.0 | | 10.0 **10.0**916,18,0.738,146.045,146.783,249287
[CALIB_PROFILE] | 10.0 | | 10.0 **10.0**917,47,0.678,150.384,151.062,249334
[CALIB_PROFILE] | 10.0 | | 10.0 **10.0**918,493,0.677,393.666,394.342,249827
[CALIB_PROFILE] | 10.0 | | 10.0 **10.0**919,508,0.738,398.317,399.055,250335
[CALIB_PROFILE] | 10.0 | | 10.0 **10.0**920,508,0.747,398.406,399.153,250843
[CALIB_PROFILE] | 10.0 | | 10.0 **10.0**921,508,0.739,398.411,399.150,251351
[CALIB_PROFILE] | 10.0 | | 10.0 **10.0**922,508,0.743,398.267,399.010,251859
[CALIB_PROFILE] | 10.0 | | 10.0 **10.0**923,508,0.704,398.406,399.110,252367
[CALIB_PROFILE] | 10.0 | | 10.0 **10.0**924,508,0.743,398.270,399.014,252875
[CALIB_PROFILE] | 10.0 | | 10.0 **10.0**925,508,0.759,398.359,399.118,253383
[CALIB_PROFILE] | 10.0 | | 10.0 **10.0**926,508,0.738,398.208,398.946,253891
[CALIB_PROFILE] | 10.0 | | 10.0 **10.0**927,508,0.742,398.297,399.039,254399
[CALIB_PROFILE] | 10.0 | | 10.0 **10.0**928,508,0.732,398.336,399.069,254907
[CALIB_PROFILE] | 10.0 | | 10.0 **10.0**929,508,0.731,398.327,399.058,255415
[CALIB_PROFILE] | 10.0 | | 10.0 **10.0**930,508,0.747,398.387,399.134,255923
[CALIB_PROFILE] | 10.0 | | 10.0 **10.0**931,508,0.764,398.297,399.061,256431
[CALIB_PROFILE] | 10.0 | | 10.0 **10.0**932,508,0.735,398.260,398.996,256939
[CALIB_PROFILE] | 10.0 | | 10.0 **10.0**933,508,0.738,398.271,399.010,257447
[CALIB_PROFILE] | 10.0 | | 10.0 **10.0**934,508,0.738,398.379,399.117,257955
[CALIB_PROFILE] | 10.0 | | 10.0 **10.0**935,508,0.754,398.399,399.153,258463
[CALIB_PROFILE] | 10.0 | | 10.0 **10.0**936,508,0.738,398.355,399.093,258971
[CALIB_PROFILE] | 10.0 | | 10.0 **10.0**937,508,0.733,398.434,399.167,259479
[CALIB_PROFILE] | 10.0 | | 10.0 **10.0**938,109,0.693,162.948,163.641,259588
[CALIB_PROFILE] | 10.0 | | 10.0 **10.0**939,4,0.697,144.495,145.192,259592
[CALIB_PROFILE] | 10.0 | | 10.0 **10.0**940,69,0.678,153.835,154.514,259661
[CALIB_PROFILE] | 10.0 | | 10.0 **10.0**941,61,0.712,152.623,153.335,259722
[CALIB_PROFILE] | 10.0 | | 10.0 **10.0**942,3,0.682,47.481,48.163,259725
[CALIB_PROFILE] | 10.0 | | 10.0 **10.0**943,46,0.671,150.246,150.917,259771
[CALIB_PROFILE] | 10.0 | | 10.0 **10.0**944,9,0.692,144.952,145.644,259780
[CALIB_PROFILE] | 10.0 | | 10.0 **10.0**945,126,0.683,167.010,167.693,259906
[CALIB_PROFILE] | 10.0 | | 10.0 **10.0**946,27,0.680,147.269,147.950,259933
[CALIB_PROFILE] | 10.0 | | 10.0 **10.0**947,508,0.677,398.438,399.116,260441
[CALIB_PROFILE] | 10.0 | | 10.0 **10.0**948,508,0.744,398.219,398.963,260949
[CALIB_PROFILE] | 10.0 | | 10.0 **10.0**949,508,0.814,398.274,399.089,261457
[CALIB_PROFILE] | 10.0 | | 10.0 **10.0**950,508,0.703,398.417,399.121,261965
[CALIB_PROFILE] | 10.0 | | 10.0 **10.0**951,508,0.734,398.376,399.110,262473
[CALIB_PROFILE] | 10.0 | | 10.0 **10.0**952,508,0.759,398.400,399.160,262981
[CALIB_PROFILE] | 10.0 | | 10.0 **10.0**953,508,0.736,398.418,399.154,263489
[CALIB_PROFILE] | 10.0 | | 10.0 **10.0**954,508,0.705,398.361,399.067,263997
[CALIB_PROFILE] | 10.0 | | 10.0 **10.0**955,18,0.736,146.090,146.826,264015
[CALIB_PROFILE] | 10.0 | | 10.0 **10.0**956,508,0.674,398.550,399.224,264523
[CALIB_PROFILE] | 10.0 | | 10.0 **10.0**957,328,0.738,350.597,351.335,264851
[CALIB_PROFILE] | 10.0 | | 10.0 **10.0**958,508,0.685,398.393,399.078,265359
[CALIB_PROFILE] | 10.0 | | 10.0 **10.0**959,33,0.708,148.140,148.848,265392
[CALIB_PROFILE] | 10.0 | | 10.0 **10.0**960,43,0.693,149.749,150.442,265435
[CALIB_PROFILE] | 10.0 | | 10.0 **10.0**961,508,0.686,398.390,399.076,265943
[CALIB_PROFILE] | 10.0 | | 10.0 **10.0**962,453,0.737,382.195,382.932,266396
[CALIB_PROFILE] | 10.0 | | 10.0 **10.0**963,508,0.736,398.527,399.264,266904
[CALIB_PROFILE] | 10.0 | | 10.0 **10.0**964,508,0.696,398.309,399.005,267412
[CALIB_PROFILE] | 10.0 | | 10.0 **10.0**965,508,0.695,398.367,399.062,267920
[CALIB_PROFILE] | 10.0 | | 10.0 **10.0**966,508,0.698,398.346,399.045,268428
[CALIB_PROFILE] | 10.0 | | 10.0 **10.0**967,508,0.745,398.447,399.193,268936
[CALIB_PROFILE] | 10.0 | | 10.0 **10.0**968,508,0.689,398.464,399.153,269444
[CALIB_PROFILE] | 10.0 | | 10.0 **10.0**969,508,0.682,398.462,399.144,269952
[CALIB_PROFILE] | 10.0 | | 10.0 **10.0**970,508,0.741,398.354,399.096,270460
[CALIB_PROFILE] | 10.0 | | 10.0 **10.0**971,508,0.749,398.324,399.073,270968
[CALIB_PROFILE] | 10.0 | | 10.0 **10.0**972,71,0.728,154.209,154.937,271039
[CALIB_PROFILE] | 10.0 | | 10.0 **10.0**973,51,0.683,150.972,151.655,271090
[CALIB_PROFILE] | 10.0 | | 10.0 **10.0**974,70,0.674,154.062,154.736,271160
[CALIB_PROFILE] | 10.0 | | 10.0 **10.0**975,508,0.684,398.400,399.085,271668
[CALIB_PROFILE] | 10.0 | | 10.0 **10.0**976,508,0.686,398.450,399.137,272176
[CALIB_PROFILE] | 10.0 | | 10.0 **10.0**977,508,0.679,398.329,399.008,272684
[CALIB_PROFILE] | 10.0 | | 10.0 **10.0**978,120,0.678,165.698,166.376,272804
[CALIB_PROFILE] | 10.0 | | 10.0 **10.0**979,74,0.688,154.761,155.448,272878
[CALIB_PROFILE] | 10.0 | | 10.0 **10.0**980,79,0.684,155.769,156.453,272957
[CALIB_PROFILE] | 10.0 | | 10.0 **10.0**981,44,0.681,149.878,150.559,273001
[CALIB_PROFILE] | 10.0 | | 10.0 **10.0**982,508,0.683,398.368,399.052,273509
[CALIB_PROFILE] | 10.0 | | 10.0 **10.0**983,508,0.677,398.354,399.031,274017
[CALIB_PROFILE] | 10.0 | | 10.0 **10.0**984,34,0.707,148.311,149.018,274051
[CALIB_PROFILE] | 10.0 | | 10.0 **10.0**985,508,0.776,398.476,399.252,274559
[CALIB_PROFILE] | 10.0 | | 10.0 **10.0**986,508,0.688,398.275,398.964,275067
[CALIB_PROFILE] | 10.0 | | 10.0 **10.0**987,508,0.692,398.499,399.191,275575
[CALIB_PROFILE] | 10.0 | | 10.0 **10.0**988,508,0.686,398.439,399.125,276083
[CALIB_PROFILE] | 10.0 | | 10.0 **10.0**989,508,0.690,398.605,399.295,276591
[CALIB_PROFILE] | 10.0 | | 10.0 **10.0**990,48,0.681,150.492,151.174,276639
[CALIB_PROFILE] | 10.0 | | 10.0 **10.0**991,508,0.670,398.495,399.165,277147
[CALIB_PROFILE] | 10.0 | | 10.0 **10.0**992,508,0.684,398.658,399.342,277655
[CALIB_PROFILE] | 10.0 | | 10.0 **10.0**993,508,0.690,398.511,399.201,278163
[CALIB_PROFILE] | 10.0 | | 10.0 **10.0**994,16,0.705,145.886,146.591,278179
[CALIB_PROFILE] | 10.0 | | 10.0 **10.0**995,508,0.681,398.472,399.153,278687
[CALIB_PROFILE] | 10.0 | | 10.0 **10.0**996,508,0.692,398.396,399.088,279195
[CALIB_PROFILE] | 10.0 | | 10.0 **10.0**997,508,0.691,398.581,399.273,279703
[CALIB_PROFILE] | 10.0 | | 10.0 **10.0**998,508,0.679,398.507,399.187,280211
[CALIB_PROFILE] | 10.0 | | 10.0 **10.0**999,508,0.697,398.404,399.101,280719
[CALIB_PROFILE] | 10.0 | | 10.0 **10.0**1000,508,0.686,398.482,399.168,281227
[CALIB_PROFILE] | 10.0 | | 10.0 **10.0**1001,508,0.689,398.646,399.335,281735
[CALIB_PROFILE] | 10.0 | | 10.0 **10.0**1002,53,0.684,151.234,151.918,281788
[CALIB_PROFILE] | 10.0 | | 10.0 **10.0**1003,69,0.673,153.944,154.618,281857
[CALIB_PROFILE] | 10.0 | | 10.0 **10.0**1004,508,0.698,398.377,399.075,282365
[CALIB_PROFILE] | 10.0 | | 10.0 **10.0**1005,40,0.693,149.250,149.944,282405
[CALIB_PROFILE] | 10.0 | | 10.0 **10.0**1006,508,0.684,398.366,399.051,282913
[CALIB_PROFILE] | 10.0 | | 10.0 **10.0**1007,14,0.690,145.628,146.318,282927
[CALIB_PROFILE] | 10.0 | | 10.0 **10.0**1008,508,0.691,398.473,399.164,283435
[CALIB_PROFILE] | 10.0 | | 10.0 **10.0**1009,334,0.687,352.004,352.691,283769
[CALIB_PROFILE] | 10.0 | | 10.0 **10.0**1010,508,0.743,398.531,399.274,284277
[CALIB_PROFILE] | 10.0 | | 10.0 **10.0**1011,508,0.741,398.591,399.333,284785
[CALIB_PROFILE] | 10.0 | | 10.0 **10.0**1012,508,0.756,398.490,399.247,285293
[CALIB_PROFILE] | 10.0 | | 10.0 **10.0**1013,508,0.750,398.498,399.248,285801
[CALIB_PROFILE] | 10.0 | | 10.0 **10.0**1014,111,0.741,163.449,164.190,285912
[CALIB_PROFILE] | 10.0 | | 10.0 **10.0**1015,508,0.686,398.486,399.173,286420
[CALIB_PROFILE] | 10.0 | | 10.0 **10.0**1016,391,0.735,365.199,365.933,286811
[CALIB_PROFILE] | 10.0 | | 10.0 **10.0**1017,508,0.748,398.596,399.344,287319
[CALIB_PROFILE] | 10.0 | | 10.0 **10.0**1018,508,0.750,398.531,399.281,287827
[CALIB_PROFILE] | 10.0 | | 10.0 **10.0**1019,508,0.737,398.386,399.123,288335
[CALIB_PROFILE] | 10.0 | | 10.0 **10.0**1020,508,0.742,398.466,399.209,288843
[CALIB_PROFILE] | 10.0 | | 10.0 **10.0**1021,508,0.701,398.622,399.323,289351
[CALIB_PROFILE] | 10.0 | | 10.0 **10.0**1022,508,0.726,398.582,399.308,289859
[CALIB_PROFILE] | 10.0 | | 10.0 **10.0**1023,508,0.713,398.441,399.154,290367
[CALIB_PROFILE] | 10.0 | | 10.0 **10.0**1024,508,0.749,398.544,399.293,290875
[CALIB_PROFILE] | 10.0 | | 10.0 **10.0**1025,508,0.763,398.534,399.298,291383
[CALIB_PROFILE] | 10.0 | | 10.0 **10.0**1026,508,0.742,398.516,399.258,291891
[CALIB_PROFILE] | 10.0 | | 10.0 **10.0**1027,508,0.746,398.453,399.199,292399
[CALIB_PROFILE] | 10.0 | | 10.0 **10.0**1028,508,0.750,398.404,399.154,292907
[CALIB_PROFILE] | 10.0 | | 10.0 **10.0**1029,508,0.748,398.531,399.279,293415
[CALIB_PROFILE] | 10.0 | | 10.0 **10.0**1030,508,0.702,398.419,399.121,293923
[CALIB_PROFILE] | 10.0 | | 10.0 **10.0**1031,404,0.738,368.985,369.724,294327
[CALIB_PROFILE] | 10.0 | | 10.0 **10.0**1032,43,0.753,149.709,150.462,294370
[CALIB_PROFILE] | 10.0 | | 10.0 **10.0**1033,22,0.708,146.635,147.343,294392
[CALIB_PROFILE] | 10.0 | | 10.0 **10.0**1034,508,0.686,398.501,399.188,294900
[CALIB_PROFILE] | 10.0 | | 10.0 **10.0**1035,508,0.735,398.555,399.290,295408
[CALIB_PROFILE] | 10.0 | | 10.0 **10.0**1036,508,0.705,398.388,399.094,295916
[CALIB_PROFILE] | 10.0 | | 10.0 **10.0**1037,274,0.707,341.696,342.404,296190
[CALIB_PROFILE] | 10.0 | | 10.0 **10.0**1038,349,0.765,355.799,356.564,296539
[CALIB_PROFILE] | 10.0 | | 10.0 **10.0**1039,45,0.873,150.060,150.933,296584
[CALIB_PROFILE] | 10.0 | | 10.0 **10.0**1040,17,0.695,145.947,146.642,296601
[CALIB_PROFILE] | 10.0 | | 10.0 **10.0**1041,70,0.701,154.094,154.795,296671
[CALIB_PROFILE] | 10.0 | | 10.0 **10.0**1042,104,0.703,161.833,162.536,296775
[CALIB_PROFILE] | 10.0 | | 10.0 **10.0**1043,1,0.691,14.340,15.031,296776
[CALIB_PROFILE] | 10.0 | | 10.0 **10.0**1044,19,0.677,146.232,146.909,296795
[CALIB_PROFILE] | 10.0 | | 10.0 **10.0**1045,87,0.699,157.499,158.198,296882
[CALIB_PROFILE] | 10.0 | | 10.0 **10.0**1046,43,0.705,149.799,150.504,296925
[CALIB_PROFILE] | 10.0 | | 10.0 **10.0**1047,508,0.702,398.484,399.186,297433
[CALIB_PROFILE] | 10.0 | | 10.0 **10.0**1048,508,0.682,398.607,399.290,297941
[CALIB_PROFILE] | 10.0 | | 10.0 **10.0**1049,508,0.702,398.402,399.104,298449
[CALIB_PROFILE] | 10.0 | | 10.0 **10.0**1050,508,0.696,398.471,399.166,298957
[CALIB_PROFILE] | 10.0 | | 10.0 **10.0**1051,508,0.690,398.414,399.105,299465
[CALIB_PROFILE] | 10.0 | | 10.0 **10.0**1052,508,0.757,398.405,399.162,299973
[CALIB_PROFILE] | 10.0 | | 10.0 **10.0**1053,508,0.736,398.557,399.293,300481
[CALIB_PROFILE] | 10.0 | | 10.0 **10.0**1054,35,0.742,148.422,149.164,300516
[CALIB_PROFILE] | 10.0 | | 10.0 **10.0**1055,16,0.690,145.821,146.511,300532
[CALIB_PROFILE] | 10.0 | | 10.0 **10.0**1056,508,0.687,398.596,399.284,301040
[CALIB_PROFILE] | 10.0 | | 10.0 **10.0**1057,508,0.740,398.383,399.123,301548
[CALIB_PROFILE] | 10.0 | | 10.0 **10.0**1058,508,0.769,398.499,399.268,302056
[CALIB_PROFILE] | 10.0 | | 10.0 **10.0**1059,508,0.747,398.470,399.217,302564
[CALIB_PROFILE] | 10.0 | | 10.0 **10.0**1060,508,0.752,398.441,399.193,303072
[CALIB_PROFILE] | 10.0 | | 10.0 **10.0**1061,508,0.735,398.316,399.050,303580
[CALIB_PROFILE] | 10.0 | | 10.0 **10.0**1062,508,0.735,398.447,399.182,304088
[CALIB_PROFILE] | 10.0 | | 10.0 **10.0**1063,54,0.753,151.440,152.193,304142
[CALIB_PROFILE] | 10.0 | | 10.0 **10.0**1064,41,0.686,149.422,150.108,304183
[CALIB_PROFILE] | 10.0 | | 10.0 **10.0**1065,508,0.692,398.535,399.227,304691
[CALIB_PROFILE] | 10.0 | | 10.0 **10.0**1066,13,0.772,145.457,146.230,304704
[CALIB_PROFILE] | 10.0 | | 10.0 **10.0**1067,508,0.742,398.505,399.248,305212
[CALIB_PROFILE] | 10.0 | | 10.0 **10.0**1068,508,0.752,398.483,399.235,305720
[CALIB_PROFILE] | 10.0 | | 10.0 **10.0**1069,508,0.758,398.503,399.261,306228
[CALIB_PROFILE] | 10.0 | | 10.0 **10.0**1070,252,0.704,199.076,199.781,306480
[CALIB_PROFILE] | 10.0 | | 10.0 **10.0**1071,508,0.692,398.575,399.267,306988
[CALIB_PROFILE] | 10.0 | | 10.0 **10.0**1072,47,0.697,150.374,151.071,307035
[CALIB_PROFILE] | 10.0 | | 10.0 **10.0**1073,33,0.688,148.176,148.865,307068
[CALIB_PROFILE] | 10.0 | | 10.0 **10.0**1074,508,0.684,398.441,399.125,307576
[CALIB_PROFILE] | 10.0 | | 10.0 **10.0**1075,74,0.747,154.679,155.426,307650
[CALIB_PROFILE] | 10.0 | | 10.0 **10.0**1076,65,0.703,153.311,154.014,307715
[CALIB_PROFILE] | 10.0 | | 10.0 **10.0**1077,508,0.691,398.501,399.192,308223
[CALIB_PROFILE] | 10.0 | | 10.0 **10.0**1078,508,0.737,398.393,399.130,308731
[CALIB_PROFILE] | 10.0 | | 10.0 **10.0**1079,508,0.741,398.349,399.090,309239
[CALIB_PROFILE] | 10.0 | | 10.0 **10.0**1080,508,0.742,398.436,399.178,309747
[CALIB_PROFILE] | 10.0 | | 10.0 **10.0**1081,508,0.777,398.497,399.275,310255
[CALIB_PROFILE] | 10.0 | | 10.0 **10.0**1082,302,0.752,346.046,346.798,310557
[CALIB_PROFILE] | 10.0 | | 10.0 **10.0**1083,2,0.737,26.227,26.964,310559
[CALIB_PROFILE] | 10.0 | | 10.0 **10.0**1084,36,0.682,148.585,149.268,310595
[CALIB_PROFILE] | 10.0 | | 10.0 **10.0**1085,12,0.688,145.404,146.092,310607
[CALIB_PROFILE] | 10.0 | | 10.0 **10.0**1086,21,0.693,146.498,147.191,310628
[CALIB_PROFILE] | 10.0 | | 10.0 **10.0**1087,55,0.683,151.571,152.255,310683
[CALIB_PROFILE] | 10.0 | | 10.0 **10.0**1088,43,0.694,149.750,150.444,310726
[CALIB_PROFILE] | 10.0 | | 10.0 **10.0**1089,27,0.690,147.330,148.020,310753
[CALIB_PROFILE] | 10.0 | | 10.0 **10.0**1090,83,0.688,156.618,157.306,310836
[CALIB_PROFILE] | 10.0 | | 10.0 **10.0**1091,14,0.785,145.616,146.401,310850
[CALIB_PROFILE] | 10.0 | | 10.0 **10.0**1092,37,0.695,148.765,149.461,310887
[CALIB_PROFILE] | 10.0 | | 10.0 **10.0**1093,93,0.687,159.135,159.822,310980
[CALIB_PROFILE] | 10.0 | | 10.0 **10.0**1094,1,0.681,14.262,14.943,310981
[CALIB_PROFILE] | 10.0 | | 10.0 **10.0**1095,22,0.668,146.541,147.209,311003
[CALIB_PROFILE] | 10.0 | | 10.0 **10.0**1096,85,0.745,157.137,157.883,311088
[CALIB_PROFILE] | 10.0 | | 10.0 **10.0**1097,50,0.717,150.810,151.527,311138
[CALIB_PROFILE] | 10.0 | | 10.0 **10.0**1098,44,0.701,149.876,150.577,311182
[CALIB_PROFILE] | 10.0 | | 10.0 **10.0**1099,1,0.726,14.299,15.025,311183
[CALIB_PROFILE] | 10.0 | | 10.0 **10.0**1100,41,0.710,149.442,150.152,311224
[CALIB_PROFILE] | 10.0 | | 10.0 **10.0**1101,56,0.780,151.744,152.525,311280
[CALIB_PROFILE] | 10.0 | | 10.0 **10.0**1102,20,0.720,146.338,147.059,311300
[CALIB_PROFILE] | 10.0 | | 10.0 **10.0**1103,508,0.703,398.398,399.102,311808
[CALIB_PROFILE] | 10.0 | | 10.0 **10.0**1104,508,0.707,398.473,399.180,312316
[CALIB_PROFILE] | 10.0 | | 10.0 **10.0**1105,508,0.742,398.391,399.133,312824
[CALIB_PROFILE] | 10.0 | | 10.0 **10.0**1106,508,0.734,398.479,399.214,313332
[CALIB_PROFILE] | 10.0 | | 10.0 **10.0**1107,508,0.745,398.330,399.075,313840
[CALIB_PROFILE] | 10.0 | | 10.0 **10.0**1108,508,0.704,398.385,399.089,314348
[CALIB_PROFILE] | 10.0 | | 10.0 **10.0**1109,508,0.738,398.326,399.064,314856
[CALIB_PROFILE] | 10.0 | | 10.0 **10.0**1110,6,0.745,144.605,145.351,314862
[CALIB_PROFILE] | 10.0 | | 10.0 **10.0**1111,74,0.685,154.670,155.356,314936
[CALIB_PROFILE] | 10.0 | | 10.0 **10.0**1112,38,0.689,148.794,149.483,314974
[CALIB_PROFILE] | 10.0 | | 10.0 **10.0**1113,48,0.685,150.457,151.142,315022
[CALIB_PROFILE] | 10.0 | | 10.0 **10.0**1114,508,0.681,398.421,399.102,315530
[CALIB_PROFILE] | 10.0 | | 10.0 **10.0**1115,508,0.752,398.469,399.221,316038
[CALIB_PROFILE] | 10.0 | | 10.0 **10.0**1116,508,0.704,398.461,399.165,316546
[CALIB_PROFILE] | 10.0 | | 10.0 **10.0**1117,508,0.815,398.383,399.198,317054
[CALIB_PROFILE] | 10.0 | | 10.0 **10.0**1118,508,0.763,398.477,399.240,317562
[CALIB_PROFILE] | 10.0 | | 10.0 **10.0**1119,508,0.757,398.500,399.258,318070
[CALIB_PROFILE] | 10.0 | | 10.0 **10.0**1120,508,0.756,398.535,399.291,318578
[CALIB_PROFILE] | 10.0 | | 10.0 **10.0**1121,508,0.738,398.450,399.188,319086
[CALIB_PROFILE] | 10.0 | | 10.0 **10.0**1122,337,0.757,352.698,353.455,319423
[CALIB_PROFILE] | 10.0 | | 10.0 **10.0**1123,508,0.739,398.265,399.004,319931
[CALIB_PROFILE] | 10.0 | | 10.0 **10.0**1124,198,0.743,184.019,184.762,320129
[CALIB_PROFILE] | 10.0 | | 10.0 **10.0**1125,508,0.689,398.515,399.205,320637
[CALIB_PROFILE] | 10.0 | | 10.0 **10.0**1126,16,0.743,145.815,146.558,320653
[CALIB_PROFILE] | 10.0 | | 10.0 **10.0**1127,508,0.691,398.518,399.209,321161
[CALIB_PROFILE] | 10.0 | | 10.0 **10.0**1128,311,0.749,347.507,348.257,321472
[CALIB_PROFILE] | 10.0 | | 10.0 **10.0**1129,508,0.736,398.561,399.297,321980
[CALIB_PROFILE] | 10.0 | | 10.0 **10.0**1130,508,0.742,398.509,399.252,322488
[CALIB_PROFILE] | 10.0 | | 10.0 **10.0**1131,508,0.749,398.473,399.222,322996
[CALIB_PROFILE] | 10.0 | | 10.0 **10.0**1132,508,0.748,398.457,399.205,323504
[CALIB_PROFILE] | 10.0 | | 10.0 **10.0**1133,508,0.741,398.419,399.161,324012
[CALIB_PROFILE] | 10.0 | | 10.0 **10.0**1134,508,0.756,398.434,399.191,324520
[CALIB_PROFILE] | 10.0 | | 10.0 **10.0**1135,508,0.743,398.369,399.112,325028
[CALIB_PROFILE] | 10.0 | | 10.0 **10.0**1136,508,0.768,398.422,399.191,325536
[CALIB_PROFILE] | 10.0 | | 10.0 **10.0**1137,508,0.747,398.596,399.344,326044
[CALIB_PROFILE] | 10.0 | | 10.0 **10.0**1138,30,0.736,147.742,148.478,326074
[CALIB_PROFILE] | 10.0 | | 10.0 **10.0**1139,23,0.689,146.752,147.441,326097
[CALIB_PROFILE] | 10.0 | | 10.0 **10.0**1140,71,0.688,154.294,154.982,326168
[CALIB_PROFILE] | 10.0 | | 10.0 **10.0**1141,65,0.688,153.290,153.978,326233
[CALIB_PROFILE] | 10.0 | | 10.0 **10.0**1142,36,0.687,148.626,149.313,326269
[CALIB_PROFILE] | 10.0 | | 10.0 **10.0**1143,40,0.694,149.198,149.892,326309
[CALIB_PROFILE] | 10.0 | | 10.0 **10.0**1144,14,0.712,145.635,146.347,326323
[CALIB_PROFILE] | 10.0 | | 10.0 **10.0**1145,136,0.694,168.219,168.913,326459
[CALIB_PROFILE] | 10.0 | | 10.0 **10.0**1146,224,0.696,191.173,191.868,326683
[CALIB_PROFILE] | 10.0 | | 10.0 **10.0**1147,508,0.707,398.414,399.121,327191
[CALIB_PROFILE] | 10.0 | | 10.0 **10.0**1148,508,0.750,398.513,399.263,327699
[CALIB_PROFILE] | 10.0 | | 10.0 **10.0**1149,508,0.745,398.467,399.213,328207
[CALIB_PROFILE] | 10.0 | | 10.0 **10.0**1150,508,0.735,398.486,399.222,328715
[CALIB_PROFILE] | 10.0 | | 10.0 **10.0**1151,45,0.740,150.069,150.809,328760
[CALIB_PROFILE] | 10.0 | | 10.0 **10.0**1152,5,0.686,144.632,145.318,328765
[CALIB_PROFILE] | 10.0 | | 10.0 **10.0**1153,16,0.684,145.849,146.533,328781
[CALIB_PROFILE] | 10.0 | | 10.0 **10.0**1154,127,0.681,167.246,167.928,328908
[CALIB_PROFILE] | 10.0 | | 10.0 **10.0**1155,55,0.679,151.600,152.279,328963
[CALIB_PROFILE] | 10.0 | | 10.0 **10.0**1156,58,0.691,152.106,152.798,329021
[CALIB_PROFILE] | 10.0 | | 10.0 **10.0**1157,6,0.683,144.668,145.351,329027
[CALIB_PROFILE] | 10.0 | | 10.0 **10.0**1158,15,0.684,145.742,146.426,329042
[CALIB_PROFILE] | 10.0 | | 10.0 **10.0**1159,72,0.680,154.431,155.112,329114
[CALIB_PROFILE] | 10.0 | | 10.0 **10.0**1160,3,0.797,47.307,48.104,329117
[CALIB_PROFILE] | 10.0 | | 10.0 **10.0**1161,41,0.735,149.545,150.280,329158
[CALIB_PROFILE] | 10.0 | | 10.0 **10.0**1162,32,0.687,147.995,148.683,329190
[CALIB_PROFILE] | 10.0 | | 10.0 **10.0**1163,4,0.678,144.476,145.155,329194
[CALIB_PROFILE] | 10.0 | | 10.0 **10.0**1164,25,0.691,147.064,147.755,329219
[CALIB_PROFILE] | 10.0 | | 10.0 **10.0**1165,14,0.687,145.646,146.333,329233
[CALIB_PROFILE] | 10.0 | | 10.0 **10.0**1166,18,0.694,146.065,146.759,329251
[CALIB_PROFILE] | 10.0 | | 10.0 **10.0**1167,24,0.688,146.900,147.587,329275
[CALIB_PROFILE] | 10.0 | | 10.0 **10.0**1168,508,0.682,398.410,399.091,329783
[CALIB_PROFILE] | 10.0 | | 10.0 **10.0**1169,508,0.689,398.404,399.093,330291
[CALIB_PROFILE] | 10.0 | | 10.0 **10.0**1170,508,0.695,398.383,399.078,330799
[CALIB_PROFILE] | 10.0 | | 10.0 **10.0**1171,508,0.711,398.428,399.139,331307
[CALIB_PROFILE] | 10.0 | | 10.0 **10.0**1172,508,0.724,398.446,399.171,331815
[CALIB_PROFILE] | 10.0 | | 10.0 **10.0**1173,508,0.699,398.356,399.055,332323
[CALIB_PROFILE] | 10.0 | | 10.0 **10.0**1174,508,0.698,398.431,399.130,332831
[CALIB_PROFILE] | 10.0 | | 10.0 **10.0**1175,8,0.685,144.849,145.534,332839
[CALIB_PROFILE] | 10.0 | | 10.0 **10.0**1176,32,0.695,147.996,148.692,332871
[CALIB_PROFILE] | 10.0 | | 10.0 **10.0**1177,60,0.683,152.434,153.117,332931
[CALIB_PROFILE] | 10.0 | | 10.0 **10.0**1178,508,0.681,398.451,399.132,333439
[CALIB_PROFILE] | 10.0 | | 10.0 **10.0**1179,41,0.687,149.430,150.117,333480
[CALIB_PROFILE] | 10.0 | | 10.0 **10.0**1180,508,0.681,398.470,399.151,333988
[CALIB_PROFILE] | 10.0 | | 10.0 **10.0**1181,58,0.703,152.079,152.782,334046
[CALIB_PROFILE] | 10.0 | | 10.0 **10.0**1182,441,0.679,379.153,379.832,334487
[CALIB_PROFILE] | 10.0 | | 10.0 **10.0**1183,508,0.689,398.465,399.154,334995
[CALIB_PROFILE] | 10.0 | | 10.0 **10.0**1184,368,0.743,360.698,361.441,335363
[CALIB_PROFILE] | 10.0 | | 10.0 **10.0**1185,28,0.735,147.443,148.179,335391
[CALIB_PROFILE] | 10.0 | | 10.0 **10.0**1186,34,0.683,148.312,148.995,335425
[CALIB_PROFILE] | 10.0 | | 10.0 **10.0**1187,508,0.686,398.386,399.071,335933
[CALIB_PROFILE] | 10.0 | | 10.0 **10.0**1188,508,0.756,398.510,399.267,336441
[CALIB_PROFILE] | 10.0 | | 10.0 **10.0**1189,508,0.741,398.523,399.264,336949
[CALIB_PROFILE] | 10.0 | | 10.0 **10.0**1190,508,0.733,398.464,399.197,337457
[CALIB_PROFILE] | 10.0 | | 10.0 **10.0**1191,84,0.743,156.859,157.602,337541
[CALIB_PROFILE] | 10.0 | | 10.0 **10.0**1192,294,0.689,344.723,345.412,337835
[CALIB_PROFILE] | 10.0 | | 10.0 **10.0**1193,32,0.743,148.001,148.745,337867
[CALIB_PROFILE] | 10.0 | | 10.0 **10.0**1194,508,0.678,398.460,399.139,338375
[CALIB_PROFILE] | 10.0 | | 10.0 **10.0**1195,508,0.742,398.452,399.194,338883
[CALIB_PROFILE] | 10.0 | | 10.0 **10.0**1196,31,0.761,147.868,148.629,338914
[CALIB_PROFILE] | 10.0 | | 10.0 **10.0**1197,57,0.686,152.033,152.719,338971
[CALIB_PROFILE] | 10.0 | | 10.0 **10.0**1198,21,0.693,146.472,147.165,338992
[CALIB_PROFILE] | 10.0 | | 10.0 **10.0**1199,3,0.689,47.469,48.159,338995
[CALIB_PROFILE] | 10.0 | | 10.0 **10.0**1200,47,0.681,150.508,151.189,339042
[CALIB_PROFILE] | 10.0 | | 10.0 **10.0**1201,59,0.700,152.268,152.969,339101
[CALIB_PROFILE] | 10.0 | | 10.0 **10.0**1202,6,0.692,144.625,145.318,339107
[CALIB_PROFILE] | 10.0 | | 10.0 **10.0**1203,11,0.688,145.262,145.950,339118
[CALIB_PROFILE] | 10.0 | | 10.0 **10.0**1204,58,0.699,152.117,152.816,339176
[CALIB_PROFILE] | 10.0 | | 10.0 **10.0**1205,4,0.685,144.521,145.207,339180
[CALIB_PROFILE] | 10.0 | | 10.0 **10.0**1206,29,0.696,147.611,148.307,339209
[CALIB_PROFILE] | 10.0 | | 10.0 **10.0**1207,27,0.690,147.306,147.997,339236
[CALIB_PROFILE] | 10.0 | | 10.0 **10.0**1208,19,0.684,146.230,146.914,339255
[CALIB_PROFILE] | 10.0 | | 10.0 **10.0**1209,41,0.689,149.393,150.083,339296
[CALIB_PROFILE] | 10.0 | | 10.0 **10.0**1210,508,0.686,398.497,399.183,339804
[CALIB_PROFILE] | 10.0 | | 10.0 **10.0**1211,508,0.736,398.455,399.191,340312
[CALIB_PROFILE] | 10.0 | | 10.0 **10.0**1212,508,0.744,398.463,399.208,340820
[CALIB_PROFILE] | 10.0 | | 10.0 **10.0**1213,508,0.744,398.453,399.197,341328
[CALIB_PROFILE] | 10.0 | | 10.0 **10.0**1214,508,0.736,398.571,399.307,341836
[CALIB_PROFILE] | 10.0 | | 10.0 **10.0**1215,508,0.759,398.386,399.145,342344
[CALIB_PROFILE] | 10.0 | | 10.0 **10.0**1216,508,0.745,398.378,399.124,342852
[CALIB_PROFILE] | 10.0 | | 10.0 **10.0**1217,30,0.738,147.749,148.487,342882
[CALIB_PROFILE] | 10.0 | | 10.0 **10.0**1218,212,0.682,187.867,188.549,343094
[CALIB_PROFILE] | 10.0 | | 10.0 **10.0**1219,508,0.686,398.463,399.149,343602
[CALIB_PROFILE] | 10.0 | | 10.0 **10.0**1220,54,0.684,151.460,152.144,343656
[CALIB_PROFILE] | 10.0 | | 10.0 **10.0**1221,54,0.686,151.337,152.023,343710
[CALIB_PROFILE] | 10.0 | | 10.0 **10.0**1222,111,0.675,163.256,163.931,343821
[CALIB_PROFILE] | 10.0 | | 10.0 **10.0**1223,36,0.678,148.513,149.191,343857
[CALIB_PROFILE] | 10.0 | | 10.0 **10.0**1224,14,0.692,145.623,146.315,343871
[CALIB_PROFILE] | 10.0 | | 10.0 **10.0**1225,508,0.713,398.390,399.103,344379
[CALIB_PROFILE] | 10.0 | | 10.0 **10.0**1226,508,0.691,398.442,399.133,344887
[CALIB_PROFILE] | 10.0 | | 10.0 **10.0**1227,508,0.695,398.466,399.161,345395
[CALIB_PROFILE] | 10.0 | | 10.0 **10.0**1228,508,0.686,398.428,399.113,345903
[CALIB_PROFILE] | 10.0 | | 10.0 **10.0**1229,508,0.686,398.280,398.966,346411
[CALIB_PROFILE] | 10.0 | | 10.0 **10.0**1230,508,0.690,398.563,399.253,346919
[CALIB_PROFILE] | 10.0 | | 10.0 **10.0**1231,508,0.720,398.483,399.204,347427
[CALIB_PROFILE] | 10.0 | | 10.0 **10.0**1232,182,0.704,180.379,181.083,347609
[CALIB_PROFILE] | 10.0 | | 10.0 **10.0**1233,69,0.686,153.877,154.563,347678
[CALIB_PROFILE] | 10.0 | | 10.0 **10.0**1234,20,0.717,146.368,147.085,347698
[CALIB_PROFILE] | 10.0 | | 10.0 **10.0**1235,508,0.692,398.355,399.047,348206
[CALIB_PROFILE] | 10.0 | | 10.0 **10.0**1236,508,0.733,398.684,399.418,348714
[CALIB_PROFILE] | 10.0 | | 10.0 **10.0**1237,508,0.696,398.363,399.059,349222
[CALIB_PROFILE] | 10.0 | | 10.0 **10.0**1238,508,0.699,398.657,399.355,349730
[CALIB_PROFILE] | 10.0 | | 10.0 **10.0**1239,508,0.733,398.445,399.179,350238
[CALIB_PROFILE] | 10.0 | | 10.0 **10.0**1240,508,0.701,398.417,399.118,350746
[CALIB_PROFILE] | 10.0 | | 10.0 **10.0**1241,508,0.699,398.465,399.164,351254
[CALIB_PROFILE] | 10.0 | | 10.0 **10.0**1242,182,0.684,180.385,181.070,351436
[CALIB_PROFILE] | 10.0 | | 10.0 **10.0**1243,508,0.684,398.564,399.248,351944
[CALIB_PROFILE] | 10.0 | | 10.0 **10.0**1244,508,0.693,398.481,399.174,352452
[CALIB_PROFILE] | 10.0 | | 10.0 **10.0**1245,508,0.690,398.401,399.091,352960
[CALIB_PROFILE] | 10.0 | | 10.0 **10.0**1246,508,0.700,398.694,399.394,353468
[CALIB_PROFILE] | 10.0 | | 10.0 **10.0**1247,508,0.687,398.462,399.149,353976
[CALIB_PROFILE] | 10.0 | | 10.0 **10.0**1248,508,0.687,398.694,399.380,354484
[CALIB_PROFILE] | 10.0 | | 10.0 **10.0**1249,508,0.700,398.453,399.154,354992
[CALIB_PROFILE] | 10.0 | | 10.0 **10.0**1250,508,0.703,398.599,399.302,355500
[CALIB_PROFILE] | 10.0 | | 10.0 **10.0**1251,15,0.737,145.730,146.467,355515
[CALIB_PROFILE] | 10.0 | | 10.0 **10.0**1252,37,0.743,148.783,149.526,355552
[CALIB_PROFILE] | 10.0 | | 10.0 **10.0**1253,23,0.700,146.789,147.489,355575
[CALIB_PROFILE] | 10.0 | | 10.0 **10.0**1254,47,0.728,150.407,151.135,355622
[CALIB_PROFILE] | 10.0 | | 10.0 **10.0**1255,25,0.702,147.039,147.742,355647
[CALIB_PROFILE] | 10.0 | | 10.0 **10.0**1256,508,0.698,398.652,399.350,356155
[CALIB_PROFILE] | 10.0 | | 10.0 **10.0**1257,508,0.711,398.488,399.199,356663
[CALIB_PROFILE] | 10.0 | | 10.0 **10.0**1258,508,0.702,398.578,399.280,357171
[CALIB_PROFILE] | 10.0 | | 10.0 **10.0**1259,508,0.723,398.386,399.109,357679
[CALIB_PROFILE] | 10.0 | | 10.0 **10.0**1260,508,0.735,398.562,399.298,358187
[CALIB_PROFILE] | 10.0 | | 10.0 **10.0**1261,508,0.731,398.583,399.315,358695
[CALIB_PROFILE] | 10.0 | | 10.0 **10.0**1262,508,0.717,398.523,399.241,359203
[CALIB_PROFILE] | 10.0 | | 10.0 **10.0**1263,508,0.713,398.563,399.277,359711
[CALIB_PROFILE] | 10.0 | | 10.0 **10.0**1264,508,0.715,398.557,399.272,360219
[CALIB_PROFILE] | 10.0 | | 10.0 **10.0**1265,508,0.710,398.675,399.386,360727
[CALIB_PROFILE] | 10.0 | | 10.0 **10.0**1266,508,0.707,398.562,399.269,361235
[CALIB_PROFILE] | 10.0 | | 10.0 **10.0**1267,508,0.778,398.489,399.267,361743
[CALIB_PROFILE] | 10.0 | | 10.0 **10.0**1268,508,0.709,398.673,399.382,362251
[CALIB_PROFILE] | 10.0 | | 10.0 **10.0**1269,508,0.711,398.432,399.143,362759
[CALIB_PROFILE] | 10.0 | | 10.0 **10.0**1270,68,0.712,153.813,154.525,362827
[CALIB_PROFILE] | 10.0 | | 10.0 **10.0**1271,508,0.746,398.364,399.110,363335
[CALIB_PROFILE] | 10.0 | | 10.0 **10.0**1272,19,0.717,146.236,146.954,363354
[CALIB_PROFILE] | 10.0 | | 10.0 **10.0**1273,3,0.681,47.369,48.050,363357
[CALIB_PROFILE] | 10.0 | | 10.0 **10.0**1274,72,0.678,154.550,155.228,363429
[CALIB_PROFILE] | 10.0 | | 10.0 **10.0**1275,55,0.695,151.661,152.356,363484
[CALIB_PROFILE] | 10.0 | | 10.0 **10.0**1276,46,0.684,150.233,150.918,363530
[CALIB_PROFILE] | 10.0 | | 10.0 **10.0**1277,39,0.714,149.088,149.802,363569
[CALIB_PROFILE] | 10.0 | | 10.0 **10.0**1278,77,0.689,155.435,156.124,363646
[CALIB_PROFILE] | 10.0 | | 10.0 **10.0**1279,45,0.689,150.107,150.796,363691
[CALIB_PROFILE] | 10.0 | | 10.0 **10.0**1280,508,0.772,398.458,399.230,364199
[CALIB_PROFILE] | 10.0 | | 10.0 **10.0**1281,508,0.705,398.422,399.127,364707
[CALIB_PROFILE] | 10.0 | | 10.0 **10.0**1282,508,0.709,398.643,399.353,365215
[CALIB_PROFILE] | 10.0 | | 10.0 **10.0**1283,508,0.720,398.442,399.162,365723
[CALIB_PROFILE] | 10.0 | | 10.0 **10.0**1284,508,0.727,398.630,399.358,366231
[CALIB_PROFILE] | 10.0 | | 10.0 **10.0**1285,508,0.705,398.601,399.307,366739
[CALIB_PROFILE] | 10.0 | | 10.0 **10.0**1286,508,0.792,398.604,399.396,367247
[CALIB_PROFILE] | 10.0 | | 10.0 **10.0**1287,235,0.739,194.498,195.237,367482
[CALIB_PROFILE] | 10.0 | | 10.0 **10.0**1288,28,0.736,147.488,148.224,367510
[CALIB_PROFILE] | 10.0 | | 10.0 **10.0**1289,36,0.715,148.637,149.352,367546
[CALIB_PROFILE] | 10.0 | | 10.0 **10.0**1290,84,0.737,156.878,157.615,367630
[CALIB_PROFILE] | 10.0 | | 10.0 **10.0**1291,11,0.683,145.283,145.966,367641
[CALIB_PROFILE] | 10.0 | | 10.0 **10.0**1292,34,0.722,148.303,149.026,367675
[CALIB_PROFILE] | 10.0 | | 10.0 **10.0**1293,32,0.709,148.007,148.717,367707
[CALIB_PROFILE] | 10.0 | | 10.0 **10.0**1294,34,0.730,148.317,149.047,367741
[CALIB_PROFILE] | 10.0 | | 10.0 **10.0**1295,64,0.706,153.171,153.878,367805
[CALIB_PROFILE] | 10.0 | | 10.0 **10.0**1296,25,0.738,147.093,147.832,367830
[CALIB_PROFILE] | 10.0 | | 10.0 **10.0**1297,508,0.725,398.410,399.135,368338
[CALIB_PROFILE] | 10.0 | | 10.0 **10.0**1298,508,0.743,398.585,399.328,368846
[CALIB_PROFILE] | 10.0 | | 10.0 **10.0**1299,508,0.778,398.636,399.415,369354
[CALIB_PROFILE] | 10.0 | | 10.0 **10.0**1300,508,0.787,398.644,399.431,369862
[CALIB_PROFILE] | 10.0 | | 10.0 **10.0**1301,508,0.819,398.491,399.310,370370
[CALIB_PROFILE] | 10.0 | | 10.0 **10.0**1302,508,0.757,398.581,399.338,370878
[CALIB_PROFILE] | 10.0 | | 10.0 **10.0**1303,508,0.809,398.589,399.398,371386
[CALIB_PROFILE] | 10.0 | | 10.0 **10.0**1304,22,0.866,146.641,147.507,371408
[CALIB_PROFILE] | 10.0 | | 10.0 **10.0**1305,38,0.745,148.901,149.647,371446
[CALIB_PROFILE] | 10.0 | | 10.0 **10.0**1306,508,0.707,398.534,399.241,371954
[CALIB_PROFILE] | 10.0 | | 10.0 **10.0**1307,508,0.767,398.475,399.242,372462
[CALIB_PROFILE] | 10.0 | | 10.0 **10.0**1308,508,0.714,398.719,399.434,372970
[CALIB_PROFILE] | 10.0 | | 10.0 **10.0**1309,160,0.758,174.721,175.479,373130
[CALIB_PROFILE] | 10.0 | | 10.0 **10.0**1310,70,0.716,154.131,154.847,373200
[CALIB_PROFILE] | 10.0 | | 10.0 **10.0**1311,51,0.705,150.991,151.696,373251
[CALIB_PROFILE] | 10.0 | | 10.0 **10.0**1312,40,0.715,149.294,150.009,373291
[CALIB_PROFILE] | 10.0 | | 10.0 **10.0**1313,5,0.738,144.628,145.366,373296
[CALIB_PROFILE] | 10.0 | | 10.0 **10.0**1314,64,0.700,153.204,153.904,373360
[CALIB_PROFILE] | 10.0 | | 10.0 **10.0**1315,64,0.707,153.202,153.910,373424
[CALIB_PROFILE] | 10.0 | | 10.0 **10.0**1316,508,0.700,398.521,399.221,373932
[CALIB_PROFILE] | 10.0 | | 10.0 **10.0**1317,73,0.762,154.588,155.351,374005
[CALIB_PROFILE] | 10.0 | | 10.0 **10.0**1318,508,0.698,398.617,399.315,374513
[CALIB_PROFILE] | 10.0 | | 10.0 **10.0**1319,4,0.714,144.524,145.238,374517
[CALIB_PROFILE] | 10.0 | | 10.0 **10.0**1320,508,0.685,398.561,399.246,375025
[CALIB_PROFILE] | 10.0 | | 10.0 **10.0**1321,30,0.787,147.780,148.567,375055
[CALIB_PROFILE] | 10.0 | | 10.0 **10.0**1322,508,0.679,398.686,399.364,375563
[CALIB_PROFILE] | 10.0 | | 10.0 **10.0**1323,439,0.725,378.898,379.623,376002
[CALIB_PROFILE] | 10.0 | | 10.0 **10.0**1324,5,0.699,144.665,145.365,376007
[CALIB_PROFILE] | 10.0 | | 10.0 **10.0**1325,218,0.706,189.599,190.305,376225
[CALIB_PROFILE] | 10.0 | | 10.0 **10.0**1326,4,0.707,144.531,145.239,376229
[CALIB_PROFILE] | 10.0 | | 10.0 **10.0**1327,5,0.693,144.661,145.353,376234
[CALIB_PROFILE] | 10.0 | | 10.0 **10.0**1328,76,0.700,155.196,155.896,376310
[CALIB_PROFILE] | 10.0 | | 10.0 **10.0**1329,95,0.699,159.687,160.386,376405
[CALIB_PROFILE] | 10.0 | | 10.0 **10.0**1330,90,0.701,158.243,158.944,376495
[CALIB_PROFILE] | 10.0 | | 10.0 **10.0**1331,100,0.695,160.630,161.325,376595
[CALIB_PROFILE] | 10.0 | | 10.0 **10.0**1332,66,0.692,153.517,154.209,376661
[CALIB_PROFILE] | 10.0 | | 10.0 **10.0**1333,4,0.712,144.513,145.225,376665
[CALIB_PROFILE] | 10.0 | | 10.0 **10.0**1334,90,0.699,158.287,158.986,376755
[CALIB_PROFILE] | 10.0 | | 10.0 **10.0**1335,17,0.696,145.927,146.623,376772
[CALIB_PROFILE] | 10.0 | | 10.0 **10.0**1336,16,0.685,145.873,146.558,376788
[CALIB_PROFILE] | 10.0 | | 10.0 **10.0**1337,12,0.706,145.389,146.095,376800
[CALIB_PROFILE] | 10.0 | | 10.0 **10.0**1338,15,0.690,145.755,146.445,376815
[CALIB_PROFILE] | 10.0 | | 10.0 **10.0**1339,15,0.705,145.801,146.506,376830
[CALIB_PROFILE] | 10.0 | | 10.0 **10.0**1340,21,0.688,146.566,147.254,376851
[CALIB_PROFILE] | 10.0 | | 10.0 **10.0**1341,31,0.715,147.918,148.633,376882
[CALIB_PROFILE] | 10.0 | | 10.0 **10.0**1342,508,0.690,398.518,399.208,377390
[CALIB_PROFILE] | 10.0 | | 10.0 **10.0**1343,508,0.727,398.413,399.139,377898
[CALIB_PROFILE] | 10.0 | | 10.0 **10.0**1344,508,0.709,398.572,399.282,378406
[CALIB_PROFILE] | 10.0 | | 10.0 **10.0**1345,508,0.801,398.474,399.275,378914
[CALIB_PROFILE] | 10.0 | | 10.0 **10.0**1346,508,0.755,398.584,399.339,379422
[CALIB_PROFILE] | 10.0 | | 10.0 **10.0**1347,508,0.691,398.532,399.223,379930
[CALIB_PROFILE] | 10.0 | | 10.0 **10.0**1348,508,0.757,398.447,399.205,380438
[CALIB_PROFILE] | 10.0 | | 10.0 **10.0**1349,22,0.798,146.597,147.395,380460
[CALIB_PROFILE] | 10.0 | | 10.0 **10.0**1350,63,0.745,153.005,153.750,380523
[CALIB_PROFILE] | 10.0 | | 10.0 **10.0**1351,55,0.716,151.585,152.301,380578
[CALIB_PROFILE] | 10.0 | | 10.0 **10.0**1352,41,0.701,149.450,150.152,380619
[CALIB_PROFILE] | 10.0 | | 10.0 **10.0**1353,508,0.753,398.279,399.033,381127
[CALIB_PROFILE] | 10.0 | | 10.0 **10.0**1354,317,0.792,348.620,349.412,381444
[CALIB_PROFILE] | 10.0 | | 10.0 **10.0**1355,88,0.734,157.704,158.438,381532
[CALIB_PROFILE] | 10.0 | | 10.0 **10.0**1356,508,0.740,398.362,399.102,382040
[CALIB_PROFILE] | 10.0 | | 10.0 **10.0**1357,43,0.706,149.760,150.466,382083
[CALIB_PROFILE] | 10.0 | | 10.0 **10.0**1358,508,0.699,398.419,399.118,382591
[CALIB_PROFILE] | 10.0 | | 10.0 **10.0**1359,508,0.698,398.439,399.137,383099
[CALIB_PROFILE] | 10.0 | | 10.0 **10.0**1360,508,0.707,398.554,399.261,383607
[CALIB_PROFILE] | 10.0 | | 10.0 **10.0**1361,31,0.695,147.880,148.575,383638
[CALIB_PROFILE] | 10.0 | | 10.0 **10.0**1362,508,0.691,398.461,399.152,384146
[CALIB_PROFILE] | 10.0 | | 10.0 **10.0**1363,508,0.751,398.393,399.145,384654
[CALIB_PROFILE] | 10.0 | | 10.0 **10.0**1364,508,0.800,398.370,399.169,385162
[CALIB_PROFILE] | 10.0 | | 10.0 **10.0**1365,68,0.773,153.766,154.538,385230
[CALIB_PROFILE] | 10.0 | | 10.0 **10.0**1366,44,0.691,149.867,150.558,385274
[CALIB_PROFILE] | 10.0 | | 10.0 **10.0**1367,32,0.691,148.014,148.705,385306
[CALIB_PROFILE] | 10.0 | | 10.0 **10.0**1368,38,0.721,148.869,149.590,385344
[CALIB_PROFILE] | 10.0 | | 10.0 **10.0**1369,63,0.716,152.955,153.672,385407
[CALIB_PROFILE] | 10.0 | | 10.0 **10.0**1370,508,0.724,398.389,399.112,385915
[CALIB_PROFILE] | 10.0 | | 10.0 **10.0**1371,195,0.727,183.489,184.217,386110
[CALIB_PROFILE] | 10.0 | | 10.0 **10.0**1372,35,0.723,148.461,149.184,386145
[CALIB_PROFILE] | 10.0 | | 10.0 **10.0**1373,508,0.707,398.274,398.981,386653
[CALIB_PROFILE] | 10.0 | | 10.0 **10.0**1374,21,0.765,146.487,147.252,386674
[CALIB_PROFILE] | 10.0 | | 10.0 **10.0**1375,508,0.704,398.398,399.102,387182
[CALIB_PROFILE] | 10.0 | | 10.0 **10.0**1376,52,0.753,151.116,151.869,387234
[CALIB_PROFILE] | 10.0 | | 10.0 **10.0**1377,508,0.708,398.409,399.118,387742
[CALIB_PROFILE] | 10.0 | | 10.0 **10.0**1378,508,0.739,398.372,399.111,388250
[CALIB_PROFILE] | 10.0 | | 10.0 **10.0**1379,508,0.749,398.459,399.208,388758
[CALIB_PROFILE] | 10.0 | | 10.0 **10.0**1380,29,0.741,147.541,148.283,388787
[CALIB_PROFILE] | 10.0 | | 10.0 **10.0**1381,508,0.690,398.404,399.094,389295
[CALIB_PROFILE] | 10.0 | | 10.0 **10.0**1382,508,0.744,398.318,399.063,389803
[CALIB_PROFILE] | 10.0 | | 10.0 **10.0**1383,64,0.703,153.199,153.903,389867
[CALIB_PROFILE] | 10.0 | | 10.0 **10.0**1384,6,0.728,144.653,145.380,389873
[CALIB_PROFILE] | 10.0 | | 10.0 **10.0**1385,133,0.704,167.525,168.229,390006
[CALIB_PROFILE] | 10.0 | | 10.0 **10.0**1386,40,0.719,149.233,149.953,390046
[CALIB_PROFILE] | 10.0 | | 10.0 **10.0**1387,150,0.710,171.972,172.682,390196
[CALIB_PROFILE] | 10.0 | | 10.0 **10.0**1388,24,0.713,146.852,147.566,390220
[CALIB_PROFILE] | 10.0 | | 10.0 **10.0**1389,44,0.723,149.877,150.600,390264
[CALIB_PROFILE] | 10.0 | | 10.0 **10.0**1390,33,0.686,148.153,148.840,390297
[CALIB_PROFILE] | 10.0 | | 10.0 **10.0**1391,508,0.706,398.266,398.972,390805
[CALIB_PROFILE] | 10.0 | | 10.0 **10.0**1392,508,0.746,398.283,399.029,391313
[CALIB_PROFILE] | 10.0 | | 10.0 **10.0**1393,508,0.771,398.418,399.190,391821
[CALIB_PROFILE] | 10.0 | | 10.0 **10.0**1394,508,0.793,398.427,399.220,392329
[CALIB_PROFILE] | 10.0 | | 10.0 **10.0**1395,508,0.692,398.321,399.014,392837
[CALIB_PROFILE] | 10.0 | | 10.0 **10.0**1396,508,0.870,398.465,399.336,393345
[CALIB_PROFILE] | 10.0 | | 10.0 **10.0**1397,508,0.898,398.572,399.470,393853
[CALIB_PROFILE] | 10.0 | | 10.0 **10.0**1398,31,0.904,147.855,148.760,393884
[CALIB_PROFILE] | 10.0 | | 10.0 **10.0**1399,52,0.847,151.147,151.994,393936
[CALIB_PROFILE] | 10.0 | | 10.0 **10.0**1400,508,0.829,398.458,399.288,394444
[CALIB_PROFILE] | 10.0 | | 10.0 **10.0**1401,508,0.946,398.406,399.352,394952
[CALIB_PROFILE] | 10.0 | | 10.0 **10.0**1402,215,0.868,188.637,189.506,395167
[CALIB_PROFILE] | 10.0 | | 10.0 **10.0**1403,508,0.808,398.419,399.227,395675
[CALIB_PROFILE] | 10.0 | | 10.0 **10.0**1404,30,0.931,147.754,148.685,395705
[CALIB_PROFILE] | 10.0 | | 10.0 **10.0**1405,31,0.866,147.879,148.746,395736
[CALIB_PROFILE] | 10.0 | | 10.0 **10.0**1406,508,0.853,398.352,399.205,396244
[CALIB_PROFILE] | 10.0 | | 10.0 **10.0**1407,508,0.965,398.506,399.472,396752
[CALIB_PROFILE] | 10.0 | | 10.0 **10.0**1408,23,0.881,146.720,147.601,396775
[CALIB_PROFILE] | 10.0 | | 10.0 **10.0**1409,508,0.915,398.234,399.149,397283
[CALIB_PROFILE] | 10.0 | | 10.0 **10.0**1410,319,0.866,349.112,349.979,397602
[CALIB_PROFILE] | 10.0 | | 10.0 **10.0**1411,508,0.943,398.570,399.514,398110
[CALIB_PROFILE] | 10.0 | | 10.0 **10.0**1412,9,0.878,144.998,145.876,398119
[CALIB_PROFILE] | 10.0 | | 10.0 **10.0**1413,508,0.821,398.347,399.169,398627
[CALIB_PROFILE] | 10.0 | | 10.0 **10.0**1414,508,0.798,398.362,399.160,399135
[CALIB_PROFILE] | 10.0 | | 10.0 **10.0**1415,82,0.893,156.431,157.324,399217
[CALIB_PROFILE] | 10.0 | | 10.0 **10.0**1416,85,0.853,157.099,157.952,399302
[CALIB_PROFILE] | 10.0 | | 10.0 **10.0**1417,508,0.844,398.364,399.208,399810
[CALIB_PROFILE] | 10.0 | | 10.0 **10.0**1418,70,0.914,154.128,155.043,399880
[CALIB_PROFILE] | 10.0 | | 10.0 **10.0**1419,47,0.869,150.434,151.303,399927
[CALIB_PROFILE] | 10.0 | | 10.0 **10.0**1420,23,0.863,146.759,147.622,399950
[CALIB_PROFILE] | 10.0 | | 10.0 **10.0**1421,36,0.848,148.570,149.418,399986
[CALIB_PROFILE] | 10.0 | | 10.0 **10.0**1422,4,0.858,144.470,145.329,399990
[CALIB_PROFILE] | 10.0 | | 10.0 **10.0**1423,51,0.853,150.950,151.803,400041
[CALIB_PROFILE] | 10.0 | | 10.0 **10.0**1424,88,0.841,157.727,158.568,400129
[CALIB_PROFILE] | 10.0 | | 10.0 **10.0**1425,34,0.869,148.331,149.200,400163
[CALIB_PROFILE] | 10.0 | | 10.0 **10.0**1426,1,0.872,14.254,15.126,400164
[CALIB_PROFILE] | 10.0 | | 10.0 **10.0**1427,5,0.785,144.687,145.472,400169
[CALIB_PROFILE] | 10.0 | | 10.0 **10.0**1428,7,0.845,144.785,145.630,400176
[CALIB_PROFILE] | 10.0 | | 10.0 **10.0**1429,18,0.852,146.106,146.958,400194
[CALIB_PROFILE] | 10.0 | | 10.0 **10.0**1430,14,0.877,145.676,146.553,400208
[CALIB_PROFILE] | 10.0 | | 10.0 **10.0**1431,29,0.856,147.620,148.476,400237
[CALIB_PROFILE] | 10.0 | | 10.0 **10.0**1432,8,0.886,144.849,145.736,400245
[CALIB_PROFILE] | 10.0 | | 10.0 **10.0**1433,82,0.882,156.442,157.325,400327
[CALIB_PROFILE] | 10.0 | | 10.0 **10.0**1434,2,0.876,26.221,27.097,400329
[CALIB_PROFILE] | 10.0 | | 10.0 **10.0**1435,73,0.810,154.634,155.445,400402
[CALIB_PROFILE] | 10.0 | | 10.0 **10.0**1436,35,0.881,148.433,149.314,400437
[CALIB_PROFILE] | 10.0 | | 10.0 **10.0**1437,508,0.892,398.530,399.422,400945
[CALIB_PROFILE] | 10.0 | | 10.0 **10.0**1438,508,0.923,398.545,399.468,401453
[CALIB_PROFILE] | 10.0 | | 10.0 **10.0**1439,508,0.913,398.445,399.359,401961
[CALIB_PROFILE] | 10.0 | | 10.0 **10.0**1440,508,0.934,398.292,399.226,402469
[CALIB_PROFILE] | 10.0 | | 10.0 **10.0**1441,508,0.943,398.420,399.363,402977
[CALIB_PROFILE] | 10.0 | | 10.0 **10.0**1442,508,0.968,398.445,399.413,403485
[CALIB_PROFILE] | 10.0 | | 10.0 **10.0**1443,508,0.899,398.591,399.491,403993
[CALIB_PROFILE] | 10.0 | | 10.0 **10.0**1444,42,0.877,149.557,150.434,404035
[CALIB_PROFILE] | 10.0 | | 10.0 **10.0**1445,508,0.838,398.465,399.304,404543
[CALIB_PROFILE] | 10.0 | | 10.0 **10.0**1446,508,0.915,398.618,399.533,405051
[CALIB_PROFILE] | 10.0 | | 10.0 **10.0**1447,392,0.904,365.571,366.476,405443
[CALIB_PROFILE] | 10.0 | | 10.0 **10.0**1448,508,0.915,398.472,399.388,405951
[CALIB_PROFILE] | 10.0 | | 10.0 **10.0**1449,30,1.544,147.813,149.357,405981
[CALIB_PROFILE] | 10.0 | | 10.0 **10.0**1450,60,0.850,152.405,153.256,406041
[CALIB_PROFILE] | 10.0 | | 10.0 **10.0**1451,508,0.852,398.575,399.428,406549
[CALIB_PROFILE] | 10.0 | | 10.0 **10.0**1452,508,0.893,398.417,399.310,407057
[CALIB_PROFILE] | 10.0 | | 10.0 **10.0**1453,508,0.958,398.417,399.376,407565
[CALIB_PROFILE] | 10.0 | | 10.0 **10.0**1454,378,0.866,362.990,363.857,407943
[CALIB_PROFILE] | 10.0 | | 10.0 **10.0**1455,508,0.856,398.450,399.306,408451
[CALIB_PROFILE] | 10.0 | | 10.0 **10.0**1456,508,0.943,398.459,399.402,408959
[CALIB_PROFILE] | 10.0 | | 10.0 **10.0**1457,508,0.855,398.381,399.236,409467
[CALIB_PROFILE] | 10.0 | | 10.0 **10.0**1458,508,0.871,398.350,399.221,409975
[CALIB_PROFILE] | 10.0 | | 10.0 **10.0**1459,508,0.873,398.415,399.288,410483
[CALIB_PROFILE] | 10.0 | | 10.0 **10.0**1460,508,0.873,398.338,399.211,410991
[CALIB_PROFILE] | 10.0 | | 10.0 **10.0**1461,508,0.887,398.376,399.264,411499
[CALIB_PROFILE] | 10.0 | | 10.0 **10.0**1462,508,0.879,398.325,399.204,412007
[CALIB_PROFILE] | 10.0 | | 10.0 **10.0**1463,295,0.903,344.967,345.871,412302
[CALIB_PROFILE] | 10.0 | | 10.0 **10.0**1464,508,1.005,398.404,399.410,412810
[CALIB_PROFILE] | 10.0 | | 10.0 **10.0**1465,508,0.898,398.527,399.425,413318
[CALIB_PROFILE] | 10.0 | | 10.0 **10.0**1466,41,0.890,149.462,150.353,413359
[CALIB_PROFILE] | 10.0 | | 10.0 **10.0**1467,44,0.868,149.887,150.755,413403
[CALIB_PROFILE] | 10.0 | | 10.0 **10.0**1468,508,0.849,398.417,399.267,413911
[CALIB_PROFILE] | 10.0 | | 10.0 **10.0**1469,12,0.880,145.376,146.256,413923
[CALIB_PROFILE] | 10.0 | | 10.0 **10.0**1470,508,0.857,398.252,399.109,414431
[CALIB_PROFILE] | 10.0 | | 10.0 **10.0**1471,28,0.966,147.514,148.481,414459
[CALIB_PROFILE] | 10.0 | | 10.0 **10.0**1472,508,0.904,398.209,399.114,414967
[CALIB_PROFILE] | 10.0 | | 10.0 **10.0**1473,6,0.873,144.649,145.523,414973
[CALIB_PROFILE] | 10.0 | | 10.0 **10.0**1474,61,0.880,152.667,153.548,415034
[CALIB_PROFILE] | 10.0 | | 10.0 **10.0**1475,45,0.877,150.100,150.978,415079
[CALIB_PROFILE] | 10.0 | | 10.0 **10.0**1476,76,0.857,155.132,155.989,415155
[CALIB_PROFILE] | 10.0 | | 10.0 **10.0**1477,9,0.904,144.980,145.885,415164
[CALIB_PROFILE] | 10.0 | | 10.0 **10.0**1478,60,0.884,152.434,153.319,415224
[CALIB_PROFILE] | 10.0 | | 10.0 **10.0**1479,508,0.862,398.354,399.216,415732
[CALIB_PROFILE] | 10.0 | | 10.0 **10.0**1480,14,0.859,145.645,146.505,415746
[CALIB_PROFILE] | 10.0 | | 10.0 **10.0**1481,1,0.872,14.296,15.169,415747
[CALIB_PROFILE] | 10.0 | | 10.0 **10.0**1482,4,0.846,144.566,145.412,415751
[CALIB_PROFILE] | 10.0 | | 10.0 **10.0**1483,9,0.850,144.943,145.794,415760
[CALIB_PROFILE] | 10.0 | | 10.0 **10.0**1484,77,0.894,155.328,156.223,415837
[CALIB_PROFILE] | 10.0 | | 10.0 **10.0**1485,64,0.887,153.203,154.091,415901
[CALIB_PROFILE] | 10.0 | | 10.0 **10.0**1486,68,0.881,153.787,154.668,415969
[CALIB_PROFILE] | 10.0 | | 10.0 **10.0**1487,1,0.902,14.246,15.148,415970
[CALIB_PROFILE] | 10.0 | | 10.0 **10.0**1488,51,0.762,150.959,151.721,416021
[CALIB_PROFILE] | 10.0 | | 10.0 **10.0**1489,43,0.845,149.776,150.622,416064
[CALIB_PROFILE] | 10.0 | | 10.0 **10.0**1490,1,0.885,14.287,15.172,416065
[CALIB_PROFILE] | 10.0 | | 10.0 **10.0**1491,7,0.803,144.786,145.589,416072
[CALIB_PROFILE] | 10.0 | | 10.0 **10.0**1492,9,0.865,144.963,145.829,416081
[CALIB_PROFILE] | 10.0 | | 10.0 **10.0**1493,139,0.896,168.881,169.777,416220
[CALIB_PROFILE] | 10.0 | | 10.0 **10.0**1494,114,0.875,164.085,164.960,416334
[CALIB_PROFILE] | 10.0 | | 10.0 **10.0**1495,73,0.870,154.635,155.506,416407
[CALIB_PROFILE] | 10.0 | | 10.0 **10.0**1496,1,0.890,14.330,15.220,416408
[CALIB_PROFILE] | 10.0 | | 10.0 **10.0**1497,7,0.776,144.812,145.589,416415
[CALIB_PROFILE] | 10.0 | | 10.0 **10.0**1498,61,0.870,152.640,153.510,416476
[CALIB_PROFILE] | 10.0 | | 10.0 **10.0**1499,21,0.894,146.496,147.391,416497
[CALIB_PROFILE] | 10.0 | | 10.0 **10.0**1500,508,0.868,398.374,399.242,417005
[CALIB_PROFILE] | 10.0 | | 10.0 **10.0**1501,508,0.871,398.486,399.357,417513
[CALIB_PROFILE] | 10.0 | | 10.0 **10.0**1502,508,1.009,398.456,399.465,418021
[CALIB_PROFILE] | 10.0 | | 10.0 **10.0**1503,508,0.884,398.587,399.472,418529
[CALIB_PROFILE] | 10.0 | | 10.0 **10.0**1504,508,0.903,398.480,399.383,419037
[CALIB_PROFILE] | 10.0 | | 10.0 **10.0**1505,508,0.882,398.476,399.358,419545
[CALIB_PROFILE] | 10.0 | | 10.0 **10.0**1506,508,0.863,398.482,399.346,420053
[CALIB_PROFILE] | 10.0 | | 10.0 **10.0**1507,48,0.888,150.515,151.404,420101
[CALIB_PROFILE] | 10.0 | | 10.0 **10.0**1508,508,4.025,398.547,402.573,420609
[CALIB_PROFILE] | 10.0 | | 10.0 **10.0**1509,38,0.874,148.915,149.790,420647
[CALIB_PROFILE] | 10.0 | | 10.0 **10.0**1510,508,0.878,398.520,399.399,421155
[CALIB_PROFILE] | 10.0 | | 10.0 **10.0**1511,508,0.873,398.505,399.379,421663
[CALIB_PROFILE] | 10.0 | | 10.0 **10.0**1512,508,0.875,398.497,399.372,422171
[CALIB_PROFILE] | 10.0 | | 10.0 **10.0**1513,508,0.868,398.587,399.456,422679
[CALIB_PROFILE] | 10.0 | | 10.0 **10.0**1514,508,0.868,398.432,399.300,423187
[CALIB_PROFILE] | 10.0 | | 10.0 **10.0**1515,508,0.866,398.532,399.398,423695
[CALIB_PROFILE] | 10.0 | | 10.0 **10.0**1516,508,0.872,398.517,399.390,424203
[CALIB_PROFILE] | 10.0 | | 10.0 **10.0**1517,19,0.859,146.247,147.107,424222
[CALIB_PROFILE] | 10.0 | | 10.0 **10.0**1518,90,0.851,158.191,159.042,424312
[CALIB_PROFILE] | 10.0 | | 10.0 **10.0**1519,508,0.888,398.367,399.256,424820
[CALIB_PROFILE] | 10.0 | | 10.0 **10.0**1520,508,0.869,398.427,399.296,425328
[CALIB_PROFILE] | 10.0 | | 10.0 **10.0**1521,508,0.866,398.442,399.309,425836
[CALIB_PROFILE] | 10.0 | | 10.0 **10.0**1522,15,0.899,145.764,146.663,425851
[CALIB_PROFILE] | 10.0 | | 10.0 **10.0**1523,42,0.891,149.556,150.447,425893
[CALIB_PROFILE] | 10.0 | | 10.0 **10.0**1524,508,0.914,398.395,399.309,426401
[CALIB_PROFILE] | 10.0 | | 10.0 **10.0**1525,39,0.870,149.107,149.977,426440
[CALIB_PROFILE] | 10.0 | | 10.0 **10.0**1526,508,0.862,398.423,399.286,426948
[CALIB_PROFILE] | 10.0 | | 10.0 **10.0**1527,46,0.876,150.230,151.107,426994
[CALIB_PROFILE] | 10.0 | | 10.0 **10.0**1528,508,0.862,398.453,399.315,427502
[CALIB_PROFILE] | 10.0 | | 10.0 **10.0**1529,52,0.867,151.161,152.028,427554
[CALIB_PROFILE] | 10.0 | | 10.0 **10.0**1530,508,0.877,398.403,399.280,428062
[CALIB_PROFILE] | 10.0 | | 10.0 **10.0**1531,508,0.866,398.379,399.245,428570
[CALIB_PROFILE] | 10.0 | | 10.0 **10.0**1532,508,0.859,398.621,399.480,429078
[CALIB_PROFILE] | 10.0 | | 10.0 **10.0**1533,433,0.910,377.165,378.076,429511
[CALIB_PROFILE] | 10.0 | | 10.0 **10.0**1534,508,0.957,398.569,399.526,430019
[CALIB_PROFILE] | 10.0 | | 10.0 **10.0**1535,508,0.997,398.523,399.521,430527
[CALIB_PROFILE] | 10.0 | | 10.0 **10.0**1536,8,0.866,144.877,145.744,430535
[CALIB_PROFILE] | 10.0 | | 10.0 **10.0**1537,16,0.857,145.868,146.726,430551
[CALIB_PROFILE] | 10.0 | | 10.0 **10.0**1538,6,0.858,144.660,145.518,430557
[CALIB_PROFILE] | 10.0 | | 10.0 **10.0**1539,281,0.872,342.720,343.593,430838
[CALIB_PROFILE] | 10.0 | | 10.0 **10.0**1540,1,0.851,14.299,15.151,430839
[CALIB_PROFILE] | 10.0 | | 10.0 **10.0**1541,7,0.745,144.823,145.568,430846
[CALIB_PROFILE] | 10.0 | | 10.0 **10.0**1542,24,0.901,146.848,147.749,430870
[CALIB_PROFILE] | 10.0 | | 10.0 **10.0**1543,35,0.868,148.460,149.329,430905
[CALIB_PROFILE] | 10.0 | | 10.0 **10.0**1544,34,0.852,148.314,149.167,430939
[CALIB_PROFILE] | 10.0 | | 10.0 **10.0**1545,1,0.879,14.254,15.133,430940
[CALIB_PROFILE] | 10.0 | | 10.0 **10.0**1546,6,0.767,144.673,145.440,430946
[CALIB_PROFILE] | 10.0 | | 10.0 **10.0**1547,41,0.860,149.444,150.305,430987
[CALIB_PROFILE] | 10.0 | | 10.0 **10.0**1548,1,0.878,14.241,15.120,430988
[CALIB_PROFILE] | 10.0 | | 10.0 **10.0**1549,6,0.773,144.678,145.452,430994
[CALIB_PROFILE] | 10.0 | | 10.0 **10.0**1550,29,0.863,147.611,148.475,431023
[CALIB_PROFILE] | 10.0 | | 10.0 **10.0**1551,29,0.852,147.575,148.428,431052
[CALIB_PROFILE] | 10.0 | | 10.0 **10.0**1552,22,0.872,146.620,147.493,431074
[CALIB_PROFILE] | 10.0 | | 10.0 **10.0**1553,508,0.881,398.276,399.158,431582
[CALIB_PROFILE] | 10.0 | | 10.0 **10.0**1554,508,0.900,398.647,399.548,432090
[CALIB_PROFILE] | 10.0 | | 10.0 **10.0**1555,508,0.883,398.626,399.510,432598
[CALIB_PROFILE] | 10.0 | | 10.0 **10.0**1556,508,0.892,398.623,399.515,433106
[CALIB_PROFILE] | 10.0 | | 10.0 **10.0**1557,508,0.916,398.490,399.406,433614
[CALIB_PROFILE] | 10.0 | | 10.0 **10.0**1558,508,0.953,398.462,399.415,434122
[CALIB_PROFILE] | 10.0 | | 10.0 **10.0**1559,508,0.970,398.542,399.512,434630
[CALIB_PROFILE] | 10.0 | | 10.0 **10.0**1560,508,0.956,398.401,399.358,435138
[CALIB_PROFILE] | 10.0 | | 10.0 **10.0**1561,508,0.917,398.558,399.475,435646
[CALIB_PROFILE] | 10.0 | | 10.0 **10.0**1562,508,0.866,398.529,399.395,436154
[CALIB_PROFILE] | 10.0 | | 10.0 **10.0**1563,508,0.883,398.569,399.452,436662
[CALIB_PROFILE] | 10.0 | | 10.0 **10.0**1564,508,0.899,398.638,399.537,437170
[CALIB_PROFILE] | 10.0 | | 10.0 **10.0**1565,508,0.874,398.569,399.444,437678
[CALIB_PROFILE] | 10.0 | | 10.0 **10.0**1566,508,0.873,398.597,399.471,438186
[CALIB_PROFILE] | 10.0 | | 10.0 **10.0**1567,443,0.904,379.942,380.847,438629
[CALIB_PROFILE] | 10.0 | | 10.0 **10.0**1568,35,0.868,148.495,149.363,438664
[CALIB_PROFILE] | 10.0 | | 10.0 **10.0**1569,70,0.858,154.112,154.970,438734
[CALIB_PROFILE] | 10.0 | | 10.0 **10.0**1570,60,0.889,152.501,153.390,438794
[CALIB_PROFILE] | 10.0 | | 10.0 **10.0**1571,56,0.904,151.781,152.686,438850
[CALIB_PROFILE] | 10.0 | | 10.0 **10.0**1572,44,0.892,149.916,150.808,438894
[CALIB_PROFILE] | 10.0 | | 10.0 **10.0**1573,508,0.852,398.431,399.284,439402
[CALIB_PROFILE] | 10.0 | | 10.0 **10.0**1574,508,0.869,398.495,399.365,439910
[CALIB_PROFILE] | 10.0 | | 10.0 **10.0**1575,508,0.997,398.401,399.398,440418
[CALIB_PROFILE] | 10.0 | | 10.0 **10.0**1576,508,0.873,398.441,399.314,440926
[CALIB_PROFILE] | 10.0 | | 10.0 **10.0**1577,213,0.878,188.236,189.114,441139
[CALIB_PROFILE] | 10.0 | | 10.0 **10.0**1578,84,0.759,156.814,157.573,441223
[CALIB_PROFILE] | 10.0 | | 10.0 **10.0**1579,508,0.729,398.406,399.135,441731
[CALIB_PROFILE] | 10.0 | | 10.0 **10.0**1580,508,0.727,398.541,399.269,442239
[CALIB_PROFILE] | 10.0 | | 10.0 **10.0**1581,1,0.774,14.309,15.084,442240
[CALIB_PROFILE] | 10.0 | | 10.0 **10.0**1582,9,0.680,145.012,145.692,442249
[CALIB_PROFILE] | 10.0 | | 10.0 **10.0**1583,23,0.703,146.767,147.470,442272
[CALIB_PROFILE] | 10.0 | | 10.0 **10.0**1584,15,0.705,145.705,146.410,442287
[CALIB_PROFILE] | 10.0 | | 10.0 **10.0**1585,57,0.704,151.935,152.639,442344
[CALIB_PROFILE] | 10.0 | | 10.0 **10.0**1586,28,0.702,147.479,148.181,442372
[CALIB_PROFILE] | 10.0 | | 10.0 **10.0**1587,31,0.713,147.884,148.597,442403
[CALIB_PROFILE] | 10.0 | | 10.0 **10.0**1588,60,0.712,152.405,153.117,442463
[CALIB_PROFILE] | 10.0 | | 10.0 **10.0**1589,30,0.712,147.727,148.439,442493
[CALIB_PROFILE] | 10.0 | | 10.0 **10.0**1590,27,0.707,147.299,148.006,442520
[CALIB_PROFILE] | 10.0 | | 10.0 **10.0**1591,31,0.736,147.894,148.631,442551
[CALIB_PROFILE] | 10.0 | | 10.0 **10.0**1592,1,0.729,14.300,15.030,442552
[CALIB_PROFILE] | 10.0 | | 10.0 **10.0**1593,18,0.711,146.113,146.824,442570
[CALIB_PROFILE] | 10.0 | | 10.0 **10.0**1594,29,0.708,147.605,148.313,442599
[CALIB_PROFILE] | 10.0 | | 10.0 **10.0**1595,29,0.703,147.609,148.312,442628
[CALIB_PROFILE] | 10.0 | | 10.0 **10.0**1596,9,0.702,144.994,145.697,442637
[CALIB_PROFILE] | 10.0 | | 10.0 **10.0**1597,27,0.758,147.294,148.052,442664
[CALIB_PROFILE] | 10.0 | | 10.0 **10.0**1598,8,0.757,144.877,145.634,442672
[CALIB_PROFILE] | 10.0 | | 10.0 **10.0**1599,24,0.728,146.869,147.597,442696
[CALIB_PROFILE] | 10.0 | | 10.0 **10.0**1600,21,0.726,146.470,147.196,442717
[CALIB_PROFILE] | 10.0 | | 10.0 **10.0**1601,35,0.715,148.468,149.183,442752
[CALIB_PROFILE] | 10.0 | | 10.0 **10.0**1602,7,0.738,144.782,145.520,442759
[CALIB_PROFILE] | 10.0 | | 10.0 **10.0**1603,15,0.703,145.741,146.444,442774
[CALIB_PROFILE] | 10.0 | | 10.0 **10.0**1604,9,0.744,144.934,145.678,442783
[CALIB_PROFILE] | 10.0 | | 10.0 **10.0**1605,23,0.718,146.741,147.459,442806
[CALIB_PROFILE] | 10.0 | | 10.0 **10.0**1606,14,0.711,145.614,146.326,442820
[CALIB_PROFILE] | 10.0 | | 10.0 **10.0**1607,1,0.747,14.238,14.985,442821
[CALIB_PROFILE] | 10.0 | | 10.0 **10.0**1608,8,0.695,144.867,145.563,442829
[CALIB_PROFILE] | 10.0 | | 10.0 **10.0**1609,100,0.713,160.643,161.357,442929
[CALIB_PROFILE] | 10.0 | | 10.0 **10.0**1610,1,0.719,14.267,14.987,442930
[CALIB_PROFILE] | 10.0 | | 10.0 **10.0**1611,12,0.678,145.451,146.129,442942
[CALIB_PROFILE] | 10.0 | | 10.0 **10.0**1612,7,0.715,144.802,145.518,442949
[CALIB_PROFILE] | 10.0 | | 10.0 **10.0**1613,65,0.743,153.355,154.099,443014
[CALIB_PROFILE] | 10.0 | | 10.0 **10.0**1614,60,0.716,152.467,153.184,443074
[CALIB_PROFILE] | 10.0 | | 10.0 **10.0**1615,508,0.717,398.576,399.292,443582
[CALIB_PROFILE] | 10.0 | | 10.0 **10.0**1616,508,0.778,398.324,399.102,444090
[CALIB_PROFILE] | 10.0 | | 10.0 **10.0**1617,508,0.796,398.420,399.217,444598
[CALIB_PROFILE] | 10.0 | | 10.0 **10.0**1618,508,0.778,398.454,399.232,445106
[CALIB_PROFILE] | 10.0 | | 10.0 **10.0**1619,508,0.750,398.364,399.114,445614
[CALIB_PROFILE] | 10.0 | | 10.0 **10.0**1620,508,0.753,398.557,399.311,446122
[CALIB_PROFILE] | 10.0 | | 10.0 **10.0**1621,508,0.745,398.539,399.284,446630
[CALIB_PROFILE] | 10.0 | | 10.0 **10.0**1622,341,0.769,353.497,354.267,446971
[CALIB_PROFILE] | 10.0 | | 10.0 **10.0**1623,508,0.773,398.453,399.226,447479
[CALIB_PROFILE] | 10.0 | | 10.0 **10.0**1624,508,0.771,398.529,399.300,447987
[CALIB_PROFILE] | 10.0 | | 10.0 **10.0**1625,508,0.766,398.340,399.107,448495
[CALIB_PROFILE] | 10.0 | | 10.0 **10.0**1626,508,0.723,398.452,399.175,449003
[CALIB_PROFILE] | 10.0 | | 10.0 **10.0**1627,508,0.702,398.458,399.160,449511
[CALIB_PROFILE] | 10.0 | | 10.0 **10.0**1628,33,0.753,148.152,148.905,449544
[CALIB_PROFILE] | 10.0 | | 10.0 **10.0**1629,49,0.686,150.633,151.320,449593
[CALIB_PROFILE] | 10.0 | | 10.0 **10.0**1630,81,0.697,156.226,156.924,449674
[CALIB_PROFILE] | 10.0 | | 10.0 **10.0**1631,37,0.698,148.779,149.477,449711
[CALIB_PROFILE] | 10.0 | | 10.0 **10.0**1632,69,0.722,153.955,154.678,449780
[CALIB_PROFILE] | 10.0 | | 10.0 **10.0**1633,508,0.695,398.556,399.251,450288
[CALIB_PROFILE] | 10.0 | | 10.0 **10.0**1634,40,0.745,149.234,149.980,450328
[CALIB_PROFILE] | 10.0 | | 10.0 **10.0**1635,32,0.698,147.994,148.692,450360
[CALIB_PROFILE] | 10.0 | | 10.0 **10.0**1636,508,0.693,398.495,399.189,450868
[CALIB_PROFILE] | 10.0 | | 10.0 **10.0**1637,508,0.767,398.378,399.145,451376
[CALIB_PROFILE] | 10.0 | | 10.0 **10.0**1638,508,0.761,398.522,399.283,451884
[CALIB_PROFILE] | 10.0 | | 10.0 **10.0**1639,508,0.760,398.545,399.305,452392
[CALIB_PROFILE] | 10.0 | | 10.0 **10.0**1640,508,0.750,398.395,399.145,452900
[CALIB_PROFILE] | 10.0 | | 10.0 **10.0**1641,100,0.739,160.782,161.522,453000
[CALIB_PROFILE] | 10.0 | | 10.0 **10.0**1642,3,0.694,47.383,48.077,453003
[CALIB_PROFILE] | 10.0 | | 10.0 **10.0**1643,95,0.686,159.761,160.448,453098
[CALIB_PROFILE] | 10.0 | | 10.0 **10.0**1644,73,0.696,154.649,155.346,453171
[CALIB_PROFILE] | 10.0 | | 10.0 **10.0**1645,21,0.692,146.524,147.216,453192
[CALIB_PROFILE] | 10.0 | | 10.0 **10.0**1646,16,0.691,145.860,146.552,453208
[CALIB_PROFILE] | 10.0 | | 10.0 **10.0**1647,76,0.691,155.184,155.875,453284
[CALIB_PROFILE] | 10.0 | | 10.0 **10.0**1648,51,0.694,151.001,151.696,453335
[CALIB_PROFILE] | 10.0 | | 10.0 **10.0**1649,27,0.688,147.330,148.018,453362
[CALIB_PROFILE] | 10.0 | | 10.0 **10.0**1650,24,0.685,146.864,147.549,453386
[CALIB_PROFILE] | 10.0 | | 10.0 **10.0**1651,33,0.687,148.158,148.845,453419
[CALIB_PROFILE] | 10.0 | | 10.0 **10.0**1652,2,0.688,26.207,26.895,453421
[CALIB_PROFILE] | 10.0 | | 10.0 **10.0**1653,20,0.675,146.362,147.037,453441
[CALIB_PROFILE] | 10.0 | | 10.0 **10.0**1654,123,0.681,166.294,166.975,453564
[CALIB_PROFILE] | 10.0 | | 10.0 **10.0**1655,28,0.713,147.442,148.156,453592
[CALIB_PROFILE] | 10.0 | | 10.0 **10.0**1656,508,0.728,398.426,399.155,454100
[CALIB_PROFILE] | 10.0 | | 10.0 **10.0**1657,508,0.783,398.358,399.141,454608
[CALIB_PROFILE] | 10.0 | | 10.0 **10.0**1658,508,0.760,398.533,399.293,455116
[CALIB_PROFILE] | 10.0 | | 10.0 **10.0**1659,508,0.754,398.384,399.138,455624
[CALIB_PROFILE] | 10.0 | | 10.0 **10.0**1660,508,0.751,398.676,399.427,456132
[CALIB_PROFILE] | 10.0 | | 10.0 **10.0**1661,508,0.770,398.479,399.249,456640
[CALIB_PROFILE] | 10.0 | | 10.0 **10.0**1662,508,0.793,398.459,399.253,457148
[CALIB_PROFILE] | 10.0 | | 10.0 **10.0**1663,73,0.774,154.569,155.344,457221
[CALIB_PROFILE] | 10.0 | | 10.0 **10.0**1664,508,0.729,398.509,399.239,457729
[CALIB_PROFILE] | 10.0 | | 10.0 **10.0**1665,271,0.787,341.397,342.184,458000
[CALIB_PROFILE] | 10.0 | | 10.0 **10.0**1666,508,0.796,398.414,399.211,458508
[CALIB_PROFILE] | 10.0 | | 10.0 **10.0**1667,210,0.786,187.312,188.099,458718
[CALIB_PROFILE] | 10.0 | | 10.0 **10.0**1668,508,0.723,398.638,399.361,459226
[CALIB_PROFILE] | 10.0 | | 10.0 **10.0**1669,7,0.760,144.831,145.591,459233
[CALIB_PROFILE] | 10.0 | | 10.0 **10.0**1670,61,0.725,152.650,153.376,459294
[CALIB_PROFILE] | 10.0 | | 10.0 **10.0**1671,508,0.722,398.393,399.115,459802
[CALIB_PROFILE] | 10.0 | | 10.0 **10.0**1672,508,0.728,398.470,399.198,460310
[CALIB_PROFILE] | 10.0 | | 10.0 **10.0**1673,508,0.707,398.563,399.271,460818
[CALIB_PROFILE] | 10.0 | | 10.0 **10.0**1674,446,0.739,380.612,381.352,461264
[CALIB_PROFILE] | 10.0 | | 10.0 **10.0**1675,352,0.728,356.762,357.490,461616
[CALIB_PROFILE] | 10.0 | | 10.0 **10.0**1676,480,2.228,390.025,392.254,462096
[CALIB_PROFILE] | 10.0 | | 10.0 **10.0**1677,508,0.878,398.575,399.454,462604
[CALIB_PROFILE] | 10.0 | | 10.0 **10.0**1678,508,0.903,398.694,399.597,463112
[CALIB_PROFILE] | 10.0 | | 10.0 **10.0**1679,155,0.831,173.554,174.386,463267
[CALIB_PROFILE] | 10.0 | | 10.0 **10.0**1680,4,0.858,144.557,145.416,463271
[CALIB_PROFILE] | 10.0 | | 10.0 **10.0**1681,142,0.864,169.860,170.725,463413
[CALIB_PROFILE] | 10.0 | | 10.0 **10.0**1682,4,0.832,144.541,145.374,463417
[CALIB_PROFILE] | 10.0 | | 10.0 **10.0**1683,43,0.806,149.776,150.582,463460
[CALIB_PROFILE] | 10.0 | | 10.0 **10.0**1684,40,0.793,149.275,150.069,463500
[CALIB_PROFILE] | 10.0 | | 10.0 **10.0**1685,41,0.773,149.390,150.163,463541
[CALIB_PROFILE] | 10.0 | | 10.0 **10.0**1686,36,0.918,148.639,149.557,463577
[CALIB_PROFILE] | 10.0 | | 10.0 **10.0**1687,37,0.879,148.796,149.676,463614
[CALIB_PROFILE] | 10.0 | | 10.0 **10.0**1688,5,0.882,144.645,145.527,463619
[CALIB_PROFILE] | 10.0 | | 10.0 **10.0**1689,43,0.826,149.802,150.629,463662
[CALIB_PROFILE] | 10.0 | | 10.0 **10.0**1690,3,0.801,47.475,48.277,463665
[CALIB_PROFILE] | 10.0 | | 10.0 **10.0**1691,22,0.748,146.746,147.494,463687
[CALIB_PROFILE] | 10.0 | | 10.0 **10.0**1692,24,0.779,146.877,147.656,463711
[CALIB_PROFILE] | 10.0 | | 10.0 **10.0**1693,13,0.868,145.543,146.412,463724
[CALIB_PROFILE] | 10.0 | | 10.0 **10.0**1694,22,0.877,146.709,147.587,463746
[CALIB_PROFILE] | 10.0 | | 10.0 **10.0**1695,508,0.876,398.595,399.471,464254
[CALIB_PROFILE] | 10.0 | | 10.0 **10.0**1696,508,0.814,398.604,399.418,464762
[CALIB_PROFILE] | 10.0 | | 10.0 **10.0**1697,508,0.873,398.671,399.543,465270
[CALIB_PROFILE] | 10.0 | | 10.0 **10.0**1698,508,0.816,398.578,399.395,465778
[CALIB_PROFILE] | 10.0 | | 10.0 **10.0**1699,508,0.863,398.620,399.484,466286
[CALIB_PROFILE] | 10.0 | | 10.0 **10.0**1700,508,0.869,398.699,399.569,466794
[CALIB_PROFILE] | 10.0 | | 10.0 **10.0**1701,508,0.861,398.706,399.567,467302
[CALIB_PROFILE] | 10.0 | | 10.0 **10.0**1702,37,0.885,148.746,149.631,467339
[CALIB_PROFILE] | 10.0 | | 10.0 **10.0**1703,508,0.794,398.660,399.454,467847
[CALIB_PROFILE] | 10.0 | | 10.0 **10.0**1704,25,0.971,147.038,148.010,467872
[CALIB_PROFILE] | 10.0 | | 10.0 **10.0**1705,508,0.916,398.590,399.507,468380
[CALIB_PROFILE] | 10.0 | | 10.0 **10.0**1706,44,0.901,149.908,150.809,468424
[CALIB_PROFILE] | 10.0 | | 10.0 **10.0**1707,508,0.786,398.585,399.372,468932
[CALIB_PROFILE] | 10.0 | | 10.0 **10.0**1708,20,0.900,146.355,147.256,468952
[CALIB_PROFILE] | 10.0 | | 10.0 **10.0**1709,508,0.838,398.501,399.339,469460
[CALIB_PROFILE] | 10.0 | | 10.0 **10.0**1710,47,0.788,150.433,151.221,469507
[CALIB_PROFILE] | 10.0 | | 10.0 **10.0**1711,36,0.813,148.590,149.403,469543
[CALIB_PROFILE] | 10.0 | | 10.0 **10.0**1712,21,0.848,146.527,147.376,469564
[CALIB_PROFILE] | 10.0 | | 10.0 **10.0**1713,33,0.888,148.196,149.084,469597
[CALIB_PROFILE] | 10.0 | | 10.0 **10.0**1714,63,0.821,153.042,153.864,469660
[CALIB_PROFILE] | 10.0 | | 10.0 **10.0**1715,149,0.829,171.775,172.605,469809
[CALIB_PROFILE] | 10.0 | | 10.0 **10.0**1716,44,0.819,149.925,150.745,469853
[CALIB_PROFILE] | 10.0 | | 10.0 **10.0**1717,27,0.831,147.344,148.176,469880
[CALIB_PROFILE] | 10.0 | | 10.0 **10.0**1718,57,0.852,152.020,152.872,469937
[CALIB_PROFILE] | 10.0 | | 10.0 **10.0**1719,405,0.856,369.374,370.231,470342
[CALIB_PROFILE] | 10.0 | | 10.0 **10.0**1720,90,0.834,158.311,159.146,470432
[CALIB_PROFILE] | 10.0 | | 10.0 **10.0**1721,508,0.784,398.592,399.376,470940
[CALIB_PROFILE] | 10.0 | | 10.0 **10.0**1722,508,0.909,398.560,399.470,471448
[CALIB_PROFILE] | 10.0 | | 10.0 **10.0**1723,79,0.837,155.835,156.672,471527
[CALIB_PROFILE] | 10.0 | | 10.0 **10.0**1724,86,0.790,157.271,158.061,471613
[CALIB_PROFILE] | 10.0 | | 10.0 **10.0**1725,508,0.829,398.552,399.382,472121
[CALIB_PROFILE] | 10.0 | | 10.0 **10.0**1726,508,0.860,398.554,399.415,472629
[CALIB_PROFILE] | 10.0 | | 10.0 **10.0**1727,230,0.813,193.005,193.818,472859
[CALIB_PROFILE] | 10.0 | | 10.0 **10.0**1728,15,0.883,145.758,146.641,472874
[CALIB_PROFILE] | 10.0 | | 10.0 **10.0**1729,6,0.968,144.648,145.616,472880
[CALIB_PROFILE] | 10.0 | | 10.0 **10.0**1730,100,0.889,160.690,161.579,472980
[CALIB_PROFILE] | 10.0 | | 10.0 **10.0**1731,7,0.828,144.836,145.664,472987
[CALIB_PROFILE] | 10.0 | | 10.0 **10.0**1732,23,0.798,146.758,147.557,473010
[CALIB_PROFILE] | 10.0 | | 10.0 **10.0**1733,54,0.787,151.432,152.219,473064
[CALIB_PROFILE] | 10.0 | | 10.0 **10.0**1734,6,0.830,144.681,145.511,473070
[CALIB_PROFILE] | 10.0 | | 10.0 **10.0**1735,28,0.850,147.507,148.357,473098
[CALIB_PROFILE] | 10.0 | | 10.0 **10.0**1736,20,0.878,146.391,147.270,473118
[CALIB_PROFILE] | 10.0 | | 10.0 **10.0**1737,18,0.836,146.081,146.918,473136
[CALIB_PROFILE] | 10.0 | | 10.0 **10.0**1738,23,0.824,146.788,147.613,473159
[CALIB_PROFILE] | 10.0 | | 10.0 **10.0**1739,18,0.797,146.083,146.880,473177
[CALIB_PROFILE] | 10.0 | | 10.0 **10.0**1740,6,0.781,144.651,145.432,473183
[CALIB_PROFILE] | 10.0 | | 10.0 **10.0**1741,50,0.801,150.812,151.613,473233
[CALIB_PROFILE] | 10.0 | | 10.0 **10.0**1742,23,0.856,146.780,147.637,473256
[CALIB_PROFILE] | 10.0 | | 10.0 **10.0**1743,508,0.887,398.535,399.422,473764
[CALIB_PROFILE] | 10.0 | | 10.0 **10.0**1744,508,0.813,398.601,399.415,474272
[CALIB_PROFILE] | 10.0 | | 10.0 **10.0**1745,508,0.851,398.654,399.505,474780
[CALIB_PROFILE] | 10.0 | | 10.0 **10.0**1746,508,0.846,398.569,399.415,475288
[CALIB_PROFILE] | 10.0 | | 10.0 **10.0**1747,508,0.812,398.412,399.224,475796
[CALIB_PROFILE] | 10.0 | | 10.0 **10.0**1748,508,0.845,398.634,399.479,476304
[CALIB_PROFILE] | 10.0 | | 10.0 **10.0**1749,508,0.809,398.563,399.372,476812
[CALIB_PROFILE] | 10.0 | | 10.0 **10.0**1750,43,0.961,149.776,150.737,476855
[CALIB_PROFILE] | 10.0 | | 10.0 **10.0**1751,499,0.875,395.623,396.498,477354
[CALIB_PROFILE] | 10.0 | | 10.0 **10.0**1752,56,0.811,151.730,152.541,477410
[CALIB_PROFILE] | 10.0 | | 10.0 **10.0**1753,36,0.850,148.603,149.454,477446
[CALIB_PROFILE] | 10.0 | | 10.0 **10.0**1754,57,1.095,151.936,153.031,477503
[CALIB_PROFILE] | 10.0 | | 10.0 **10.0**1755,508,0.885,398.508,399.394,478011
[CALIB_PROFILE] | 10.0 | | 10.0 **10.0**1756,508,0.818,398.509,399.328,478519
[CALIB_PROFILE] | 10.0 | | 10.0 **10.0**1757,508,0.844,398.478,399.322,479027
[CALIB_PROFILE] | 10.0 | | 10.0 **10.0**1758,508,0.855,398.497,399.353,479535
[CALIB_PROFILE] | 10.0 | | 10.0 **10.0**1759,508,0.848,398.673,399.521,480043
[CALIB_PROFILE] | 10.0 | | 10.0 **10.0**1760,508,0.844,398.535,399.380,480551
[CALIB_PROFILE] | 10.0 | | 10.0 **10.0**1761,508,0.899,398.446,399.346,481059
[CALIB_PROFILE] | 10.0 | | 10.0 **10.0**1762,508,0.838,398.478,399.315,481567
[CALIB_PROFILE] | 10.0 | | 10.0 **10.0**1763,508,0.816,398.505,399.321,482075
[CALIB_PROFILE] | 10.0 | | 10.0 **10.0**1764,508,0.875,398.480,399.355,482583
[CALIB_PROFILE] | 10.0 | | 10.0 **10.0**1765,508,0.824,398.473,399.297,483091
[CALIB_PROFILE] | 10.0 | | 10.0 **10.0**1766,508,0.844,398.508,399.353,483599
[CALIB_PROFILE] | 10.0 | | 10.0 **10.0**1767,508,0.831,398.491,399.323,484107
[CALIB_PROFILE] | 10.0 | | 10.0 **10.0**1768,508,0.871,398.572,399.444,484615
[CALIB_PROFILE] | 10.0 | | 10.0 **10.0**1769,508,0.850,398.533,399.383,485123
[CALIB_PROFILE] | 10.0 | | 10.0 **10.0**1770,508,0.822,398.529,399.352,485631
[CALIB_PROFILE] | 10.0 | | 10.0 **10.0**1771,508,0.870,398.520,399.390,486139
[CALIB_PROFILE] | 10.0 | | 10.0 **10.0**1772,172,0.815,177.924,178.739,486311
[CALIB_PROFILE] | 10.0 | | 10.0 **10.0**1773,508,0.893,398.495,399.388,486819
[CALIB_PROFILE] | 10.0 | | 10.0 **10.0**1774,34,0.864,148.334,149.198,486853
[CALIB_PROFILE] | 10.0 | | 10.0 **10.0**1775,508,0.804,398.429,399.233,487361
[CALIB_PROFILE] | 10.0 | | 10.0 **10.0**1776,508,0.884,398.631,399.515,487869
[CALIB_PROFILE] | 10.0 | | 10.0 **10.0**1777,508,0.838,398.443,399.281,488377
[CALIB_PROFILE] | 10.0 | | 10.0 **10.0**1778,508,0.859,398.506,399.365,488885
[CALIB_PROFILE] | 10.0 | | 10.0 **10.0**1779,508,0.866,398.342,399.209,489393
[CALIB_PROFILE] | 10.0 | | 10.0 **10.0**1780,508,0.849,398.420,399.270,489901
[CALIB_PROFILE] | 10.0 | | 10.0 **10.0**1781,508,0.903,398.498,399.401,490409
[CALIB_PROFILE] | 10.0 | | 10.0 **10.0**1782,508,0.867,398.452,399.319,490917
[CALIB_PROFILE] | 10.0 | | 10.0 **10.0**1783,508,0.869,398.501,399.371,491425
[CALIB_PROFILE] | 10.0 | | 10.0 **10.0**1784,508,0.909,398.411,399.321,491933
[CALIB_PROFILE] | 10.0 | | 10.0 **10.0**1785,50,0.869,150.787,151.657,491983
[CALIB_PROFILE] | 10.0 | | 10.0 **10.0**1786,508,0.837,398.518,399.355,492491
[CALIB_PROFILE] | 10.0 | | 10.0 **10.0**1787,68,0.854,153.776,154.630,492559
[CALIB_PROFILE] | 10.0 | | 10.0 **10.0**1788,71,0.834,154.310,155.144,492630
[CALIB_PROFILE] | 10.0 | | 10.0 **10.0**1789,47,0.823,150.404,151.228,492677
[CALIB_PROFILE] | 10.0 | | 10.0 **10.0**1790,51,0.752,150.961,151.713,492728
[CALIB_PROFILE] | 10.0 | | 10.0 **10.0**1791,23,0.827,146.796,147.623,492751
[CALIB_PROFILE] | 10.0 | | 10.0 **10.0**1792,219,0.821,189.958,190.780,492970
[CALIB_PROFILE] | 10.0 | | 10.0 **10.0**1793,71,0.829,154.295,155.124,493041
[CALIB_PROFILE] | 10.0 | | 10.0 **10.0**1794,1,0.805,14.267,15.073,493042
[CALIB_PROFILE] | 10.0 | | 10.0 **10.0**1795,5,0.763,144.666,145.429,493047
[CALIB_PROFILE] | 10.0 | | 10.0 **10.0**1796,40,0.759,149.252,150.011,493087
[CALIB_PROFILE] | 10.0 | | 10.0 **10.0**1797,73,0.740,154.669,155.410,493160
[CALIB_PROFILE] | 10.0 | | 10.0 **10.0**1798,26,0.816,147.171,147.987,493186
[CALIB_PROFILE] | 10.0 | | 10.0 **10.0**1799,508,0.816,398.564,399.380,493694
[CALIB_PROFILE] | 10.0 | | 10.0 **10.0**1800,508,0.857,398.382,399.239,494202
[CALIB_PROFILE] | 10.0 | | 10.0 **10.0**1801,508,0.908,398.481,399.390,494710
[CALIB_PROFILE] | 10.0 | | 10.0 **10.0**1802,508,0.903,398.354,399.258,495218
[CALIB_PROFILE] | 10.0 | | 10.0 **10.0**1803,508,0.829,398.396,399.226,495726
[CALIB_PROFILE] | 10.0 | | 10.0 **10.0**1804,508,0.893,398.404,399.298,496234
[CALIB_PROFILE] | 10.0 | | 10.0 **10.0**1805,508,0.834,398.538,399.372,496742
[CALIB_PROFILE] | 10.0 | | 10.0 **10.0**1806,18,1.026,146.082,147.109,496760
[CALIB_PROFILE] | 10.0 | | 10.0 **10.0**1807,508,0.832,398.516,399.348,497268
[CALIB_PROFILE] | 10.0 | | 10.0 **10.0**1808,508,0.874,398.328,399.202,497776
[CALIB_PROFILE] | 10.0 | | 10.0 **10.0**1809,508,0.870,398.374,399.244,498284
[CALIB_PROFILE] | 10.0 | | 10.0 **10.0**1810,508,0.869,398.513,399.383,498792
[CALIB_PROFILE] | 10.0 | | 10.0 **10.0**1811,508,0.923,398.506,399.429,499300
[CALIB_PROFILE] | 10.0 | | 10.0 **10.0**1812,508,0.862,398.413,399.275,499808
[CALIB_PROFILE] | 10.0 | | 10.0 **10.0**1813,33,0.882,148.166,149.048,499841
[CALIB_PROFILE] | 10.0 | | 10.0 **10.0**1814,508,0.815,398.620,399.435,500349
[CALIB_PROFILE] | 10.0 | | 10.0 **10.0**1815,508,0.909,398.390,399.299,500857
[CALIB_PROFILE] | 10.0 | | 10.0 **10.0**1816,83,0.895,156.563,157.459,500940
[CALIB_PROFILE] | 10.0 | | 10.0 **10.0**1817,22,0.889,146.642,147.532,500962
[CALIB_PROFILE] | 10.0 | | 10.0 **10.0**1818,53,0.859,151.270,152.129,501015
[CALIB_PROFILE] | 10.0 | | 10.0 **10.0**1819,508,0.795,398.456,399.251,501523
[CALIB_PROFILE] | 10.0 | | 10.0 **10.0**1820,220,0.844,190.084,190.929,501743
[CALIB_PROFILE] | 10.0 | | 10.0 **10.0**1821,508,0.902,398.523,399.425,502251
[CALIB_PROFILE] | 10.0 | | 10.0 **10.0**1822,16,0.909,145.834,146.743,502267
[CALIB_PROFILE] | 10.0 | | 10.0 **10.0**1823,508,0.772,398.548,399.321,502775
[CALIB_PROFILE] | 10.0 | | 10.0 **10.0**1824,319,0.954,348.885,349.839,503094
[CALIB_PROFILE] | 10.0 | | 10.0 **10.0**1825,508,0.901,398.287,399.189,503602
[CALIB_PROFILE] | 10.0 | | 10.0 **10.0**1826,508,0.878,398.513,399.391,504110
[CALIB_PROFILE] | 10.0 | | 10.0 **10.0**1827,508,0.910,398.398,399.308,504618
[CALIB_PROFILE] | 10.0 | | 10.0 **10.0**1828,508,0.861,398.308,399.169,505126
[CALIB_PROFILE] | 10.0 | | 10.0 **10.0**1829,508,0.869,398.404,399.273,505634
[CALIB_PROFILE] | 10.0 | | 10.0 **10.0**1830,508,0.821,398.363,399.185,506142
[CALIB_PROFILE] | 10.0 | | 10.0 **10.0**1831,508,0.807,398.373,399.180,506650
[CALIB_PROFILE] | 10.0 | | 10.0 **10.0**1832,508,0.880,398.544,399.425,507158
[CALIB_PROFILE] | 10.0 | | 10.0 **10.0**1833,508,0.928,398.533,399.462,507666
[CALIB_PROFILE] | 10.0 | | 10.0 **10.0**1834,508,0.926,398.464,399.390,508174
[CALIB_PROFILE] | 10.0 | | 10.0 **10.0**1835,508,0.954,398.634,399.589,508682
[CALIB_PROFILE] | 10.0 | | 10.0 **10.0**1836,29,0.898,147.581,148.479,508711
[CALIB_PROFILE] | 10.0 | | 10.0 **10.0**1837,21,0.865,146.522,147.387,508732
[CALIB_PROFILE] | 10.0 | | 10.0 **10.0**1838,508,0.936,398.400,399.336,509240
[CALIB_PROFILE] | 10.0 | | 10.0 **10.0**1839,55,1.038,151.587,152.625,509295
[CALIB_PROFILE] | 10.0 | | 10.0 **10.0**1840,508,0.816,398.424,399.240,509803
[CALIB_PROFILE] | 10.0 | | 10.0 **10.0**1841,508,0.940,398.555,399.496,510311
[CALIB_PROFILE] | 10.0 | | 10.0 **10.0**1842,508,0.936,398.523,399.459,510819
[CALIB_PROFILE] | 10.0 | | 10.0 **10.0**1843,457,1.051,383.312,384.363,511276
[CALIB_PROFILE] | 10.0 | | 10.0 **10.0**1844,508,0.925,398.574,399.500,511784
[CALIB_PROFILE] | 10.0 | | 10.0 **10.0**1845,10,0.901,145.158,146.059,511794
[CALIB_PROFILE] | 10.0 | | 10.0 **10.0**1846,40,0.889,149.292,150.182,511834
[CALIB_PROFILE] | 10.0 | | 10.0 **10.0**1847,20,0.889,146.388,147.278,511854
[CALIB_PROFILE] | 10.0 | | 10.0 **10.0**1848,13,0.905,145.529,146.435,511867
[CALIB_PROFILE] | 10.0 | | 10.0 **10.0**1849,1,0.898,14.233,15.132,511868
[CALIB_PROFILE] | 10.0 | | 10.0 **10.0**1850,6,0.782,144.649,145.431,511874
[CALIB_PROFILE] | 10.0 | | 10.0 **10.0**1851,129,0.864,166.771,167.635,512003
[CALIB_PROFILE] | 10.0 | | 10.0 **10.0**1852,1,0.883,14.279,15.163,512004
[CALIB_PROFILE] | 10.0 | | 10.0 **10.0**1853,12,0.791,145.387,146.178,512016
[CALIB_PROFILE] | 10.0 | | 10.0 **10.0**1854,99,0.895,160.540,161.436,512115
[CALIB_PROFILE] | 10.0 | | 10.0 **10.0**1855,90,0.872,158.207,159.079,512205
[CALIB_PROFILE] | 10.0 | | 10.0 **10.0**1856,43,0.883,149.777,150.660,512248
[CALIB_PROFILE] | 10.0 | | 10.0 **10.0**1857,30,0.899,147.746,148.645,512278
[CALIB_PROFILE] | 10.0 | | 10.0 **10.0**1858,1,0.890,14.283,15.174,512279
[CALIB_PROFILE] | 10.0 | | 10.0 **10.0**1859,9,0.772,145.045,145.818,512288
[CALIB_PROFILE] | 10.0 | | 10.0 **10.0**1860,12,0.973,145.405,146.379,512300
[CALIB_PROFILE] | 10.0 | | 10.0 **10.0**1861,114,0.861,164.182,165.043,512414
[CALIB_PROFILE] | 10.0 | | 10.0 **10.0**1862,46,0.873,150.235,151.109,512460
[CALIB_PROFILE] | 10.0 | | 10.0 **10.0**1863,1,0.875,14.296,15.172,512461
[CALIB_PROFILE] | 10.0 | | 10.0 **10.0**1864,9,0.779,144.889,145.668,512470
[CALIB_PROFILE] | 10.0 | | 10.0 **10.0**1865,89,0.889,158.118,159.008,512559
[CALIB_PROFILE] | 10.0 | | 10.0 **10.0**1866,13,0.896,145.537,146.434,512572
[CALIB_PROFILE] | 10.0 | | 10.0 **10.0**1867,167,0.897,176.712,177.609,512739
[CALIB_PROFILE] | 10.0 | | 10.0 **10.0**1868,70,0.877,154.091,154.968,512809
[CALIB_PROFILE] | 10.0 | | 10.0 **10.0**1869,75,0.850,155.037,155.887,512884
[CALIB_PROFILE] | 10.0 | | 10.0 **10.0**1870,71,0.836,154.299,155.136,512955
[CALIB_PROFILE] | 10.0 | | 10.0 **10.0**1871,1,0.837,14.289,15.126,512956
[CALIB_PROFILE] | 10.0 | | 10.0 **10.0**1872,10,0.747,145.168,145.915,512966
[CALIB_PROFILE] | 10.0 | | 10.0 **10.0**1873,61,0.826,152.664,153.491,513027
[CALIB_PROFILE] | 10.0 | | 10.0 **10.0**1874,58,0.829,152.219,153.048,513085
[CALIB_PROFILE] | 10.0 | | 10.0 **10.0**1875,69,0.875,153.950,154.826,513154
[CALIB_PROFILE] | 10.0 | | 10.0 **10.0**1876,64,0.889,153.170,154.060,513218
[CALIB_PROFILE] | 10.0 | | 10.0 **10.0**1877,1,0.841,14.320,15.162,513219
[CALIB_PROFILE] | 10.0 | | 10.0 **10.0**1878,6,0.753,144.688,145.441,513225
[CALIB_PROFILE] | 10.0 | | 10.0 **10.0**1879,108,0.830,162.785,163.615,513333
[CALIB_PROFILE] | 10.0 | | 10.0 **10.0**1880,1,0.833,14.290,15.124,513334
[CALIB_PROFILE] | 10.0 | | 10.0 **10.0**1881,58,0.753,152.182,152.935,513392
[CALIB_PROFILE] | 10.0 | | 10.0 **10.0**1882,508,0.877,398.500,399.378,513900
[CALIB_PROFILE] | 10.0 | | 10.0 **10.0**1883,508,0.897,398.464,399.361,514408
[CALIB_PROFILE] | 10.0 | | 10.0 **10.0**1884,508,0.884,398.565,399.449,514916
[CALIB_PROFILE] | 10.0 | | 10.0 **10.0**1885,508,0.892,398.564,399.456,515424
[CALIB_PROFILE] | 10.0 | | 10.0 **10.0**1886,508,0.874,398.688,399.563,515932
[CALIB_PROFILE] | 10.0 | | 10.0 **10.0**1887,508,0.863,398.474,399.338,516440
[CALIB_PROFILE] | 10.0 | | 10.0 **10.0**1888,508,0.938,398.631,399.569,516948
[CALIB_PROFILE] | 10.0 | | 10.0 **10.0**1889,508,0.927,398.584,399.512,517456
[CALIB_PROFILE] | 10.0 | | 10.0 **10.0**1890,508,0.926,398.674,399.601,517964
[CALIB_PROFILE] | 10.0 | | 10.0 **10.0**1891,508,0.931,398.459,399.390,518472
[CALIB_PROFILE] | 10.0 | | 10.0 **10.0**1892,508,0.937,398.547,399.484,518980
[CALIB_PROFILE] | 10.0 | | 10.0 **10.0**1893,508,0.949,398.526,399.476,519488
[CALIB_PROFILE] | 10.0 | | 10.0 **10.0**1894,508,0.918,398.579,399.497,519996
[CALIB_PROFILE] | 10.0 | | 10.0 **10.0**1895,508,0.927,398.450,399.378,520504
[CALIB_PROFILE] | 10.0 | | 10.0 **10.0**1896,508,0.897,398.689,399.586,521012
[CALIB_PROFILE] | 10.0 | | 10.0 **10.0**1897,508,0.950,398.456,399.406,521520
[CALIB_PROFILE] | 10.0 | | 10.0 **10.0**1898,508,0.930,398.528,399.459,522028
[CALIB_PROFILE] | 10.0 | | 10.0 **10.0**1899,508,0.895,398.602,399.498,522536
[CALIB_PROFILE] | 10.0 | | 10.0 **10.0**1900,508,0.926,398.523,399.450,523044
[CALIB_PROFILE] | 10.0 | | 10.0 **10.0**1901,508,0.926,398.538,399.465,523552
[CALIB_PROFILE] | 10.0 | | 10.0 **10.0**1902,508,0.902,398.659,399.562,524060
[CALIB_PROFILE] | 10.0 | | 10.0 **10.0**1903,508,0.898,398.621,399.519,524568
[CALIB_PROFILE] | 10.0 | | 10.0 **10.0**1904,25,0.898,147.049,147.948,524593
[CALIB_PROFILE] | 10.0 | | 10.0 **10.0**1905,45,0.881,150.112,150.993,524638
[CALIB_PROFILE] | 10.0 | | 10.0 **10.0**1906,6,0.868,144.701,145.569,524644
[CALIB_PROFILE] | 10.0 | | 10.0 **10.0**1907,160,0.888,174.703,175.591,524804
[CALIB_PROFILE] | 10.0 | | 10.0 **10.0**1908,90,0.891,158.284,159.176,524894
[CALIB_PROFILE] | 10.0 | | 10.0 **10.0**1909,43,0.898,149.810,150.708,524937
[CALIB_PROFILE] | 10.0 | | 10.0 **10.0**1910,21,0.879,146.531,147.411,524958
[CALIB_PROFILE] | 10.0 | | 10.0 **10.0**1911,114,0.871,164.202,165.074,525072
[CALIB_PROFILE] | 10.0 | | 10.0 **10.0**1912,104,0.889,161.795,162.685,525176
[CALIB_PROFILE] | 10.0 | | 10.0 **10.0**1913,118,0.858,165.223,166.082,525294
[CALIB_PROFILE] | 10.0 | | 10.0 **10.0**1914,130,0.821,166.875,167.697,525424
[CALIB_PROFILE] | 10.0 | | 10.0 **10.0**1915,49,0.763,150.667,151.430,525473
[CALIB_PROFILE] | 10.0 | | 10.0 **10.0**1916,4,0.765,144.525,145.291,525477
[CALIB_PROFILE] | 10.0 | | 10.0 **10.0**1917,4,0.750,144.545,145.295,525481
[CALIB_PROFILE] | 10.0 | | 10.0 **10.0**1918,218,0.765,189.579,190.344,525699
[CALIB_PROFILE] | 10.0 | | 10.0 **10.0**1919,508,0.835,398.670,399.505,526207
[CALIB_PROFILE] | 10.0 | | 10.0 **10.0**1920,508,0.929,398.593,399.523,526715
[CALIB_PROFILE] | 10.0 | | 10.0 **10.0**1921,265,0.900,340.691,341.592,526980
[CALIB_PROFILE] | 10.0 | | 10.0 **10.0**1922,508,0.818,398.512,399.331,527488
[CALIB_PROFILE] | 10.0 | | 10.0 **10.0**1923,508,0.766,398.531,399.297,527996
[CALIB_PROFILE] | 10.0 | | 10.0 **10.0**1924,508,0.753,398.548,399.301,528504
[CALIB_PROFILE] | 10.0 | | 10.0 **10.0**1925,508,0.778,398.450,399.229,529012
[CALIB_PROFILE] | 10.0 | | 10.0 **10.0**1926,86,0.779,157.291,158.070,529098
[CALIB_PROFILE] | 10.0 | | 10.0 **10.0**1927,33,0.720,148.213,148.934,529131
[CALIB_PROFILE] | 10.0 | | 10.0 **10.0**1928,5,0.717,144.646,145.363,529136
[CALIB_PROFILE] | 10.0 | | 10.0 **10.0**1929,188,0.710,181.891,182.601,529324
[CALIB_PROFILE] | 10.0 | | 10.0 **10.0**1930,6,0.708,144.671,145.379,529330
[CALIB_PROFILE] | 10.0 | | 10.0 **10.0**1931,146,0.721,170.904,171.626,529476
[CALIB_PROFILE] | 10.0 | | 10.0 **10.0**1932,4,0.733,144.527,145.260,529480
[CALIB_PROFILE] | 10.0 | | 10.0 **10.0**1933,33,0.721,148.223,148.945,529513
[CALIB_PROFILE] | 10.0 | | 10.0 **10.0**1934,49,0.822,150.666,151.488,529562
[CALIB_PROFILE] | 10.0 | | 10.0 **10.0**1935,3,0.713,47.374,48.088,529565
[CALIB_PROFILE] | 10.0 | | 10.0 **10.0**1936,44,0.730,149.985,150.715,529609
[CALIB_PROFILE] | 10.0 | | 10.0 **10.0**1937,6,0.729,144.651,145.380,529615
[CALIB_PROFILE] | 10.0 | | 10.0 **10.0**1938,95,0.701,159.726,160.428,529710
[CALIB_PROFILE] | 10.0 | | 10.0 **10.0**1939,508,0.710,398.389,399.100,530218
[CALIB_PROFILE] | 10.0 | | 10.0 **10.0**1940,508,0.712,398.472,399.184,530726
[CALIB_PROFILE] | 10.0 | | 10.0 **10.0**1941,508,0.712,398.606,399.318,531234
[CALIB_PROFILE] | 10.0 | | 10.0 **10.0**1942,508,0.881,398.577,399.458,531742
[CALIB_PROFILE] | 10.0 | | 10.0 **10.0**1943,508,0.731,398.645,399.376,532250
[CALIB_PROFILE] | 10.0 | | 10.0 **10.0**1944,508,0.703,398.481,399.184,532758
[CALIB_PROFILE] | 10.0 | | 10.0 **10.0**1945,508,0.721,398.720,399.441,533266
[CALIB_PROFILE] | 10.0 | | 10.0 **10.0**1946,41,0.694,149.534,150.229,533307
[CALIB_PROFILE] | 10.0 | | 10.0 **10.0**1947,36,0.699,148.577,149.276,533343
[CALIB_PROFILE] | 10.0 | | 10.0 **10.0**1948,508,0.699,398.473,399.172,533851
[CALIB_PROFILE] | 10.0 | | 10.0 **10.0**1949,24,0.717,146.947,147.665,533875
[CALIB_PROFILE] | 10.0 | | 10.0 **10.0**1950,508,0.729,398.515,399.244,534383
[CALIB_PROFILE] | 10.0 | | 10.0 **10.0**1951,508,0.691,398.586,399.278,534891
[CALIB_PROFILE] | 10.0 | | 10.0 **10.0**1952,508,0.708,398.583,399.291,535399
[CALIB_PROFILE] | 10.0 | | 10.0 **10.0**1953,508,0.704,398.463,399.167,535907
[CALIB_PROFILE] | 10.0 | | 10.0 **10.0**1954,508,0.693,398.529,399.223,536415
[CALIB_PROFILE] | 10.0 | | 10.0 **10.0**1955,508,0.718,398.481,399.200,536923
[CALIB_PROFILE] | 10.0 | | 10.0 **10.0**1956,61,0.705,152.668,153.373,536984
[CALIB_PROFILE] | 10.0 | | 10.0 **10.0**1957,508,0.695,398.514,399.210,537492
[CALIB_PROFILE] | 10.0 | | 10.0 **10.0**1958,508,0.703,398.569,399.273,538000
[CALIB_PROFILE] | 10.0 | | 10.0 **10.0**1959,508,0.695,398.445,399.140,538508
[CALIB_PROFILE] | 10.0 | | 10.0 **10.0**1960,508,0.704,398.703,399.407,539016
[CALIB_PROFILE] | 10.0 | | 10.0 **10.0**1961,11,0.703,145.278,145.982,539027
[CALIB_PROFILE] | 10.0 | | 10.0 **10.0**1962,49,0.724,150.645,151.369,539076
[CALIB_PROFILE] | 10.0 | | 10.0 **10.0**1963,46,0.693,150.215,150.908,539122
[CALIB_PROFILE] | 10.0 | | 10.0 **10.0**1964,32,0.706,148.025,148.731,539154
[CALIB_PROFILE] | 10.0 | | 10.0 **10.0**1965,25,0.687,147.065,147.752,539179
[CALIB_PROFILE] | 10.0 | | 10.0 **10.0**1966,508,0.721,398.524,399.245,539687
[CALIB_PROFILE] | 10.0 | | 10.0 **10.0**1967,508,0.712,398.519,399.232,540195
[CALIB_PROFILE] | 10.0 | | 10.0 **10.0**1968,61,0.696,152.664,153.361,540256
total | 10.0 | | 10.0 **10.0**calibration | 10.0 | | 10.0 **10.0**samples: | 10.0 | | 10.0 **10.0**540256 | 10.0 | | 10.0 **10.0**tokens | 10.0 | | 10.0 **10.0**× | 10.0 | | 10.0 **10.0**FA | 10.0 | | 10.0 **10.0**layers
[CALIB_PROFILE] | 10.0 | | 10.0 **10.0**SUMMARY | 10.0 | | 10.0 **10.0**total_tokens=540256 | 10.0 | | 10.0 **10.0**loop_ms=533945.7 | 10.0 | | 10.0 **10.0**finalize_ms=17.4 | 10.0 | | 10.0 **10.0**effective_tok_per_sec=1011.8
saved | 10.0 | | 10.0 **10.0**sidecar: | 10.0 | | 10.0 **10.0**models/qwen3.6-27b/qwen3.6-27b.mq4.triattn.blended_v3.bin
Mean | 10.0 | | 10.0 **10.0**Resultant | 10.0 | | 10.0 **10.0**Length | 10.0 | | 10.0 **10.0**R_f | 10.0 | | 10.0 **10.0**across | 10.0 | | 10.0 **10.0**all | 10.0 | | 10.0 **10.0**(layer, | 10.0 | | 10.0 **10.0**head, | 10.0 | | 10.0 **10.0**band): | 10.0 | | 10.0 **10.0**mean=0.464, | 10.0 | | 10.0 **10.0**median=0.427, | 10.0 | | 10.0 **10.0**3.7% | 10.0 | | 10.0 **10.0**> | 10.0 | | 10.0 **10.0**0.95
paper | 10.0 | | 10.0 **10.0**target: | 10.0 | | 10.0 **10.0**~90% | 10.0 | | 10.0 **10.0**of | 10.0 | | 10.0 **10.0**heads | 10.0 | | 10.0 **10.0**R | 10.0 | | 10.0 **10.0**> | 10.0 | | 10.0 **10.0**0.95 | 10.0 | | 10.0 **10.0**(Figure | 10.0 | | 10.0 **10.0**2C)
note: | 10.0 | | 10.0 **10.0**R_f | 10.0 | | 10.0 **10.0**is | 10.0 | | 10.0 **10.0**validation-prompt-INDEPENDENT | 10.0 | | 10.0 **10.0**(a | 10.0 | | 10.0 **10.0**plus) | 10.0 | | 10.0 **10.0**but | 10.0 | | 10.0 **10.0**has | 10.0 | | 10.0 **10.0**LOW | 10.0 | | 10.0 **10.0**DYNAMIC | 10.0 | | 10.0 **10.0**RANGE | 10.0 | | 10.0 **10.0**— | 10.0 | | 10.0 **10.0**empirically | 10.0 | | 10.0 **10.0**on | 10.0 | | 10.0 **10.0**qwen3.5-9b, | 10.0 | | 10.0 **10.0**calibration | 10.0 | | 10.0 **10.0**corpora | 10.0 | | 10.0 **10.0**of | 10.0 | | 10.0 **10.0**20k | 10.0 | | 10.0 **10.0**/ | 10.0 | | 10.0 **10.0**50k | 10.0 | | 10.0 **10.0**/ | 10.0 | | 10.0 **10.0**100k | 10.0 | | 10.0 **10.0**Wikipedia | 10.0 | | 10.0 **10.0**tokens | 10.0 | | 10.0 **10.0**all | 10.0 | | 10.0 **10.0**land | 10.0 | | 10.0 **10.0**at | 10.0 | | 10.0 **10.0**R_f≈0.74 | 10.0 | | 10.0 **10.0**despite | 10.0 | | 10.0 **10.0**the | 10.0 | | 10.0 **10.0**5× | 10.0 | | 10.0 **10.0**size | 10.0 | | 10.0 **10.0**difference. | 10.0 | | 10.0 **10.0**Treat | 10.0 | | 10.0 **10.0**R_f | 10.0 | | 10.0 **10.0**as | 10.0 | | 10.0 **10.0**a | 10.0 | | 10.0 **10.0**floor | 10.0 | | 10.0 **10.0**check | 10.0 | | 10.0 **10.0**(is | 10.0 | | 10.0 **10.0**aggregation | 10.0 | | 10.0 **10.0**converging | 10.0 | | 10.0 **10.0**at | 10.0 | | 10.0 **10.0**all?), | 10.0 | | 10.0 **10.0**not | 10.0 | | 10.0 **10.0**as | 10.0 | | 10.0 **10.0**a | 10.0 | | 10.0 **10.0**ranking | 10.0 | | 10.0 **10.0**metric.
validation: | 10.0 | | 10.0 **10.0**27 | 10.0 | | 10.0 **10.0**tokens
layer | 10.0 | | 10.0 **10.0** | 10.0 | | 10.0 **10.0**3: | 10.0 | | 10.0 **10.0**r̄=0.661 | 10.0 | | 10.0 **10.0** | 10.0 | | 10.0 **10.0**[0.357, | 10.0 | | 10.0 **10.0**0.955] | 10.0 | | 10.0 **10.0** | 10.0 | | 10.0 **10.0**79% | 10.0 | | 10.0 **10.0**of | 10.0 | | 10.0 **10.0**heads | 10.0 | | 10.0 **10.0**> | 10.0 | | 10.0 **10.0**0.5
layer | 10.0 | | 10.0 **10.0** | 10.0 | | 10.0 **10.0**7: | 10.0 | | 10.0 **10.0**r̄=0.698 | 10.0 | | 10.0 **10.0** | 10.0 | | 10.0 **10.0**[0.110, | 10.0 | | 10.0 **10.0**0.958] | 10.0 | | 10.0 **10.0** | 10.0 | | 10.0 **10.0**83% | 10.0 | | 10.0 **10.0**of | 10.0 | | 10.0 **10.0**heads | 10.0 | | 10.0 **10.0**> | 10.0 | | 10.0 **10.0**0.5
layer | 10.0 | | 10.0 **10.0**11: | 10.0 | | 10.0 **10.0**r̄=0.581 | 10.0 | | 10.0 **10.0** | 10.0 | | 10.0 **10.0**[0.137, | 10.0 | | 10.0 **10.0**0.904] | 10.0 | | 10.0 **10.0** | 10.0 | | 10.0 **10.0**75% | 10.0 | | 10.0 **10.0**of | 10.0 | | 10.0 **10.0**heads | 10.0 | | 10.0 **10.0**> | 10.0 | | 10.0 **10.0**0.5
layer | 10.0 | | 10.0 **10.0**15: | 10.0 | | 10.0 **10.0**r̄=0.649 | 10.0 | | 10.0 **10.0** | 10.0 | | 10.0 **10.0**[0.174, | 10.0 | | 10.0 **10.0**0.883] | 10.0 | | 10.0 **10.0** | 10.0 | | 10.0 **10.0**83% | 10.0 | | 10.0 **10.0**of | 10.0 | | 10.0 **10.0**heads | 10.0 | | 10.0 **10.0**> | 10.0 | | 10.0 **10.0**0.5
layer | 10.0 | | 10.0 **10.0**19: | 10.0 | | 10.0 **10.0**r̄=0.611 | 10.0 | | 10.0 **10.0** | 10.0 | | 10.0 **10.0**[0.058, | 10.0 | | 10.0 **10.0**0.836] | 10.0 | | 10.0 **10.0** | 10.0 | | 10.0 **10.0**79% | 10.0 | | 10.0 **10.0**of | 10.0 | | 10.0 **10.0**heads | 10.0 | | 10.0 **10.0**> | 10.0 | | 10.0 **10.0**0.5
layer | 10.0 | | 10.0 **10.0**23: | 10.0 | | 10.0 **10.0**r̄=0.559 | 10.0 | | 10.0 **10.0** | 10.0 | | 10.0 **10.0**[0.059, | 10.0 | | 10.0 **10.0**0.846] | 10.0 | | 10.0 **10.0** | 10.0 | | 10.0 **10.0**67% | 10.0 | | 10.0 **10.0**of | 10.0 | | 10.0 **10.0**heads | 10.0 | | 10.0 **10.0**> | 10.0 | | 10.0 **10.0**0.5
layer | 10.0 | | 10.0 **10.0**27: | 10.0 | | 10.0 **10.0**r̄=0.522 | 10.0 | | 10.0 **10.0** | 10.0 | | 10.0 **10.0**[0.087, | 10.0 | | 10.0 **10.0**0.792] | 10.0 | | 10.0 **10.0** | 10.0 | | 10.0 **10.0**67% | 10.0 | | 10.0 **10.0**of | 10.0 | | 10.0 **10.0**heads | 10.0 | | 10.0 **10.0**> | 10.0 | | 10.0 **10.0**0.5
layer | 10.0 | | 10.0 **10.0**31: | 10.0 | | 10.0 **10.0**r̄=0.382 | 10.0 | | 10.0 **10.0** | 10.0 | | 10.0 **10.0**[-0.222, | 10.0 | | 10.0 **10.0**0.814] | 10.0 | | 10.0 **10.0** | 10.0 | | 10.0 **10.0**38% | 10.0 | | 10.0 **10.0**of | 10.0 | | 10.0 **10.0**heads | 10.0 | | 10.0 **10.0**> | 10.0 | | 10.0 **10.0**0.5
layer | 10.0 | | 10.0 **10.0**35: | 10.0 | | 10.0 **10.0**r̄=0.547 | 10.0 | | 10.0 **10.0** | 10.0 | | 10.0 **10.0**[0.131, | 10.0 | | 10.0 **10.0**0.883] | 10.0 | | 10.0 **10.0** | 10.0 | | 10.0 **10.0**62% | 10.0 | | 10.0 **10.0**of | 10.0 | | 10.0 **10.0**heads | 10.0 | | 10.0 **10.0**> | 10.0 | | 10.0 **10.0**0.5
layer | 10.0 | | 10.0 **10.0**39: | 10.0 | | 10.0 **10.0**r̄=0.706 | 10.0 | | 10.0 **10.0** | 10.0 | | 10.0 **10.0**[0.367, | 10.0 | | 10.0 **10.0**0.915] | 10.0 | | 10.0 **10.0** | 10.0 | | 10.0 **10.0**88% | 10.0 | | 10.0 **10.0**of | 10.0 | | 10.0 **10.0**heads | 10.0 | | 10.0 **10.0**> | 10.0 | | 10.0 **10.0**0.5
layer | 10.0 | | 10.0 **10.0**43: | 10.0 | | 10.0 **10.0**r̄=0.415 | 10.0 | | 10.0 **10.0** | 10.0 | | 10.0 **10.0**[-0.367, | 10.0 | | 10.0 **10.0**0.728] | 10.0 | | 10.0 **10.0** | 10.0 | | 10.0 **10.0**46% | 10.0 | | 10.0 **10.0**of | 10.0 | | 10.0 **10.0**heads | 10.0 | | 10.0 **10.0**> | 10.0 | | 10.0 **10.0**0.5
layer | 10.0 | | 10.0 **10.0**47: | 10.0 | | 10.0 **10.0**r̄=0.610 | 10.0 | | 10.0 **10.0** | 10.0 | | 10.0 **10.0**[-0.126, | 10.0 | | 10.0 **10.0**0.838] | 10.0 | | 10.0 **10.0** | 10.0 | | 10.0 **10.0**79% | 10.0 | | 10.0 **10.0**of | 10.0 | | 10.0 **10.0**heads | 10.0 | | 10.0 **10.0**> | 10.0 | | 10.0 **10.0**0.5
layer | 10.0 | | 10.0 **10.0**51: | 10.0 | | 10.0 **10.0**r̄=0.606 | 10.0 | | 10.0 **10.0** | 10.0 | | 10.0 **10.0**[0.075, | 10.0 | | 10.0 **10.0**0.843] | 10.0 | | 10.0 **10.0** | 10.0 | | 10.0 **10.0**71% | 10.0 | | 10.0 **10.0**of | 10.0 | | 10.0 **10.0**heads | 10.0 | | 10.0 **10.0**> | 10.0 | | 10.0 **10.0**0.5
layer | 10.0 | | 10.0 **10.0**55: | 10.0 | | 10.0 **10.0**r̄=0.763 | 10.0 | | 10.0 **10.0** | 10.0 | | 10.0 **10.0**[0.463, | 10.0 | | 10.0 **10.0**0.906] | 10.0 | | 10.0 **10.0** | 10.0 | | 10.0 **10.0**92% | 10.0 | | 10.0 **10.0**of | 10.0 | | 10.0 **10.0**heads | 10.0 | | 10.0 **10.0**> | 10.0 | | 10.0 **10.0**0.5
layer | 10.0 | | 10.0 **10.0**59: | 10.0 | | 10.0 **10.0**r̄=0.797 | 10.0 | | 10.0 **10.0** | 10.0 | | 10.0 **10.0**[0.521, | 10.0 | | 10.0 **10.0**0.941] | 10.0 | | 10.0 **10.0** | 10.0 | | 10.0 **10.0**100% | 10.0 | | 10.0 **10.0**of | 10.0 | | 10.0 **10.0**heads | 10.0 | | 10.0 **10.0**> | 10.0 | | 10.0 **10.0**0.5
layer | 10.0 | | 10.0 **10.0**63: | 10.0 | | 10.0 **10.0**r̄=0.645 | 10.0 | | 10.0 **10.0** | 10.0 | | 10.0 **10.0**[0.139, | 10.0 | | 10.0 **10.0**0.893] | 10.0 | | 10.0 **10.0** | 10.0 | | 10.0 **10.0**79% | 10.0 | | 10.0 **10.0**of | 10.0 | | 10.0 **10.0**heads | 10.0 | | 10.0 **10.0**> | 10.0 | | 10.0 **10.0**0.5

=== | 10.0 | | 10.0 **10.0**overall | 10.0 | | 10.0 **10.0**mean | 10.0 | | 10.0 **10.0**r̄ | 10.0 | | 10.0 **10.0**across | 10.0 | | 10.0 **10.0**FA | 10.0 | | 10.0 **10.0**layers: | 10.0 | | 10.0 **10.0**0.610 | 10.0 | | 10.0 **10.0**===
paper | 10.0 | | 10.0 **10.0**target: | 10.0 | | 10.0 **10.0**≈0.5 | 10.0 | | 10.0 **10.0**(Figure | 10.0 | | 10.0 **10.0**3 | 10.0 | | 10.0 **10.0**mean), | 10.0 | | 10.0 **10.0**per-head | 10.0 | | 10.0 **10.0**0.6-0.9 | 10.0 | | 10.0 **10.0**common; | 10.0 | | 10.0 **10.0**calibration | 10.0 | | 10.0 **10.0**corpus | 10.0 | | 10.0 **10.0**is | 10.0 | | 10.0 **10.0**tiny | 10.0 | | 10.0 **10.0**here
note: | 10.0 | | 10.0 **10.0**r̄ | 10.0 | | 10.0 **10.0**plateaus | 10.0 | | 10.0 **10.0**by | 10.0 | | 10.0 **10.0**~20k | 10.0 | | 10.0 **10.0**calibration | 10.0 | | 10.0 **10.0**tokens | 10.0 | | 10.0 **10.0**under | 10.0 | | 10.0 **10.0**running-mean | 10.0 | | 10.0 **10.0**aggregation | 10.0 | | 10.0 **10.0**— | 10.0 | | 10.0 **10.0**more | 10.0 | | 10.0 **10.0**data | 10.0 | | 10.0 **10.0**does | 10.0 | | 10.0 **10.0**NOT | 10.0 | | 10.0 **10.0**improve | 10.0 | | 10.0 **10.0**r̄ | 10.0 | | 10.0 **10.0**past | 10.0 | | 10.0 **10.0**that | 10.0 | | 10.0 **10.0**point. | 10.0 | | 10.0 **10.0**r̄ | 10.0 | | 10.0 **10.0**is | 10.0 | | 10.0 **10.0**also | 10.0 | | 10.0 **10.0**validation-prompt-dependent; | 10.0 | | 10.0 **10.0**for | 10.0 | | 10.0 **10.0**sidecar | 10.0 | | 10.0 **10.0**quality | 10.0 | | 10.0 **10.0**decisions, | 10.0 | | 10.0 **10.0**validate | 10.0 | | 10.0 **10.0**against | 10.0 | | 10.0 **10.0**a | 10.0 | | 10.0 **10.0**downstream | 10.0 | | 10.0 **10.0**long-context | 10.0 | | 10.0 **10.0**recall | 10.0 | | 10.0 **10.0**test | 10.0 | | 10.0 **10.0**rather | 10.0 | | 10.0 **10.0**than | 10.0 | | 10.0 **10.0**this | 10.0 | | 10.0 **10.0**number | 10.0 | | 10.0 **10.0**alone.
